Problem,Package,File,Priority,Line,Description,Rule set,Rule
1,org.mockito,dataset\projects\mockito\mockito-core\src\main\java\org\mockito\AdditionalAnswers.java,3,5,A value of 22 may denote a high amount of coupling within the class (threshold: 20),Design,CouplingBetweenObjects
2,org.mockito,dataset\projects\mockito\mockito-core\src\main\java\org\mockito\AdditionalAnswers.java,3,42,"This class has too many methods, consider refactoring it.",Design,TooManyMethods
1,org.mockito,dataset\projects\mockito\mockito-core\src\main\java\org\mockito\AdditionalMatchers.java,3,41,"Possible God Class (WMC=70, ATFD=28, TCC=0.000%)",Design,GodClass
2,org.mockito,dataset\projects\mockito\mockito-core\src\main\java\org\mockito\AdditionalMatchers.java,3,41,"This class has too many methods, consider refactoring it.",Design,TooManyMethods
1,org.mockito,dataset\projects\mockito\mockito-core\src\main\java\org\mockito\ArgumentMatchers.java,3,5,A value of 32 may denote a high amount of coupling within the class (threshold: 20),Design,CouplingBetweenObjects
2,org.mockito,dataset\projects\mockito\mockito-core\src\main\java\org\mockito\ArgumentMatchers.java,3,115,"This class has too many methods, consider refactoring it.",Design,TooManyMethods
1,org.mockito,dataset\projects\mockito\mockito-core\src\main\java\org\mockito\BDDMockito.java,3,82,"This class has too many methods, consider refactoring it.",Design,TooManyMethods
1,org.mockito,dataset\projects\mockito\mockito-core\src\main\java\org\mockito\MockSettings.java,3,50,"This class has too many methods, consider refactoring it.",Design,TooManyMethods
1,org.mockito,dataset\projects\mockito\mockito-core\src\main\java\org\mockito\Mockito.java,3,5,A value of 49 may denote a high amount of coupling within the class (threshold: 20),Design,CouplingBetweenObjects
2,org.mockito,dataset\projects\mockito\mockito-core\src\main\java\org\mockito\Mockito.java,3,1872,"Possible God Class (WMC=92, ATFD=14, TCC=12.842%)",Design,GodClass
3,org.mockito,dataset\projects\mockito\mockito-core\src\main\java\org\mockito\Mockito.java,3,1872,The class 'Mockito' has a total cyclomatic complexity of 92 (highest 4).,Design,CyclomaticComplexity
4,org.mockito,dataset\projects\mockito\mockito-core\src\main\java\org\mockito\Mockito.java,3,1872,"This class has too many methods, consider refactoring it.",Design,TooManyMethods
1,org.mockito.hamcrest,dataset\projects\mockito\mockito-core\src\main\java\org\mockito\hamcrest\MockitoHamcrest.java,3,66,"This class has too many methods, consider refactoring it.",Design,TooManyMethods
1,org.mockito.internal,dataset\projects\mockito\mockito-core\src\main\java\org\mockito\internal\InOrderImpl.java,3,52,"The method 'verify(T, VerificationMode)' has a cyclomatic complexity of 10.",Design,CyclomaticComplexity
1,org.mockito.internal,dataset\projects\mockito\mockito-core\src\main\java\org\mockito\internal\MockitoCore.java,3,5,A value of 42 may denote a high amount of coupling within the class (threshold: 20),Design,CouplingBetweenObjects
2,org.mockito.internal,dataset\projects\mockito\mockito-core\src\main\java\org\mockito\internal\MockitoCore.java,3,71,"Possible God Class (WMC=64, ATFD=16, TCC=0.000%)",Design,GodClass
3,org.mockito.internal,dataset\projects\mockito\mockito-core\src\main\java\org\mockito\internal\MockitoCore.java,3,71,"This class has too many methods, consider refactoring it.",Design,TooManyMethods
1,org.mockito.internal,dataset\projects\mockito\mockito-core\src\main\java\org\mockito\internal\PremainAttachAccess.java,3,20,The method 'getInstrumentation()' has a cyclomatic complexity of 10.,Design,CyclomaticComplexity
1,org.mockito.internal.configuration,dataset\projects\mockito\mockito-core\src\main\java\org\mockito\internal\configuration\MockAnnotationProcessor.java,3,33,"The method 'processAnnotationForMock(Mock, Class<?>, Supplier<Type>, String)' has a cyclomatic complexity of 11.",Design,CyclomaticComplexity
1,org.mockito.internal.creation,dataset\projects\mockito\mockito-core\src\main\java\org\mockito\internal\creation\MockSettingsImpl.java,3,5,A value of 24 may denote a high amount of coupling within the class (threshold: 20),Design,CouplingBetweenObjects
2,org.mockito.internal.creation,dataset\projects\mockito\mockito-core\src\main\java\org\mockito\internal\creation\MockSettingsImpl.java,3,43,"Possible God Class (WMC=66, ATFD=23, TCC=0.794%)",Design,GodClass
3,org.mockito.internal.creation,dataset\projects\mockito\mockito-core\src\main\java\org\mockito\internal\creation\MockSettingsImpl.java,3,44,"This class has too many methods, consider refactoring it.",Design,TooManyMethods
1,org.mockito.internal.creation.bytebuddy,dataset\projects\mockito\mockito-core\src\main\java\org\mockito\internal\creation\bytebuddy\InlineByteBuddyMockMaker.java,3,5,A value of 25 may denote a high amount of coupling within the class (threshold: 20),Design,CouplingBetweenObjects
2,org.mockito.internal.creation.bytebuddy,dataset\projects\mockito\mockito-core\src\main\java\org\mockito\internal\creation\bytebuddy\InlineByteBuddyMockMaker.java,3,18,"This class has too many methods, consider refactoring it.",Design,TooManyMethods
1,org.mockito.internal.creation.bytebuddy,dataset\projects\mockito\mockito-core\src\main\java\org\mockito\internal\creation\bytebuddy\InlineBytecodeGenerator.java,3,5,A value of 24 may denote a high amount of coupling within the class (threshold: 20),Design,CouplingBetweenObjects
2,org.mockito.internal.creation.bytebuddy,dataset\projects\mockito\mockito-core\src\main\java\org\mockito\internal\creation\bytebuddy\InlineBytecodeGenerator.java,3,52,"Possible God Class (WMC=62, ATFD=27, TCC=16.364%)",Design,GodClass
3,org.mockito.internal.creation.bytebuddy,dataset\projects\mockito\mockito-core\src\main\java\org\mockito\internal\creation\bytebuddy\InlineBytecodeGenerator.java,3,52,"This class has too many methods, consider refactoring it.",Design,TooManyMethods
4,org.mockito.internal.creation.bytebuddy,dataset\projects\mockito\mockito-core\src\main\java\org\mockito\internal\creation\bytebuddy\InlineBytecodeGenerator.java,3,272,"The method 'triggerRetransformation(Set<Class<?>>, boolean)' has a cyclomatic complexity of 17.",Design,CyclomaticComplexity
1,org.mockito.internal.creation.bytebuddy,dataset\projects\mockito\mockito-core\src\main\java\org\mockito\internal\creation\bytebuddy\InlineDelegateByteBuddyMockMaker.java,3,5,A value of 61 may denote a high amount of coupling within the class (threshold: 20),Design,CouplingBetweenObjects
2,org.mockito.internal.creation.bytebuddy,dataset\projects\mockito\mockito-core\src\main\java\org\mockito\internal\creation\bytebuddy\InlineDelegateByteBuddyMockMaker.java,3,108,"Possible God Class (WMC=98, ATFD=78, TCC=19.167%)",Design,GodClass
3,org.mockito.internal.creation.bytebuddy,dataset\projects\mockito\mockito-core\src\main\java\org\mockito\internal\creation\bytebuddy\InlineDelegateByteBuddyMockMaker.java,3,108,The class 'InlineDelegateByteBuddyMockMaker' has a total cyclomatic complexity of 98 (highest 14).,Design,CyclomaticComplexity
4,org.mockito.internal.creation.bytebuddy,dataset\projects\mockito\mockito-core\src\main\java\org\mockito\internal\creation\bytebuddy\InlineDelegateByteBuddyMockMaker.java,3,109,"This class has too many methods, consider refactoring it.",Design,TooManyMethods
5,org.mockito.internal.creation.bytebuddy,dataset\projects\mockito\mockito-core\src\main\java\org\mockito\internal\creation\bytebuddy\InlineDelegateByteBuddyMockMaker.java,3,244,The constructor 'InlineDelegateByteBuddyMockMaker()' has a cyclomatic complexity of 10.,Design,CyclomaticComplexity
6,org.mockito.internal.creation.bytebuddy,dataset\projects\mockito\mockito-core\src\main\java\org\mockito\internal\creation\bytebuddy\InlineDelegateByteBuddyMockMaker.java,3,446,"The method 'prettifyFailure(MockCreationSettings<T>, Exception)' has a cyclomatic complexity of 14.",Design,CyclomaticComplexity
7,org.mockito.internal.creation.bytebuddy,dataset\projects\mockito\mockito-core\src\main\java\org\mockito\internal\creation\bytebuddy\InlineDelegateByteBuddyMockMaker.java,3,539,"The method 'resetMock(Object, MockHandler<?>, MockCreationSettings<?>)' has a cyclomatic complexity of 10.",Design,CyclomaticComplexity
1,org.mockito.internal.creation.bytebuddy,dataset\projects\mockito\mockito-core\src\main\java\org\mockito\internal\creation\bytebuddy\MockMethodAdvice.java,3,5,A value of 42 may denote a high amount of coupling within the class (threshold: 20),Design,CouplingBetweenObjects
2,org.mockito.internal.creation.bytebuddy,dataset\projects\mockito\mockito-core\src\main\java\org\mockito\internal\creation\bytebuddy\MockMethodAdvice.java,3,439,The method 'visitCode()' has a cyclomatic complexity of 19.,Design,CyclomaticComplexity
3,org.mockito.internal.creation.bytebuddy,dataset\projects\mockito\mockito-core\src\main\java\org\mockito\internal\creation\bytebuddy\MockMethodAdvice.java,3,664,"The method 'toFrames(Object, List<TypeDescription>)' has a cyclomatic complexity of 10.",Design,CyclomaticComplexity
1,org.mockito.internal.creation.bytebuddy,dataset\projects\mockito\mockito-core\src\main\java\org\mockito\internal\creation\bytebuddy\ModuleHandler.java,3,22,"This class has too many methods, consider refactoring it.",Design,TooManyMethods
2,org.mockito.internal.creation.bytebuddy,dataset\projects\mockito\mockito-core\src\main\java\org\mockito\internal\creation\bytebuddy\ModuleHandler.java,3,196,"This class has too many methods, consider refactoring it.",Design,TooManyMethods
1,org.mockito.internal.creation.bytebuddy,dataset\projects\mockito\mockito-core\src\main\java\org\mockito\internal\creation\bytebuddy\SubclassBytecodeGenerator.java,3,54,"Possible God Class (WMC=55, ATFD=40, TCC=0.000%)",Design,GodClass
2,org.mockito.internal.creation.bytebuddy,dataset\projects\mockito\mockito-core\src\main\java\org\mockito\internal\creation\bytebuddy\SubclassBytecodeGenerator.java,3,124,The method 'mockClass(MockFeatures<T>)' has a cyclomatic complexity of 27.,Design,CyclomaticComplexity
1,org.mockito.internal.creation.settings,dataset\projects\mockito\mockito-core\src\main\java\org\mockito\internal\creation\settings\CreationSettings.java,3,26,Too many fields,Design,TooManyFields
1,org.mockito.internal.exceptions,dataset\projects\mockito\mockito-core\src\main\java\org\mockito\internal\exceptions\Reporter.java,3,5,A value of 29 may denote a high amount of coupling within the class (threshold: 20),Design,CouplingBetweenObjects
2,org.mockito.internal.exceptions,dataset\projects\mockito\mockito-core\src\main\java\org\mockito\internal\exceptions\Reporter.java,3,72,"Possible God Class (WMC=125, ATFD=78, TCC=0.153%)",Design,GodClass
3,org.mockito.internal.exceptions,dataset\projects\mockito\mockito-core\src\main\java\org\mockito\internal\exceptions\Reporter.java,3,72,The class 'Reporter' has a total cyclomatic complexity of 125 (highest 6).,Design,CyclomaticComplexity
4,org.mockito.internal.exceptions,dataset\projects\mockito\mockito-core\src\main\java\org\mockito\internal\exceptions\Reporter.java,3,72,"This class has too many methods, consider refactoring it.",Design,TooManyMethods
1,org.mockito.internal.invocation,dataset\projects\mockito\mockito-core\src\main\java\org\mockito\internal\invocation\InvocationsFinder.java,3,16,"This class has too many methods, consider refactoring it.",Design,TooManyMethods
1,org.mockito.internal.invocation,dataset\projects\mockito\mockito-core\src\main\java\org\mockito\internal\invocation\SerializableMethod.java,3,101,The method 'equals(Object)' has a cyclomatic complexity of 14.,Design,CyclomaticComplexity
1,org.mockito.internal.matchers,dataset\projects\mockito\mockito-core\src\main\java\org\mockito\internal\matchers\ArrayEquals.java,3,17,The method 'matches(Object)' has a cyclomatic complexity of 21.,Design,CyclomaticComplexity
1,org.mockito.internal.matchers.apachecommons,dataset\projects\mockito\mockito-core\src\main\java\org\mockito\internal\matchers\apachecommons\EqualsBuilder.java,3,78,The class 'EqualsBuilder' has a total cyclomatic complexity of 129 (highest 17).,Design,CyclomaticComplexity
2,org.mockito.internal.matchers.apachecommons,dataset\projects\mockito\mockito-core\src\main\java\org\mockito\internal\matchers\apachecommons\EqualsBuilder.java,3,78,"This class has too many methods, consider refactoring it.",Design,TooManyMethods
3,org.mockito.internal.matchers.apachecommons,dataset\projects\mockito\mockito-core\src\main\java\org\mockito\internal\matchers\apachecommons\EqualsBuilder.java,3,223,"The method 'reflectionEquals(Object, Object, boolean, Class<?>, String[])' has a cyclomatic complexity of 12.",Design,CyclomaticComplexity
4,org.mockito.internal.matchers.apachecommons,dataset\projects\mockito\mockito-core\src\main\java\org\mockito\internal\matchers\apachecommons\EqualsBuilder.java,3,283,"The method 'reflectionAppend(Object, Object, Class<?>, EqualsBuilder, boolean, String[])' has a cyclomatic complexity of 10.",Design,CyclomaticComplexity
5,org.mockito.internal.matchers.apachecommons,dataset\projects\mockito\mockito-core\src\main\java\org\mockito\internal\matchers\apachecommons\EqualsBuilder.java,3,341,"The method 'append(Object, Object)' has a cyclomatic complexity of 17.",Design,CyclomaticComplexity
1,org.mockito.internal.matchers.text,dataset\projects\mockito\mockito-core\src\main\java\org\mockito\internal\matchers\text\ValuePrinter.java,3,23,The method 'print(Object)' has a cyclomatic complexity of 12.,Design,CyclomaticComplexity
1,org.mockito.internal.progress,dataset\projects\mockito\mockito-core\src\main\java\org\mockito\internal\progress\MockingProgress.java,3,16,"This class has too many methods, consider refactoring it.",Design,TooManyMethods
1,org.mockito.internal.progress,dataset\projects\mockito\mockito-core\src\main\java\org\mockito\internal\progress\MockingProgressImpl.java,3,30,"This class has too many methods, consider refactoring it.",Design,TooManyMethods
1,org.mockito.internal.stubbing,dataset\projects\mockito\mockito-core\src\main\java\org\mockito\internal\stubbing\InvocationContainerImpl.java,3,29,"This class has too many methods, consider refactoring it.",Design,TooManyMethods
1,org.mockito.internal.stubbing.answers,dataset\projects\mockito\mockito-core\src\main\java\org\mockito\internal\stubbing\answers\AnswerFunctionalInterfaces.java,3,29,"This class has too many methods, consider refactoring it.",Design,TooManyMethods
1,org.mockito.internal.stubbing.answers,dataset\projects\mockito\mockito-core\src\main\java\org\mockito\internal\stubbing\answers\Returns.java,3,32,The method 'validateFor(InvocationOnMock)' has a cyclomatic complexity of 10.,Design,CyclomaticComplexity
1,org.mockito.internal.stubbing.defaultanswers,dataset\projects\mockito\mockito-core\src\main\java\org\mockito\internal\stubbing\defaultanswers\ReturnsEmptyValues.java,3,113,The method 'returnValueFor(Class<?>)' has a cyclomatic complexity of 27.,Design,CyclomaticComplexity
1,org.mockito.internal.util,dataset\projects\mockito\mockito-core\src\main\java\org\mockito\internal\util\MockUtil.java,3,5,A value of 22 may denote a high amount of coupling within the class (threshold: 20),Design,CouplingBetweenObjects
2,org.mockito.internal.util,dataset\projects\mockito\mockito-core\src\main\java\org\mockito\internal\util\MockUtil.java,3,30,"This class has too many methods, consider refactoring it.",Design,TooManyMethods
1,org.mockito.internal.util.collections,dataset\projects\mockito\mockito-core\src\main\java\org\mockito\internal\util\collections\HashCodeAndEqualsSafeSet.java,3,32,"This class has too many methods, consider refactoring it.",Design,TooManyMethods
1,org.mockito.internal.util.reflection,dataset\projects\mockito\mockito-core\src\main\java\org\mockito\internal\util\reflection\GenericMetadataSupport.java,3,69,"This class has too many methods, consider refactoring it.",Design,TooManyMethods
1,org.mockito.internal.util.reflection,dataset\projects\mockito\mockito-core\src\main\java\org\mockito\internal\util\reflection\InstrumentationMemberAccessor.java,3,238,"The method 'invoke(Method, Object, Object[])' has a cyclomatic complexity of 10.",Design,CyclomaticComplexity
2,org.mockito.internal.util.reflection,dataset\projects\mockito\mockito-core\src\main\java\org\mockito\internal\util\reflection\InstrumentationMemberAccessor.java,3,313,"The method 'set(Field, Object, Object)' has a cyclomatic complexity of 11.",Design,CyclomaticComplexity
3,org.mockito.internal.util.reflection,dataset\projects\mockito\mockito-core\src\main\java\org\mockito\internal\util\reflection\InstrumentationMemberAccessor.java,3,387,"The method 'assureArguments(AccessibleObject, Object, Class<?>, Object[], Class<?>[])' has a cyclomatic complexity of 13.",Design,CyclomaticComplexity
1,org.mockito.internal.invocation,dataset\projects\mockito\mockito-core\src\testFixtures\java\org\mockito\internal\invocation\InvocationBuilder.java,3,27,"This class has too many methods, consider refactoring it.",Design,TooManyMethods
1,org.mockitousage,dataset\projects\mockito\mockito-core\src\testFixtures\java\org\mockitousage\IMethods.java,3,11,"This class has too many methods, consider refactoring it.",Design,TooManyMethods
1,org.mockitousage,dataset\projects\mockito\mockito-core\src\testFixtures\java\org\mockitousage\MethodsImpl.java,3,11,The class 'MethodsImpl' has a total cyclomatic complexity of 128 (highest 1).,Design,CyclomaticComplexity
2,org.mockitousage,dataset\projects\mockito\mockito-core\src\testFixtures\java\org\mockitousage\MethodsImpl.java,3,11,"This class has too many methods, consider refactoring it.",Design,TooManyMethods
1,org.mockitoutil,dataset\projects\mockito\mockito-core\src\testFixtures\java\org\mockitoutil\ClassLoaders.java,3,5,A value of 31 may denote a high amount of coupling within the class (threshold: 20),Design,CouplingBetweenObjects
2,org.mockitoutil,dataset\projects\mockito\mockito-core\src\testFixtures\java\org\mockitoutil\ClassLoaders.java,3,46,"This class has too many methods, consider refactoring it.",Design,TooManyMethods
3,org.mockitoutil,dataset\projects\mockito\mockito-core\src\testFixtures\java\org\mockitoutil\ClassLoaders.java,3,151,The method 'reloadTaskInClassLoader(Runnable)' has a cyclomatic complexity of 11.,Design,CyclomaticComplexity
1,org.mockitoutil,dataset\projects\mockito\mockito-core\src\testFixtures\java\org\mockitoutil\ClassLoadersTest.java,3,21,"This class has too many methods, consider refactoring it.",Design,TooManyMethods
1,org.mockitoutil,dataset\projects\mockito\mockito-core\src\testFixtures\java\org\mockitoutil\TestBase.java,3,32,"This class has too many methods, consider refactoring it.",Design,TooManyMethods
1,org.mockito.errorprone.bugpatterns,dataset\projects\mockito\mockito-extensions\mockito-errorprone\src\main\java\org\mockito\errorprone\bugpatterns\AbstractMockitoAnyForPrimitiveType.java,3,38,"The method 'matchMethodInvocation(MethodInvocationTree, VisitorState)' has a cyclomatic complexity of 10.",Design,CyclomaticComplexity
