junit5,C:\Users\ismak\Documents\GitHub\relation_test_code_smell_ML\dataset\projects\junit5\documentation\src\test\java\example\callbacks\AbstractDatabaseTests.java,
junit5,C:\Users\ismak\Documents\GitHub\relation_test_code_smell_ML\dataset\projects\junit5\documentation\src\test\java\example\defaultmethods\StringTests.java,
junit5,C:\Users\ismak\Documents\GitHub\relation_test_code_smell_ML\dataset\projects\junit5\documentation\src\test\java\example\defaultmethods\Testable.java,
junit5,C:\Users\ismak\Documents\GitHub\relation_test_code_smell_ML\dataset\projects\junit5\documentation\src\test\java\example\exception\IgnoreIOExceptionTests.java,
junit5,C:\Users\ismak\Documents\GitHub\relation_test_code_smell_ML\dataset\projects\junit5\documentation\src\test\java\example\JUnit4Tests.java,
junit5,C:\Users\ismak\Documents\GitHub\relation_test_code_smell_ML\dataset\projects\junit5\documentation\src\test\java\example\MyFirstJUnitJupiterTests.java,
junit5,C:\Users\ismak\Documents\GitHub\relation_test_code_smell_ML\dataset\projects\junit5\documentation\src\test\java\example\MyRandomParametersTest.java,
junit5,C:\Users\ismak\Documents\GitHub\relation_test_code_smell_ML\dataset\projects\junit5\documentation\src\test\java\example\session\HttpTests.java,
junit5,C:\Users\ismak\Documents\GitHub\relation_test_code_smell_ML\dataset\projects\junit5\documentation\src\test\java\example\SlowTests.java,
junit5,C:\Users\ismak\Documents\GitHub\relation_test_code_smell_ML\dataset\projects\junit5\documentation\src\test\java\example\StandardTests.java,
junit5,C:\Users\ismak\Documents\GitHub\relation_test_code_smell_ML\dataset\projects\junit5\documentation\src\test\java\example\TestInfoDemo.java,
junit5,C:\Users\ismak\Documents\GitHub\relation_test_code_smell_ML\dataset\projects\junit5\documentation\src\test\java\example\TestingAStackDemo.java,
junit5,C:\Users\ismak\Documents\GitHub\relation_test_code_smell_ML\dataset\projects\junit5\documentation\src\test\java\example\testinterface\TestInterfaceDemo.java,
junit5,C:\Users\ismak\Documents\GitHub\relation_test_code_smell_ML\dataset\projects\junit5\documentation\src\test\java\example\testinterface\TestInterfaceDynamicTestsDemo.java,
junit5,C:\Users\ismak\Documents\GitHub\relation_test_code_smell_ML\dataset\projects\junit5\documentation\src\test\java\example\testinterface\TestLifecycleLogger.java,
junit5,C:\Users\ismak\Documents\GitHub\relation_test_code_smell_ML\dataset\projects\junit5\documentation\src\test\java\example\TestReporterDemo.java,
junit5,C:\Users\ismak\Documents\GitHub\relation_test_code_smell_ML\dataset\projects\junit5\documentation\src\test\java\example\TestTemplateDemo.java,
junit5,C:\Users\ismak\Documents\GitHub\relation_test_code_smell_ML\dataset\projects\junit5\documentation\src\test\java\example\timing\TimingExtensionTests.java,
junit5,C:\Users\ismak\Documents\GitHub\relation_test_code_smell_ML\dataset\projects\junit5\junit-jupiter-api\src\main\java\org\junit\jupiter\api\extension\TestExecutionExceptionHandler.java,
junit5,C:\Users\ismak\Documents\GitHub\relation_test_code_smell_ML\dataset\projects\junit5\junit-jupiter-api\src\main\java\org\junit\jupiter\api\extension\TestInstanceFactory.java,
junit5,C:\Users\ismak\Documents\GitHub\relation_test_code_smell_ML\dataset\projects\junit5\junit-jupiter-api\src\main\java\org\junit\jupiter\api\extension\TestInstanceFactoryContext.java,
junit5,C:\Users\ismak\Documents\GitHub\relation_test_code_smell_ML\dataset\projects\junit5\junit-jupiter-api\src\main\java\org\junit\jupiter\api\extension\TestInstancePostProcessor.java,
junit5,C:\Users\ismak\Documents\GitHub\relation_test_code_smell_ML\dataset\projects\junit5\junit-jupiter-api\src\main\java\org\junit\jupiter\api\extension\TestInstancePreConstructCallback.java,
junit5,C:\Users\ismak\Documents\GitHub\relation_test_code_smell_ML\dataset\projects\junit5\junit-jupiter-api\src\main\java\org\junit\jupiter\api\extension\TestInstancePreDestroyCallback.java,
junit5,C:\Users\ismak\Documents\GitHub\relation_test_code_smell_ML\dataset\projects\junit5\junit-jupiter-api\src\main\java\org\junit\jupiter\api\extension\TestInstances.java,
junit5,C:\Users\ismak\Documents\GitHub\relation_test_code_smell_ML\dataset\projects\junit5\junit-jupiter-api\src\main\java\org\junit\jupiter\api\extension\TestInstantiationAwareExtension.java,
junit5,C:\Users\ismak\Documents\GitHub\relation_test_code_smell_ML\dataset\projects\junit5\junit-jupiter-api\src\main\java\org\junit\jupiter\api\extension\TestInstantiationException.java,
junit5,C:\Users\ismak\Documents\GitHub\relation_test_code_smell_ML\dataset\projects\junit5\junit-jupiter-api\src\main\java\org\junit\jupiter\api\extension\TestTemplateInvocationContext.java,
junit5,C:\Users\ismak\Documents\GitHub\relation_test_code_smell_ML\dataset\projects\junit5\junit-jupiter-api\src\main\java\org\junit\jupiter\api\extension\TestTemplateInvocationContextProvider.java,
junit5,C:\Users\ismak\Documents\GitHub\relation_test_code_smell_ML\dataset\projects\junit5\junit-jupiter-api\src\main\java\org\junit\jupiter\api\extension\TestWatcher.java,
junit5,C:\Users\ismak\Documents\GitHub\relation_test_code_smell_ML\dataset\projects\junit5\junit-jupiter-api\src\main\java\org\junit\jupiter\api\TestInfo.java,
junit5,C:\Users\ismak\Documents\GitHub\relation_test_code_smell_ML\dataset\projects\junit5\junit-jupiter-api\src\main\java\org\junit\jupiter\api\TestReporter.java,
junit5,C:\Users\ismak\Documents\GitHub\relation_test_code_smell_ML\dataset\projects\junit5\junit-jupiter-engine\src\main\java\org\junit\jupiter\engine\descriptor\TestClassAware.java,
junit5,C:\Users\ismak\Documents\GitHub\relation_test_code_smell_ML\dataset\projects\junit5\junit-jupiter-engine\src\main\java\org\junit\jupiter\engine\descriptor\TestInstanceLifecycleUtils.java,
junit5,C:\Users\ismak\Documents\GitHub\relation_test_code_smell_ML\dataset\projects\junit5\junit-jupiter-engine\src\main\java\org\junit\jupiter\engine\descriptor\TestTemplateExtensionContext.java,
junit5,C:\Users\ismak\Documents\GitHub\relation_test_code_smell_ML\dataset\projects\junit5\junit-jupiter-engine\src\main\java\org\junit\jupiter\engine\descriptor\TestTemplateInvocationTestDescriptor.java,
junit5,C:\Users\ismak\Documents\GitHub\relation_test_code_smell_ML\dataset\projects\junit5\junit-jupiter-engine\src\main\java\org\junit\jupiter\engine\discovery\predicates\TestClassPredicates.java,
junit5,C:\Users\ismak\Documents\GitHub\relation_test_code_smell_ML\dataset\projects\junit5\junit-jupiter-engine\src\main\java\org\junit\jupiter\engine\execution\TestInstancesProvider.java,
junit5,C:\Users\ismak\Documents\GitHub\relation_test_code_smell_ML\dataset\projects\junit5\junit-jupiter-engine\src\main\java\org\junit\jupiter\engine\extension\TestInfoParameterResolver.java,
junit5,C:\Users\ismak\Documents\GitHub\relation_test_code_smell_ML\dataset\projects\junit5\junit-jupiter-engine\src\main\java\org\junit\jupiter\engine\extension\TestReporterParameterResolver.java,
junit5,C:\Users\ismak\Documents\GitHub\relation_test_code_smell_ML\dataset\projects\junit5\junit-jupiter-migrationsupport\src\main\java\org\junit\jupiter\migrationsupport\rules\member\TestRuleAnnotatedField.java,
junit5,C:\Users\ismak\Documents\GitHub\relation_test_code_smell_ML\dataset\projects\junit5\junit-jupiter-migrationsupport\src\main\java\org\junit\jupiter\migrationsupport\rules\member\TestRuleAnnotatedMember.java,
junit5,C:\Users\ismak\Documents\GitHub\relation_test_code_smell_ML\dataset\projects\junit5\junit-jupiter-migrationsupport\src\main\java\org\junit\jupiter\migrationsupport\rules\member\TestRuleAnnotatedMethod.java,
junit5,C:\Users\ismak\Documents\GitHub\relation_test_code_smell_ML\dataset\projects\junit5\junit-jupiter-migrationsupport\src\main\java\org\junit\jupiter\migrationsupport\rules\TestRuleSupport.java,
junit5,C:\Users\ismak\Documents\GitHub\relation_test_code_smell_ML\dataset\projects\junit5\junit-platform-commons\src\testFixtures\java\org\junit\platform\commons\test\TestClassLoader.java,
junit5,C:\Users\ismak\Documents\GitHub\relation_test_code_smell_ML\dataset\projects\junit5\junit-platform-console\src\main\java\org\junit\platform\console\options\TestConsoleOutputOptions.java,
junit5,C:\Users\ismak\Documents\GitHub\relation_test_code_smell_ML\dataset\projects\junit5\junit-platform-console\src\main\java\org\junit\platform\console\options\TestConsoleOutputOptionsMixin.java,
junit5,C:\Users\ismak\Documents\GitHub\relation_test_code_smell_ML\dataset\projects\junit5\junit-platform-console\src\main\java\org\junit\platform\console\options\TestDiscoveryOptions.java,
junit5,C:\Users\ismak\Documents\GitHub\relation_test_code_smell_ML\dataset\projects\junit5\junit-platform-console\src\main\java\org\junit\platform\console\options\TestDiscoveryOptionsMixin.java,
junit5,C:\Users\ismak\Documents\GitHub\relation_test_code_smell_ML\dataset\projects\junit5\junit-platform-console\src\main\java\org\junit\platform\console\output\TestFeedPrintingListener.java,
junit5,C:\Users\ismak\Documents\GitHub\relation_test_code_smell_ML\dataset\projects\junit5\junit-platform-engine\src\main\java\org\junit\platform\engine\TestDescriptor.java,
junit5,C:\Users\ismak\Documents\GitHub\relation_test_code_smell_ML\dataset\projects\junit5\junit-platform-engine\src\main\java\org\junit\platform\engine\TestEngine.java,
junit5,C:\Users\ismak\Documents\GitHub\relation_test_code_smell_ML\dataset\projects\junit5\junit-platform-engine\src\main\java\org\junit\platform\engine\TestExecutionResult.java,
junit5,C:\Users\ismak\Documents\GitHub\relation_test_code_smell_ML\dataset\projects\junit5\junit-platform-engine\src\main\java\org\junit\platform\engine\TestSource.java,
junit5,C:\Users\ismak\Documents\GitHub\relation_test_code_smell_ML\dataset\projects\junit5\junit-platform-engine\src\testFixtures\java\org\junit\platform\fakes\TestDescriptorStub.java,
junit5,C:\Users\ismak\Documents\GitHub\relation_test_code_smell_ML\dataset\projects\junit5\junit-platform-engine\src\testFixtures\java\org\junit\platform\fakes\TestEngineSpy.java,
junit5,C:\Users\ismak\Documents\GitHub\relation_test_code_smell_ML\dataset\projects\junit5\junit-platform-engine\src\testFixtures\java\org\junit\platform\fakes\TestEngineStub.java,
junit5,C:\Users\ismak\Documents\GitHub\relation_test_code_smell_ML\dataset\projects\junit5\junit-platform-launcher\src\main\java\org\junit\platform\launcher\core\TestEngineFormatter.java,
junit5,C:\Users\ismak\Documents\GitHub\relation_test_code_smell_ML\dataset\projects\junit5\junit-platform-launcher\src\main\java\org\junit\platform\launcher\listeners\TestExecutionSummary.java,
junit5,C:\Users\ismak\Documents\GitHub\relation_test_code_smell_ML\dataset\projects\junit5\junit-platform-launcher\src\main\java\org\junit\platform\launcher\TestExecutionListener.java,
junit5,C:\Users\ismak\Documents\GitHub\relation_test_code_smell_ML\dataset\projects\junit5\junit-platform-launcher\src\main\java\org\junit\platform\launcher\TestPlan.java,
junit5,C:\Users\ismak\Documents\GitHub\relation_test_code_smell_ML\dataset\projects\junit5\junit-platform-launcher\src\testFixtures\java\org\junit\platform\launcher\core\ConfigurationParametersFactoryForTests.java,
junit5,C:\Users\ismak\Documents\GitHub\relation_test_code_smell_ML\dataset\projects\junit5\junit-platform-testkit\src\main\java\org\junit\platform\testkit\engine\TestExecutionResultConditions.java,
junit5,C:\Users\ismak\Documents\GitHub\relation_test_code_smell_ML\dataset\projects\junit5\junit-vintage-engine\src\main\java\org\junit\vintage\engine\descriptor\TestSourceProvider.java,
junit5,C:\Users\ismak\Documents\GitHub\relation_test_code_smell_ML\dataset\projects\junit5\junit-vintage-engine\src\test\java\org\junit\vintage\engine\descriptor\DescriptionUtilsTests.java,
junit5,C:\Users\ismak\Documents\GitHub\relation_test_code_smell_ML\dataset\projects\junit5\junit-vintage-engine\src\test\java\org\junit\vintage\engine\descriptor\OrFilterTests.java,
junit5,C:\Users\ismak\Documents\GitHub\relation_test_code_smell_ML\dataset\projects\junit5\junit-vintage-engine\src\test\java\org\junit\vintage\engine\descriptor\TestSourceProviderTests.java,
junit5,C:\Users\ismak\Documents\GitHub\relation_test_code_smell_ML\dataset\projects\junit5\junit-vintage-engine\src\test\java\org\junit\vintage\engine\descriptor\VintageTestDescriptorTests.java,
junit5,C:\Users\ismak\Documents\GitHub\relation_test_code_smell_ML\dataset\projects\junit5\junit-vintage-engine\src\test\java\org\junit\vintage\engine\discovery\IsPotentialJUnit4TestClassTests.java,
junit5,C:\Users\ismak\Documents\GitHub\relation_test_code_smell_ML\dataset\projects\junit5\junit-vintage-engine\src\test\java\org\junit\vintage\engine\discovery\RunnerTestDescriptorPostProcessorTests.java,
junit5,C:\Users\ismak\Documents\GitHub\relation_test_code_smell_ML\dataset\projects\junit5\junit-vintage-engine\src\test\java\org\junit\vintage\engine\discovery\VintageDiscovererTests.java,
junit5,C:\Users\ismak\Documents\GitHub\relation_test_code_smell_ML\dataset\projects\junit5\junit-vintage-engine\src\test\java\org\junit\vintage\engine\execution\ParallelExecutionIntegrationTests.java,
junit5,C:\Users\ismak\Documents\GitHub\relation_test_code_smell_ML\dataset\projects\junit5\junit-vintage-engine\src\test\java\org\junit\vintage\engine\execution\TestRunTests.java,
junit5,C:\Users\ismak\Documents\GitHub\relation_test_code_smell_ML\dataset\projects\junit5\junit-vintage-engine\src\test\java\org\junit\vintage\engine\JUnit4ParameterizedTests.java,
junit5,C:\Users\ismak\Documents\GitHub\relation_test_code_smell_ML\dataset\projects\junit5\junit-vintage-engine\src\test\java\org\junit\vintage\engine\JUnit4VersionCheckTests.java,
junit5,C:\Users\ismak\Documents\GitHub\relation_test_code_smell_ML\dataset\projects\junit5\junit-vintage-engine\src\test\java\org\junit\vintage\engine\support\UniqueIdReaderTests.java,
junit5,C:\Users\ismak\Documents\GitHub\relation_test_code_smell_ML\dataset\projects\junit5\junit-vintage-engine\src\test\java\org\junit\vintage\engine\VintageLauncherIntegrationTests.java,
junit5,C:\Users\ismak\Documents\GitHub\relation_test_code_smell_ML\dataset\projects\junit5\junit-vintage-engine\src\test\java\org\junit\vintage\engine\VintageTestEngineBasicTests.java,
junit5,C:\Users\ismak\Documents\GitHub\relation_test_code_smell_ML\dataset\projects\junit5\junit-vintage-engine\src\test\java\org\junit\vintage\engine\VintageTestEngineDiscoveryTests.java,
junit5,C:\Users\ismak\Documents\GitHub\relation_test_code_smell_ML\dataset\projects\junit5\junit-vintage-engine\src\test\java\org\junit\vintage\engine\VintageTestEngineExecutionTests.java,
junit5,C:\Users\ismak\Documents\GitHub\relation_test_code_smell_ML\dataset\projects\junit5\junit-vintage-engine\src\testFixtures\java\org\junit\vintage\engine\samples\junit4\TestCaseRunWithJUnitPlatformRunner.java,
junit5,C:\Users\ismak\Documents\GitHub\relation_test_code_smell_ML\dataset\projects\junit5\jupiter-tests\src\test\java\org\junit\jupiter\api\AssertAllAssertionsTests.java,
junit5,C:\Users\ismak\Documents\GitHub\relation_test_code_smell_ML\dataset\projects\junit5\jupiter-tests\src\test\java\org\junit\jupiter\api\AssertArrayEqualsAssertionsTests.java,
junit5,C:\Users\ismak\Documents\GitHub\relation_test_code_smell_ML\dataset\projects\junit5\jupiter-tests\src\test\java\org\junit\jupiter\api\AssertDoesNotThrowAssertionsTests.java,
junit5,C:\Users\ismak\Documents\GitHub\relation_test_code_smell_ML\dataset\projects\junit5\jupiter-tests\src\test\java\org\junit\jupiter\api\AssertEqualsAssertionsTests.java,
junit5,C:\Users\ismak\Documents\GitHub\relation_test_code_smell_ML\dataset\projects\junit5\jupiter-tests\src\test\java\org\junit\jupiter\api\AssertFalseAssertionsTests.java,
junit5,C:\Users\ismak\Documents\GitHub\relation_test_code_smell_ML\dataset\projects\junit5\jupiter-tests\src\test\java\org\junit\jupiter\api\AssertIterableEqualsAssertionsTests.java,
junit5,C:\Users\ismak\Documents\GitHub\relation_test_code_smell_ML\dataset\projects\junit5\jupiter-tests\src\test\java\org\junit\jupiter\api\AssertNotEqualsAssertionsTests.java,
junit5,C:\Users\ismak\Documents\GitHub\relation_test_code_smell_ML\dataset\projects\junit5\jupiter-tests\src\test\java\org\junit\jupiter\api\AssertNotNullAssertionsTests.java,
junit5,C:\Users\ismak\Documents\GitHub\relation_test_code_smell_ML\dataset\projects\junit5\jupiter-tests\src\test\java\org\junit\jupiter\api\AssertNotSameAssertionsTests.java,
junit5,C:\Users\ismak\Documents\GitHub\relation_test_code_smell_ML\dataset\projects\junit5\jupiter-tests\src\test\java\org\junit\jupiter\api\AssertNullAssertionsTests.java,
junit5,C:\Users\ismak\Documents\GitHub\relation_test_code_smell_ML\dataset\projects\junit5\jupiter-tests\src\test\java\org\junit\jupiter\api\AssertSameAssertionsTests.java,
junit5,C:\Users\ismak\Documents\GitHub\relation_test_code_smell_ML\dataset\projects\junit5\jupiter-tests\src\test\java\org\junit\jupiter\api\AssertThrowsAssertionsTests.java,
junit5,C:\Users\ismak\Documents\GitHub\relation_test_code_smell_ML\dataset\projects\junit5\jupiter-tests\src\test\java\org\junit\jupiter\api\AssertThrowsExactlyAssertionsTests.java,
junit5,C:\Users\ismak\Documents\GitHub\relation_test_code_smell_ML\dataset\projects\junit5\jupiter-tests\src\test\java\org\junit\jupiter\api\AssertTimeoutAssertionsTests.java,
junit5,C:\Users\ismak\Documents\GitHub\relation_test_code_smell_ML\dataset\projects\junit5\jupiter-tests\src\test\java\org\junit\jupiter\api\AssertTimeoutPreemptivelyAssertionsTests.java,
junit5,C:\Users\ismak\Documents\GitHub\relation_test_code_smell_ML\dataset\projects\junit5\jupiter-tests\src\test\java\org\junit\jupiter\api\AssertTrueAssertionsTests.java,
junit5,C:\Users\ismak\Documents\GitHub\relation_test_code_smell_ML\dataset\projects\junit5\jupiter-tests\src\test\java\org\junit\jupiter\api\AssumptionsTests.java,
junit5,C:\Users\ismak\Documents\GitHub\relation_test_code_smell_ML\dataset\projects\junit5\jupiter-tests\src\test\java\org\junit\jupiter\api\condition\AbstractExecutionConditionTests.java,
junit5,C:\Users\ismak\Documents\GitHub\relation_test_code_smell_ML\dataset\projects\junit5\jupiter-tests\src\test\java\org\junit\jupiter\api\condition\ConditionEvaluationResultTests.java,
junit5,C:\Users\ismak\Documents\GitHub\relation_test_code_smell_ML\dataset\projects\junit5\jupiter-tests\src\test\java\org\junit\jupiter\api\condition\DisabledForJreRangeConditionTests.java,
junit5,C:\Users\ismak\Documents\GitHub\relation_test_code_smell_ML\dataset\projects\junit5\jupiter-tests\src\test\java\org\junit\jupiter\api\condition\DisabledForJreRangeIntegrationTests.java,
junit5,C:\Users\ismak\Documents\GitHub\relation_test_code_smell_ML\dataset\projects\junit5\jupiter-tests\src\test\java\org\junit\jupiter\api\condition\DisabledIfConditionClassLoaderTests.java,
junit5,C:\Users\ismak\Documents\GitHub\relation_test_code_smell_ML\dataset\projects\junit5\jupiter-tests\src\test\java\org\junit\jupiter\api\condition\DisabledIfEnvironmentVariableConditionTests.java,
junit5,C:\Users\ismak\Documents\GitHub\relation_test_code_smell_ML\dataset\projects\junit5\jupiter-tests\src\test\java\org\junit\jupiter\api\condition\DisabledIfEnvironmentVariableIntegrationTests.java,
junit5,C:\Users\ismak\Documents\GitHub\relation_test_code_smell_ML\dataset\projects\junit5\jupiter-tests\src\test\java\org\junit\jupiter\api\condition\DisabledIfIntegrationTests.java,
junit5,C:\Users\ismak\Documents\GitHub\relation_test_code_smell_ML\dataset\projects\junit5\jupiter-tests\src\test\java\org\junit\jupiter\api\condition\DisabledIfSystemPropertyConditionTests.java,
junit5,C:\Users\ismak\Documents\GitHub\relation_test_code_smell_ML\dataset\projects\junit5\jupiter-tests\src\test\java\org\junit\jupiter\api\condition\DisabledIfSystemPropertyIntegrationTests.java,
junit5,C:\Users\ismak\Documents\GitHub\relation_test_code_smell_ML\dataset\projects\junit5\jupiter-tests\src\test\java\org\junit\jupiter\api\condition\DisabledOnOsConditionTests.java,
junit5,C:\Users\ismak\Documents\GitHub\relation_test_code_smell_ML\dataset\projects\junit5\jupiter-tests\src\test\java\org\junit\jupiter\api\condition\DisabledOnOsIntegrationTests.java,
junit5,C:\Users\ismak\Documents\GitHub\relation_test_code_smell_ML\dataset\projects\junit5\jupiter-tests\src\test\java\org\junit\jupiter\api\condition\EnabledForJreRangeConditionTests.java,
junit5,C:\Users\ismak\Documents\GitHub\relation_test_code_smell_ML\dataset\projects\junit5\jupiter-tests\src\test\java\org\junit\jupiter\api\condition\EnabledForJreRangeIntegrationTests.java,
junit5,C:\Users\ismak\Documents\GitHub\relation_test_code_smell_ML\dataset\projects\junit5\jupiter-tests\src\test\java\org\junit\jupiter\api\condition\EnabledIfConditionClassLoaderTests.java,
junit5,C:\Users\ismak\Documents\GitHub\relation_test_code_smell_ML\dataset\projects\junit5\jupiter-tests\src\test\java\org\junit\jupiter\api\condition\EnabledIfEnvironmentVariableConditionTests.java,
junit5,C:\Users\ismak\Documents\GitHub\relation_test_code_smell_ML\dataset\projects\junit5\jupiter-tests\src\test\java\org\junit\jupiter\api\condition\EnabledIfEnvironmentVariableIntegrationTests.java,
junit5,C:\Users\ismak\Documents\GitHub\relation_test_code_smell_ML\dataset\projects\junit5\jupiter-tests\src\test\java\org\junit\jupiter\api\condition\EnabledIfIntegrationTests.java,
junit5,C:\Users\ismak\Documents\GitHub\relation_test_code_smell_ML\dataset\projects\junit5\jupiter-tests\src\test\java\org\junit\jupiter\api\condition\EnabledIfSystemPropertyConditionTests.java,
junit5,C:\Users\ismak\Documents\GitHub\relation_test_code_smell_ML\dataset\projects\junit5\jupiter-tests\src\test\java\org\junit\jupiter\api\condition\EnabledIfSystemPropertyIntegrationTests.java,
junit5,C:\Users\ismak\Documents\GitHub\relation_test_code_smell_ML\dataset\projects\junit5\jupiter-tests\src\test\java\org\junit\jupiter\api\condition\EnabledOnOsConditionTests.java,
junit5,C:\Users\ismak\Documents\GitHub\relation_test_code_smell_ML\dataset\projects\junit5\jupiter-tests\src\test\java\org\junit\jupiter\api\condition\EnabledOnOsIntegrationTests.java,
junit5,C:\Users\ismak\Documents\GitHub\relation_test_code_smell_ML\dataset\projects\junit5\jupiter-tests\src\test\java\org\junit\jupiter\api\condition\JRETests.java,
junit5,C:\Users\ismak\Documents\GitHub\relation_test_code_smell_ML\dataset\projects\junit5\jupiter-tests\src\test\java\org\junit\jupiter\api\condition\OSTests.java,
junit5,C:\Users\ismak\Documents\GitHub\relation_test_code_smell_ML\dataset\projects\junit5\jupiter-tests\src\test\java\org\junit\jupiter\api\condition\TestDoubleJRETests.java,
junit5,C:\Users\ismak\Documents\GitHub\relation_test_code_smell_ML\dataset\projects\junit5\jupiter-tests\src\test\java\org\junit\jupiter\api\ConstantTests.java,
junit5,C:\Users\ismak\Documents\GitHub\relation_test_code_smell_ML\dataset\projects\junit5\jupiter-tests\src\test\java\org\junit\jupiter\api\DisplayNameGenerationTests.java,
junit5,C:\Users\ismak\Documents\GitHub\relation_test_code_smell_ML\dataset\projects\junit5\jupiter-tests\src\test\java\org\junit\jupiter\api\DynamicContainerTests.java,
junit5,C:\Users\ismak\Documents\GitHub\relation_test_code_smell_ML\dataset\projects\junit5\jupiter-tests\src\test\java\org\junit\jupiter\api\extension\CloseableResourceIntegrationTests.java,
junit5,C:\Users\ismak\Documents\GitHub\relation_test_code_smell_ML\dataset\projects\junit5\jupiter-tests\src\test\java\org\junit\jupiter\api\extension\DeprecatedMediaTypeTests.java,
junit5,C:\Users\ismak\Documents\GitHub\relation_test_code_smell_ML\dataset\projects\junit5\jupiter-tests\src\test\java\org\junit\jupiter\api\extension\ExecutableInvokerIntegrationTests.java,
junit5,C:\Users\ismak\Documents\GitHub\relation_test_code_smell_ML\dataset\projects\junit5\jupiter-tests\src\test\java\org\junit\jupiter\api\extension\ExtensionComposabilityTests.java,
junit5,C:\Users\ismak\Documents\GitHub\relation_test_code_smell_ML\dataset\projects\junit5\jupiter-tests\src\test\java\org\junit\jupiter\api\extension\HeavyweightTests.java,
junit5,C:\Users\ismak\Documents\GitHub\relation_test_code_smell_ML\dataset\projects\junit5\jupiter-tests\src\test\java\org\junit\jupiter\api\extension\MediaTypeInteroperabilityTests.java,
junit5,C:\Users\ismak\Documents\GitHub\relation_test_code_smell_ML\dataset\projects\junit5\jupiter-tests\src\test\java\org\junit\jupiter\api\extension\support\TypeBasedParameterResolverTests.java,
junit5,C:\Users\ismak\Documents\GitHub\relation_test_code_smell_ML\dataset\projects\junit5\jupiter-tests\src\test\java\org\junit\jupiter\api\FailAssertionsTests.java,
junit5,C:\Users\ismak\Documents\GitHub\relation_test_code_smell_ML\dataset\projects\junit5\jupiter-tests\src\test\java\org\junit\jupiter\api\io\TempDirDeletionStrategyTests.java,
junit5,C:\Users\ismak\Documents\GitHub\relation_test_code_smell_ML\dataset\projects\junit5\jupiter-tests\src\test\java\org\junit\jupiter\api\MediaTypeTests.java,
junit5,C:\Users\ismak\Documents\GitHub\relation_test_code_smell_ML\dataset\projects\junit5\jupiter-tests\src\test\java\org\junit\jupiter\api\parallel\LockTests.java,
junit5,C:\Users\ismak\Documents\GitHub\relation_test_code_smell_ML\dataset\projects\junit5\jupiter-tests\src\test\java\org\junit\jupiter\api\parallel\ResourceLockAnnotationTests.java,
junit5,C:\Users\ismak\Documents\GitHub\relation_test_code_smell_ML\dataset\projects\junit5\jupiter-tests\src\test\java\org\junit\jupiter\api\parallel\ResourceLocksProviderTests.java,
junit5,C:\Users\ismak\Documents\GitHub\relation_test_code_smell_ML\dataset\projects\junit5\jupiter-tests\src\test\java\org\junit\jupiter\api\RandomlyOrderedTests.java,
junit5,C:\Users\ismak\Documents\GitHub\relation_test_code_smell_ML\dataset\projects\junit5\jupiter-tests\src\test\java\org\junit\jupiter\api\subpackage\SubclassedAssertionsTests.java,
junit5,C:\Users\ismak\Documents\GitHub\relation_test_code_smell_ML\dataset\projects\junit5\jupiter-tests\src\test\java\org\junit\jupiter\api\subpackage\SubclassedAssumptionsTests.java,
junit5,C:\Users\ismak\Documents\GitHub\relation_test_code_smell_ML\dataset\projects\junit5\jupiter-tests\src\test\java\org\junit\jupiter\api\timeout\PreemptiveTimeoutUtilsTest.java,
junit5,C:\Users\ismak\Documents\GitHub\relation_test_code_smell_ML\dataset\projects\junit5\jupiter-tests\src\test\java\org\junit\jupiter\api\util\DefaultLocaleTests.java,
junit5,C:\Users\ismak\Documents\GitHub\relation_test_code_smell_ML\dataset\projects\junit5\jupiter-tests\src\test\java\org\junit\jupiter\api\util\DefaultTimeZoneTests.java,
junit5,C:\Users\ismak\Documents\GitHub\relation_test_code_smell_ML\dataset\projects\junit5\jupiter-tests\src\test\java\org\junit\jupiter\api\util\SystemPropertiesExtensionTests.java,
junit5,C:\Users\ismak\Documents\GitHub\relation_test_code_smell_ML\dataset\projects\junit5\jupiter-tests\src\test\java\org\junit\jupiter\engine\AbstractJupiterTestEngineTests.java,
junit5,C:\Users\ismak\Documents\GitHub\relation_test_code_smell_ML\dataset\projects\junit5\jupiter-tests\src\test\java\org\junit\jupiter\engine\AtypicalJvmMethodNameTests.java,
junit5,C:\Users\ismak\Documents\GitHub\relation_test_code_smell_ML\dataset\projects\junit5\jupiter-tests\src\test\java\org\junit\jupiter\engine\BeforeAllAndAfterAllComposedAnnotationTests.java,
junit5,C:\Users\ismak\Documents\GitHub\relation_test_code_smell_ML\dataset\projects\junit5\jupiter-tests\src\test\java\org\junit\jupiter\engine\BeforeEachAndAfterEachComposedAnnotationTests.java,
junit5,C:\Users\ismak\Documents\GitHub\relation_test_code_smell_ML\dataset\projects\junit5\jupiter-tests\src\test\java\org\junit\jupiter\engine\bridge\AbstractNonGenericTests.java,
junit5,C:\Users\ismak\Documents\GitHub\relation_test_code_smell_ML\dataset\projects\junit5\jupiter-tests\src\test\java\org\junit\jupiter\engine\bridge\AbstractNumberTests.java,
junit5,C:\Users\ismak\Documents\GitHub\relation_test_code_smell_ML\dataset\projects\junit5\jupiter-tests\src\test\java\org\junit\jupiter\engine\bridge\BridgeMethodTests.java,
junit5,C:\Users\ismak\Documents\GitHub\relation_test_code_smell_ML\dataset\projects\junit5\jupiter-tests\src\test\java\org\junit\jupiter\engine\config\CachingJupiterConfigurationTests.java,
junit5,C:\Users\ismak\Documents\GitHub\relation_test_code_smell_ML\dataset\projects\junit5\jupiter-tests\src\test\java\org\junit\jupiter\engine\config\InstantiatingConfigurationParameterConverterTests.java,
junit5,C:\Users\ismak\Documents\GitHub\relation_test_code_smell_ML\dataset\projects\junit5\jupiter-tests\src\test\java\org\junit\jupiter\engine\DefaultExecutionModeTests.java,
junit5,C:\Users\ismak\Documents\GitHub\relation_test_code_smell_ML\dataset\projects\junit5\jupiter-tests\src\test\java\org\junit\jupiter\engine\DefaultMethodTests.java,
junit5,C:\Users\ismak\Documents\GitHub\relation_test_code_smell_ML\dataset\projects\junit5\jupiter-tests\src\test\java\org\junit\jupiter\engine\descriptor\DisplayNameUtilsTests.java,
junit5,C:\Users\ismak\Documents\GitHub\relation_test_code_smell_ML\dataset\projects\junit5\jupiter-tests\src\test\java\org\junit\jupiter\engine\descriptor\ExtensionContextTests.java,
junit5,C:\Users\ismak\Documents\GitHub\relation_test_code_smell_ML\dataset\projects\junit5\jupiter-tests\src\test\java\org\junit\jupiter\engine\descriptor\ExtensionsUtilsTests.java,
junit5,C:\Users\ismak\Documents\GitHub\relation_test_code_smell_ML\dataset\projects\junit5\jupiter-tests\src\test\java\org\junit\jupiter\engine\descriptor\JupiterTestDescriptorTests.java,
junit5,C:\Users\ismak\Documents\GitHub\relation_test_code_smell_ML\dataset\projects\junit5\jupiter-tests\src\test\java\org\junit\jupiter\engine\descriptor\LauncherStoreFacadeTest.java,
junit5,C:\Users\ismak\Documents\GitHub\relation_test_code_smell_ML\dataset\projects\junit5\jupiter-tests\src\test\java\org\junit\jupiter\engine\descriptor\LifecycleMethodUtilsTests.java,
junit5,C:\Users\ismak\Documents\GitHub\relation_test_code_smell_ML\dataset\projects\junit5\jupiter-tests\src\test\java\org\junit\jupiter\engine\descriptor\NamespaceTests.java,
junit5,C:\Users\ismak\Documents\GitHub\relation_test_code_smell_ML\dataset\projects\junit5\jupiter-tests\src\test\java\org\junit\jupiter\engine\descriptor\ResourceAutoClosingTests.java,
junit5,C:\Users\ismak\Documents\GitHub\relation_test_code_smell_ML\dataset\projects\junit5\jupiter-tests\src\test\java\org\junit\jupiter\engine\descriptor\TestInstanceLifecycleUtilsTests.java,
junit5,C:\Users\ismak\Documents\GitHub\relation_test_code_smell_ML\dataset\projects\junit5\jupiter-tests\src\test\java\org\junit\jupiter\engine\descriptor\TestTemplateInvocationTestDescriptorTests.java,
junit5,C:\Users\ismak\Documents\GitHub\relation_test_code_smell_ML\dataset\projects\junit5\jupiter-tests\src\test\java\org\junit\jupiter\engine\descriptor\TestTemplateTestDescriptorTests.java,
junit5,C:\Users\ismak\Documents\GitHub\relation_test_code_smell_ML\dataset\projects\junit5\jupiter-tests\src\test\java\org\junit\jupiter\engine\DisabledTests.java,
junit5,C:\Users\ismak\Documents\GitHub\relation_test_code_smell_ML\dataset\projects\junit5\jupiter-tests\src\test\java\org\junit\jupiter\engine\discovery\DiscoverySelectorResolverTests.java,
junit5,C:\Users\ismak\Documents\GitHub\relation_test_code_smell_ML\dataset\projects\junit5\jupiter-tests\src\test\java\org\junit\jupiter\engine\discovery\DiscoveryTests.java,
junit5,C:\Users\ismak\Documents\GitHub\relation_test_code_smell_ML\dataset\projects\junit5\jupiter-tests\src\test\java\org\junit\jupiter\engine\discovery\predicates\IsTestFactoryMethodTests.java,
junit5,C:\Users\ismak\Documents\GitHub\relation_test_code_smell_ML\dataset\projects\junit5\jupiter-tests\src\test\java\org\junit\jupiter\engine\discovery\predicates\IsTestMethodTests.java,
junit5,C:\Users\ismak\Documents\GitHub\relation_test_code_smell_ML\dataset\projects\junit5\jupiter-tests\src\test\java\org\junit\jupiter\engine\discovery\predicates\IsTestTemplateMethodTests.java,
junit5,C:\Users\ismak\Documents\GitHub\relation_test_code_smell_ML\dataset\projects\junit5\jupiter-tests\src\test\java\org\junit\jupiter\engine\discovery\predicates\TestClassPredicatesTests.java,
junit5,C:\Users\ismak\Documents\GitHub\relation_test_code_smell_ML\dataset\projects\junit5\jupiter-tests\src\test\java\org\junit\jupiter\engine\DynamicNodeGenerationTests.java,
junit5,C:\Users\ismak\Documents\GitHub\relation_test_code_smell_ML\dataset\projects\junit5\jupiter-tests\src\test\java\org\junit\jupiter\engine\ExceptionHandlingTests.java,
junit5,C:\Users\ismak\Documents\GitHub\relation_test_code_smell_ML\dataset\projects\junit5\jupiter-tests\src\test\java\org\junit\jupiter\engine\execution\AbstractExecutableInvokerTests.java,
junit5,C:\Users\ismak\Documents\GitHub\relation_test_code_smell_ML\dataset\projects\junit5\jupiter-tests\src\test\java\org\junit\jupiter\engine\execution\DefaultExecutableInvokerTests.java,
junit5,C:\Users\ismak\Documents\GitHub\relation_test_code_smell_ML\dataset\projects\junit5\jupiter-tests\src\test\java\org\junit\jupiter\engine\execution\DefaultTestInstancesTests.java,
junit5,C:\Users\ismak\Documents\GitHub\relation_test_code_smell_ML\dataset\projects\junit5\jupiter-tests\src\test\java\org\junit\jupiter\engine\execution\DynamicTestIntegrationTests.java,
junit5,C:\Users\ismak\Documents\GitHub\relation_test_code_smell_ML\dataset\projects\junit5\jupiter-tests\src\test\java\org\junit\jupiter\engine\execution\ExtensionContextStoreConcurrencyTests.java,
junit5,C:\Users\ismak\Documents\GitHub\relation_test_code_smell_ML\dataset\projects\junit5\jupiter-tests\src\test\java\org\junit\jupiter\engine\execution\ExtensionContextStoreTests.java,
junit5,C:\Users\ismak\Documents\GitHub\relation_test_code_smell_ML\dataset\projects\junit5\jupiter-tests\src\test\java\org\junit\jupiter\engine\execution\InterceptingExecutableInvokerTests.java,
junit5,C:\Users\ismak\Documents\GitHub\relation_test_code_smell_ML\dataset\projects\junit5\jupiter-tests\src\test\java\org\junit\jupiter\engine\execution\JupiterEngineExecutionContextTests.java,
junit5,C:\Users\ismak\Documents\GitHub\relation_test_code_smell_ML\dataset\projects\junit5\jupiter-tests\src\test\java\org\junit\jupiter\engine\execution\UniqueIdParsingForArrayParameterIntegrationTests.java,
junit5,C:\Users\ismak\Documents\GitHub\relation_test_code_smell_ML\dataset\projects\junit5\jupiter-tests\src\test\java\org\junit\jupiter\engine\ExecutionCancellationTests.java,
junit5,C:\Users\ismak\Documents\GitHub\relation_test_code_smell_ML\dataset\projects\junit5\jupiter-tests\src\test\java\org\junit\jupiter\engine\extension\AutoCloseTests.java,
junit5,C:\Users\ismak\Documents\GitHub\relation_test_code_smell_ML\dataset\projects\junit5\jupiter-tests\src\test\java\org\junit\jupiter\engine\extension\BeforeAndAfterAllTests.java,
junit5,C:\Users\ismak\Documents\GitHub\relation_test_code_smell_ML\dataset\projects\junit5\jupiter-tests\src\test\java\org\junit\jupiter\engine\extension\BeforeAndAfterEachTests.java,
junit5,C:\Users\ismak\Documents\GitHub\relation_test_code_smell_ML\dataset\projects\junit5\jupiter-tests\src\test\java\org\junit\jupiter\engine\extension\BeforeAndAfterTestExecutionCallbackTests.java,
junit5,C:\Users\ismak\Documents\GitHub\relation_test_code_smell_ML\dataset\projects\junit5\jupiter-tests\src\test\java\org\junit\jupiter\engine\extension\DefaultTestReporterTests.java,
junit5,C:\Users\ismak\Documents\GitHub\relation_test_code_smell_ML\dataset\projects\junit5\jupiter-tests\src\test\java\org\junit\jupiter\engine\extension\ExecutionConditionTests.java,
junit5,C:\Users\ismak\Documents\GitHub\relation_test_code_smell_ML\dataset\projects\junit5\jupiter-tests\src\test\java\org\junit\jupiter\engine\extension\ExtensionContextExecutionTests.java,
junit5,C:\Users\ismak\Documents\GitHub\relation_test_code_smell_ML\dataset\projects\junit5\jupiter-tests\src\test\java\org\junit\jupiter\engine\extension\ExtensionRegistryTests.java,
junit5,C:\Users\ismak\Documents\GitHub\relation_test_code_smell_ML\dataset\projects\junit5\jupiter-tests\src\test\java\org\junit\jupiter\engine\extension\LifecycleMethodExecutionExceptionHandlerTests.java,
junit5,C:\Users\ismak\Documents\GitHub\relation_test_code_smell_ML\dataset\projects\junit5\jupiter-tests\src\test\java\org\junit\jupiter\engine\extension\OrderedProgrammaticExtensionRegistrationTests.java,
junit5,C:\Users\ismak\Documents\GitHub\relation_test_code_smell_ML\dataset\projects\junit5\jupiter-tests\src\test\java\org\junit\jupiter\engine\extension\ParameterResolverTests.java,
junit5,C:\Users\ismak\Documents\GitHub\relation_test_code_smell_ML\dataset\projects\junit5\jupiter-tests\src\test\java\org\junit\jupiter\engine\extension\PreInterruptCallbackTests.java,
junit5,C:\Users\ismak\Documents\GitHub\relation_test_code_smell_ML\dataset\projects\junit5\jupiter-tests\src\test\java\org\junit\jupiter\engine\extension\SameThreadTimeoutInvocationTests.java,
junit5,C:\Users\ismak\Documents\GitHub\relation_test_code_smell_ML\dataset\projects\junit5\jupiter-tests\src\test\java\org\junit\jupiter\engine\extension\SeparateThreadTimeoutInvocationTests.java,
junit5,C:\Users\ismak\Documents\GitHub\relation_test_code_smell_ML\dataset\projects\junit5\jupiter-tests\src\test\java\org\junit\jupiter\engine\extension\TempDirectoryCleanupTests.java,
junit5,C:\Users\ismak\Documents\GitHub\relation_test_code_smell_ML\dataset\projects\junit5\jupiter-tests\src\test\java\org\junit\jupiter\engine\extension\TempDirectoryMetaAnnotationTests.java,
junit5,C:\Users\ismak\Documents\GitHub\relation_test_code_smell_ML\dataset\projects\junit5\jupiter-tests\src\test\java\org\junit\jupiter\engine\extension\TestExecutionExceptionHandlerTests.java,
junit5,C:\Users\ismak\Documents\GitHub\relation_test_code_smell_ML\dataset\projects\junit5\jupiter-tests\src\test\java\org\junit\jupiter\engine\extension\TestInfoParameterResolverTests.java,
junit5,C:\Users\ismak\Documents\GitHub\relation_test_code_smell_ML\dataset\projects\junit5\jupiter-tests\src\test\java\org\junit\jupiter\engine\extension\TestInstanceFactoryTests.java,
junit5,C:\Users\ismak\Documents\GitHub\relation_test_code_smell_ML\dataset\projects\junit5\jupiter-tests\src\test\java\org\junit\jupiter\engine\extension\TestInstancePostProcessorAndPreDestroyCallbackTests.java,
junit5,C:\Users\ismak\Documents\GitHub\relation_test_code_smell_ML\dataset\projects\junit5\jupiter-tests\src\test\java\org\junit\jupiter\engine\extension\TestInstancePreConstructCallbackTests.java,
junit5,C:\Users\ismak\Documents\GitHub\relation_test_code_smell_ML\dataset\projects\junit5\jupiter-tests\src\test\java\org\junit\jupiter\engine\extension\TestInstancePreDestroyCallbackUtilityMethodTests.java,
junit5,C:\Users\ismak\Documents\GitHub\relation_test_code_smell_ML\dataset\projects\junit5\jupiter-tests\src\test\java\org\junit\jupiter\engine\extension\TestReporterParameterResolverTests.java,
junit5,C:\Users\ismak\Documents\GitHub\relation_test_code_smell_ML\dataset\projects\junit5\jupiter-tests\src\test\java\org\junit\jupiter\engine\extension\TestWatcherTests.java,
junit5,C:\Users\ismak\Documents\GitHub\relation_test_code_smell_ML\dataset\projects\junit5\jupiter-tests\src\test\java\org\junit\jupiter\engine\extension\TimeoutDurationParserTests.java,
junit5,C:\Users\ismak\Documents\GitHub\relation_test_code_smell_ML\dataset\projects\junit5\jupiter-tests\src\test\java\org\junit\jupiter\engine\extension\TimeoutDurationTests.java,
junit5,C:\Users\ismak\Documents\GitHub\relation_test_code_smell_ML\dataset\projects\junit5\jupiter-tests\src\test\java\org\junit\jupiter\engine\extension\TimeoutExceptionFactoryTests.java,
junit5,C:\Users\ismak\Documents\GitHub\relation_test_code_smell_ML\dataset\projects\junit5\jupiter-tests\src\test\java\org\junit\jupiter\engine\extension\TimeoutExtensionTests.java,
junit5,C:\Users\ismak\Documents\GitHub\relation_test_code_smell_ML\dataset\projects\junit5\jupiter-tests\src\test\java\org\junit\jupiter\engine\extension\TimeoutInvocationFactoryTests.java,
junit5,C:\Users\ismak\Documents\GitHub\relation_test_code_smell_ML\dataset\projects\junit5\jupiter-tests\src\test\java\org\junit\jupiter\engine\FailedAssumptionsTests.java,
junit5,C:\Users\ismak\Documents\GitHub\relation_test_code_smell_ML\dataset\projects\junit5\jupiter-tests\src\test\java\org\junit\jupiter\engine\InvalidLifecycleMethodConfigurationTests.java,
junit5,C:\Users\ismak\Documents\GitHub\relation_test_code_smell_ML\dataset\projects\junit5\jupiter-tests\src\test\java\org\junit\jupiter\engine\JupiterTestEngineTests.java,
junit5,C:\Users\ismak\Documents\GitHub\relation_test_code_smell_ML\dataset\projects\junit5\jupiter-tests\src\test\java\org\junit\jupiter\engine\LifecycleMethodOverridingTests.java,
junit5,C:\Users\ismak\Documents\GitHub\relation_test_code_smell_ML\dataset\projects\junit5\jupiter-tests\src\test\java\org\junit\jupiter\engine\MultipleTestableAnnotationsTests.java,
junit5,C:\Users\ismak\Documents\GitHub\relation_test_code_smell_ML\dataset\projects\junit5\jupiter-tests\src\test\java\org\junit\jupiter\engine\NestedTestClassesTests.java,
junit5,C:\Users\ismak\Documents\GitHub\relation_test_code_smell_ML\dataset\projects\junit5\jupiter-tests\src\test\java\org\junit\jupiter\engine\NestedWithInheritanceTests.java,
junit5,C:\Users\ismak\Documents\GitHub\relation_test_code_smell_ML\dataset\projects\junit5\jupiter-tests\src\test\java\org\junit\jupiter\engine\NestedWithSeparateInheritanceTests.java,
junit5,C:\Users\ismak\Documents\GitHub\relation_test_code_smell_ML\dataset\projects\junit5\jupiter-tests\src\test\java\org\junit\jupiter\engine\OverloadedTestMethodTests.java,
junit5,C:\Users\ismak\Documents\GitHub\relation_test_code_smell_ML\dataset\projects\junit5\jupiter-tests\src\test\java\org\junit\jupiter\engine\StandardTestClassTests.java,
junit5,C:\Users\ismak\Documents\GitHub\relation_test_code_smell_ML\dataset\projects\junit5\jupiter-tests\src\test\java\org\junit\jupiter\engine\StaticNestedBeforeAllAndAfterAllMethodsTests.java,
junit5,C:\Users\ismak\Documents\GitHub\relation_test_code_smell_ML\dataset\projects\junit5\jupiter-tests\src\test\java\org\junit\jupiter\engine\support\OpenTest4JAndJUnit4AwareThrowableCollectorTests.java,
junit5,C:\Users\ismak\Documents\GitHub\relation_test_code_smell_ML\dataset\projects\junit5\jupiter-tests\src\test\java\org\junit\jupiter\engine\TestClassInheritanceTests.java,
junit5,C:\Users\ismak\Documents\GitHub\relation_test_code_smell_ML\dataset\projects\junit5\jupiter-tests\src\test\java\org\junit\jupiter\engine\TestInstanceLifecycleConfigurationTests.java,
junit5,C:\Users\ismak\Documents\GitHub\relation_test_code_smell_ML\dataset\projects\junit5\jupiter-tests\src\test\java\org\junit\jupiter\engine\TestInstanceLifecycleKotlinTests.java,
junit5,C:\Users\ismak\Documents\GitHub\relation_test_code_smell_ML\dataset\projects\junit5\jupiter-tests\src\test\java\org\junit\jupiter\engine\TestMethodOverridingTests.java,
junit5,C:\Users\ismak\Documents\GitHub\relation_test_code_smell_ML\dataset\projects\junit5\jupiter-tests\src\test\java\org\junit\jupiter\engine\TestTemplateInvocationTests.java,
junit5,C:\Users\ismak\Documents\GitHub\relation_test_code_smell_ML\dataset\projects\junit5\jupiter-tests\src\test\java\org\junit\jupiter\migrationsupport\conditions\IgnoreAnnotationIntegrationTests.java,
junit5,C:\Users\ismak\Documents\GitHub\relation_test_code_smell_ML\dataset\projects\junit5\jupiter-tests\src\test\java\org\junit\jupiter\migrationsupport\conditions\IgnoreConditionTests.java,
junit5,C:\Users\ismak\Documents\GitHub\relation_test_code_smell_ML\dataset\projects\junit5\jupiter-tests\src\test\java\org\junit\jupiter\migrationsupport\rules\EnableRuleMigrationSupportWithBothRuleTypesTests.java,
junit5,C:\Users\ismak\Documents\GitHub\relation_test_code_smell_ML\dataset\projects\junit5\jupiter-tests\src\test\java\org\junit\jupiter\migrationsupport\rules\ExpectedExceptionSupportTests.java,
junit5,C:\Users\ismak\Documents\GitHub\relation_test_code_smell_ML\dataset\projects\junit5\jupiter-tests\src\test\java\org\junit\jupiter\migrationsupport\rules\ExternalResourceSupportForDifferentDeclaredReturnTypesRulesTests.java,
junit5,C:\Users\ismak\Documents\GitHub\relation_test_code_smell_ML\dataset\projects\junit5\jupiter-tests\src\test\java\org\junit\jupiter\migrationsupport\rules\ExternalResourceSupportForMixedMethodAndFieldRulesTests.java,
junit5,C:\Users\ismak\Documents\GitHub\relation_test_code_smell_ML\dataset\projects\junit5\jupiter-tests\src\test\java\org\junit\jupiter\migrationsupport\rules\ExternalResourceSupportForMultipleFieldRulesTests.java,
junit5,C:\Users\ismak\Documents\GitHub\relation_test_code_smell_ML\dataset\projects\junit5\jupiter-tests\src\test\java\org\junit\jupiter\migrationsupport\rules\ExternalResourceSupportForMultipleMethodRulesTests.java,
junit5,C:\Users\ismak\Documents\GitHub\relation_test_code_smell_ML\dataset\projects\junit5\jupiter-tests\src\test\java\org\junit\jupiter\migrationsupport\rules\ExternalResourceSupportForTemporaryFolderFieldTests.java,
junit5,C:\Users\ismak\Documents\GitHub\relation_test_code_smell_ML\dataset\projects\junit5\jupiter-tests\src\test\java\org\junit\jupiter\migrationsupport\rules\ExternalResourceSupportWithInheritanceTests.java,
junit5,C:\Users\ismak\Documents\GitHub\relation_test_code_smell_ML\dataset\projects\junit5\jupiter-tests\src\test\java\org\junit\jupiter\migrationsupport\rules\ExternalResourceWithoutAdapterTests.java,
junit5,C:\Users\ismak\Documents\GitHub\relation_test_code_smell_ML\dataset\projects\junit5\jupiter-tests\src\test\java\org\junit\jupiter\migrationsupport\rules\LauncherBasedEnableRuleMigrationSupportTests.java,
junit5,C:\Users\ismak\Documents\GitHub\relation_test_code_smell_ML\dataset\projects\junit5\jupiter-tests\src\test\java\org\junit\jupiter\migrationsupport\rules\VerifierSupportForMixedMethodAndFieldRulesTests.java,
junit5,C:\Users\ismak\Documents\GitHub\relation_test_code_smell_ML\dataset\projects\junit5\jupiter-tests\src\test\java\org\junit\jupiter\migrationsupport\rules\WrongExtendWithForVerifierFieldTests.java,
junit5,C:\Users\ismak\Documents\GitHub\relation_test_code_smell_ML\dataset\projects\junit5\jupiter-tests\src\test\java\org\junit\jupiter\migrationsupport\rules\WrongExtendWithForVerifierMethodTests.java,
junit5,C:\Users\ismak\Documents\GitHub\relation_test_code_smell_ML\dataset\projects\junit5\jupiter-tests\src\test\java\org\junit\jupiter\params\aggregator\AggregatorIntegrationTests.java,
junit5,C:\Users\ismak\Documents\GitHub\relation_test_code_smell_ML\dataset\projects\junit5\jupiter-tests\src\test\java\org\junit\jupiter\params\aggregator\DefaultArgumentsAccessorTests.java,
junit5,C:\Users\ismak\Documents\GitHub\relation_test_code_smell_ML\dataset\projects\junit5\jupiter-tests\src\test\java\org\junit\jupiter\params\converter\DefaultArgumentConverterTests.java,
junit5,C:\Users\ismak\Documents\GitHub\relation_test_code_smell_ML\dataset\projects\junit5\jupiter-tests\src\test\java\org\junit\jupiter\params\converter\JavaTimeArgumentConverterTests.java,
junit5,C:\Users\ismak\Documents\GitHub\relation_test_code_smell_ML\dataset\projects\junit5\jupiter-tests\src\test\java\org\junit\jupiter\params\converter\TypedArgumentConverterTests.java,
junit5,C:\Users\ismak\Documents\GitHub\relation_test_code_smell_ML\dataset\projects\junit5\jupiter-tests\src\test\java\org\junit\jupiter\params\ParameterInfoIntegrationTests.java,
junit5,C:\Users\ismak\Documents\GitHub\relation_test_code_smell_ML\dataset\projects\junit5\jupiter-tests\src\test\java\org\junit\jupiter\params\ParameterizedTestContextTests.java,
junit5,C:\Users\ismak\Documents\GitHub\relation_test_code_smell_ML\dataset\projects\junit5\jupiter-tests\src\test\java\org\junit\jupiter\params\provider\AnnotationBasedArgumentsProviderTests.java,
junit5,C:\Users\ismak\Documents\GitHub\relation_test_code_smell_ML\dataset\projects\junit5\jupiter-tests\src\test\java\org\junit\jupiter\params\provider\ArgumentsTests.java,
junit5,C:\Users\ismak\Documents\GitHub\relation_test_code_smell_ML\dataset\projects\junit5\jupiter-tests\src\test\java\org\junit\jupiter\params\provider\EnumArgumentsProviderTests.java,
junit5,C:\Users\ismak\Documents\GitHub\relation_test_code_smell_ML\dataset\projects\junit5\jupiter-tests\src\test\java\org\junit\jupiter\params\provider\EnumSourceTests.java,
junit5,C:\Users\ismak\Documents\GitHub\relation_test_code_smell_ML\dataset\projects\junit5\jupiter-tests\src\test\java\org\junit\jupiter\params\provider\ValueArgumentsProviderTests.java,
junit5,C:\Users\ismak\Documents\GitHub\relation_test_code_smell_ML\dataset\projects\junit5\jupiter-tests\src\test\java\org\junit\jupiter\params\support\AnnotationConsumerInitializerTests.java,
junit5,C:\Users\ismak\Documents\GitHub\relation_test_code_smell_ML\dataset\projects\junit5\jupiter-tests\src\test\java\org\junit\jupiter\params\support\DeprecatedParameterInfoIntegrationTests.java,
junit5,C:\Users\ismak\Documents\GitHub\relation_test_code_smell_ML\dataset\projects\junit5\platform-tests\src\test\java\org\junit\platform\commons\annotation\TestableAnnotationTests.java,
junit5,C:\Users\ismak\Documents\GitHub\relation_test_code_smell_ML\dataset\projects\junit5\platform-tests\src\test\java\org\junit\platform\commons\function\TryTests.java,
junit5,C:\Users\ismak\Documents\GitHub\relation_test_code_smell_ML\dataset\projects\junit5\platform-tests\src\test\java\org\junit\platform\commons\support\AnnotationSupportTests.java,
junit5,C:\Users\ismak\Documents\GitHub\relation_test_code_smell_ML\dataset\projects\junit5\platform-tests\src\test\java\org\junit\platform\commons\support\ClassSupportTests.java,
junit5,C:\Users\ismak\Documents\GitHub\relation_test_code_smell_ML\dataset\projects\junit5\platform-tests\src\test\java\org\junit\platform\commons\support\conversion\ConversionSupportTests.java,
junit5,C:\Users\ismak\Documents\GitHub\relation_test_code_smell_ML\dataset\projects\junit5\platform-tests\src\test\java\org\junit\platform\commons\support\ModifierSupportTests.java,
junit5,C:\Users\ismak\Documents\GitHub\relation_test_code_smell_ML\dataset\projects\junit5\platform-tests\src\test\java\org\junit\platform\commons\support\ReflectionSupportTests.java,
junit5,C:\Users\ismak\Documents\GitHub\relation_test_code_smell_ML\dataset\projects\junit5\platform-tests\src\test\java\org\junit\platform\commons\support\ResourceInteroperabilityTests.java,
junit5,C:\Users\ismak\Documents\GitHub\relation_test_code_smell_ML\dataset\projects\junit5\platform-tests\src\test\java\org\junit\platform\commons\support\ResourceSupportTests.java,
junit5,C:\Users\ismak\Documents\GitHub\relation_test_code_smell_ML\dataset\projects\junit5\platform-tests\src\test\java\org\junit\platform\commons\util\AnnotationUtilsTests.java,
junit5,C:\Users\ismak\Documents\GitHub\relation_test_code_smell_ML\dataset\projects\junit5\platform-tests\src\test\java\org\junit\platform\commons\util\ClassLoaderUtilsTests.java,
junit5,C:\Users\ismak\Documents\GitHub\relation_test_code_smell_ML\dataset\projects\junit5\platform-tests\src\test\java\org\junit\platform\commons\util\ClassNamePatternFilterUtilsTests.java,
junit5,C:\Users\ismak\Documents\GitHub\relation_test_code_smell_ML\dataset\projects\junit5\platform-tests\src\test\java\org\junit\platform\commons\util\ClassUtilsTests.java,
junit5,C:\Users\ismak\Documents\GitHub\relation_test_code_smell_ML\dataset\projects\junit5\platform-tests\src\test\java\org\junit\platform\commons\util\CloseablePathTests.java,
junit5,C:\Users\ismak\Documents\GitHub\relation_test_code_smell_ML\dataset\projects\junit5\platform-tests\src\test\java\org\junit\platform\commons\util\DefaultClasspathScannerTests.java,
junit5,C:\Users\ismak\Documents\GitHub\relation_test_code_smell_ML\dataset\projects\junit5\platform-tests\src\test\java\org\junit\platform\commons\util\ExceptionUtilsTests.java,
junit5,C:\Users\ismak\Documents\GitHub\relation_test_code_smell_ML\dataset\projects\junit5\platform-tests\src\test\java\org\junit\platform\commons\util\FunctionUtilsTests.java,
junit5,C:\Users\ismak\Documents\GitHub\relation_test_code_smell_ML\dataset\projects\junit5\platform-tests\src\test\java\org\junit\platform\commons\util\LruCacheTests.java,
junit5,C:\Users\ismak\Documents\GitHub\relation_test_code_smell_ML\dataset\projects\junit5\platform-tests\src\test\java\org\junit\platform\commons\util\PackageUtilsTests.java,
junit5,C:\Users\ismak\Documents\GitHub\relation_test_code_smell_ML\dataset\projects\junit5\platform-tests\src\test\java\org\junit\platform\commons\util\PreconditionsTests.java,
junit5,C:\Users\ismak\Documents\GitHub\relation_test_code_smell_ML\dataset\projects\junit5\platform-tests\src\test\java\org\junit\platform\commons\util\ReflectionUtilsTests.java,
junit5,C:\Users\ismak\Documents\GitHub\relation_test_code_smell_ML\dataset\projects\junit5\platform-tests\src\test\java\org\junit\platform\commons\util\ReflectionUtilsWithGenericTypeHierarchiesTests.java,
junit5,C:\Users\ismak\Documents\GitHub\relation_test_code_smell_ML\dataset\projects\junit5\platform-tests\src\test\java\org\junit\platform\commons\util\RuntimeUtilsTests.java,
junit5,C:\Users\ismak\Documents\GitHub\relation_test_code_smell_ML\dataset\projects\junit5\platform-tests\src\test\java\org\junit\platform\commons\util\StringUtilsTests.java,
junit5,C:\Users\ismak\Documents\GitHub\relation_test_code_smell_ML\dataset\projects\junit5\platform-tests\src\test\java\org\junit\platform\commons\util\ToStringBuilderTests.java,
junit5,C:\Users\ismak\Documents\GitHub\relation_test_code_smell_ML\dataset\projects\junit5\platform-tests\src\test\java\org\junit\platform\console\command\CommandLineOptionsParsingTests.java,
junit5,C:\Users\ismak\Documents\GitHub\relation_test_code_smell_ML\dataset\projects\junit5\platform-tests\src\test\java\org\junit\platform\console\command\ConsoleTestExecutorTests.java,
junit5,C:\Users\ismak\Documents\GitHub\relation_test_code_smell_ML\dataset\projects\junit5\platform-tests\src\test\java\org\junit\platform\console\command\ConsoleUtilsTests.java,
junit5,C:\Users\ismak\Documents\GitHub\relation_test_code_smell_ML\dataset\projects\junit5\platform-tests\src\test\java\org\junit\platform\console\command\CustomClassLoaderTests.java,
junit5,C:\Users\ismak\Documents\GitHub\relation_test_code_smell_ML\dataset\projects\junit5\platform-tests\src\test\java\org\junit\platform\console\command\CustomContextClassLoaderExecutorTests.java,
junit5,C:\Users\ismak\Documents\GitHub\relation_test_code_smell_ML\dataset\projects\junit5\platform-tests\src\test\java\org\junit\platform\console\command\DiscoveryRequestCreatorTests.java,
junit5,C:\Users\ismak\Documents\GitHub\relation_test_code_smell_ML\dataset\projects\junit5\platform-tests\src\test\java\org\junit\platform\console\command\ExecuteTestsCommandTests.java,
junit5,C:\Users\ismak\Documents\GitHub\relation_test_code_smell_ML\dataset\projects\junit5\platform-tests\src\test\java\org\junit\platform\console\command\ThemeTests.java,
junit5,C:\Users\ismak\Documents\GitHub\relation_test_code_smell_ML\dataset\projects\junit5\platform-tests\src\test\java\org\junit\platform\console\ConsoleLauncherIntegrationTests.java,
junit5,C:\Users\ismak\Documents\GitHub\relation_test_code_smell_ML\dataset\projects\junit5\platform-tests\src\test\java\org\junit\platform\console\ConsoleLauncherTests.java,
junit5,C:\Users\ismak\Documents\GitHub\relation_test_code_smell_ML\dataset\projects\junit5\platform-tests\src\test\java\org\junit\platform\console\output\FlatPrintingListenerTests.java,
junit5,C:\Users\ismak\Documents\GitHub\relation_test_code_smell_ML\dataset\projects\junit5\platform-tests\src\test\java\org\junit\platform\console\output\TreeNodeTests.java,
junit5,C:\Users\ismak\Documents\GitHub\relation_test_code_smell_ML\dataset\projects\junit5\platform-tests\src\test\java\org\junit\platform\console\output\TreePrinterTests.java,
junit5,C:\Users\ismak\Documents\GitHub\relation_test_code_smell_ML\dataset\projects\junit5\platform-tests\src\test\java\org\junit\platform\console\output\VerboseTreePrintingListenerTests.java,
junit5,C:\Users\ismak\Documents\GitHub\relation_test_code_smell_ML\dataset\projects\junit5\platform-tests\src\test\java\org\junit\platform\console\subpackage\ContainerForInnerTest.java,
junit5,C:\Users\ismak\Documents\GitHub\relation_test_code_smell_ML\dataset\projects\junit5\platform-tests\src\test\java\org\junit\platform\console\subpackage\ContainerForInnerTests.java,
junit5,C:\Users\ismak\Documents\GitHub\relation_test_code_smell_ML\dataset\projects\junit5\platform-tests\src\test\java\org\junit\platform\console\subpackage\ContainerForStaticNestedTest.java,
junit5,C:\Users\ismak\Documents\GitHub\relation_test_code_smell_ML\dataset\projects\junit5\platform-tests\src\test\java\org\junit\platform\console\subpackage\ContainerForStaticNestedTests.java,
junit5,C:\Users\ismak\Documents\GitHub\relation_test_code_smell_ML\dataset\projects\junit5\platform-tests\src\test\java\org\junit\platform\console\subpackage\SecondTest.java,
junit5,C:\Users\ismak\Documents\GitHub\relation_test_code_smell_ML\dataset\projects\junit5\platform-tests\src\test\java\org\junit\platform\console\subpackage\Test.java,
junit5,C:\Users\ismak\Documents\GitHub\relation_test_code_smell_ML\dataset\projects\junit5\platform-tests\src\test\java\org\junit\platform\console\subpackage\Test1.java,
junit5,C:\Users\ismak\Documents\GitHub\relation_test_code_smell_ML\dataset\projects\junit5\platform-tests\src\test\java\org\junit\platform\console\subpackage\Tests.java,
junit5,C:\Users\ismak\Documents\GitHub\relation_test_code_smell_ML\dataset\projects\junit5\platform-tests\src\test\java\org\junit\platform\console\subpackage\ThirdTests.java,
junit5,C:\Users\ismak\Documents\GitHub\relation_test_code_smell_ML\dataset\projects\junit5\platform-tests\src\test\java\org\junit\platform\engine\CompositeTestDescriptorVisitorTests.java,
junit5,C:\Users\ismak\Documents\GitHub\relation_test_code_smell_ML\dataset\projects\junit5\platform-tests\src\test\java\org\junit\platform\engine\discovery\ClassNameFilterTests.java,
junit5,C:\Users\ismak\Documents\GitHub\relation_test_code_smell_ML\dataset\projects\junit5\platform-tests\src\test\java\org\junit\platform\engine\discovery\ClasspathResourceSelectorTests.java,
junit5,C:\Users\ismak\Documents\GitHub\relation_test_code_smell_ML\dataset\projects\junit5\platform-tests\src\test\java\org\junit\platform\engine\discovery\ClasspathRootSelectorTests.java,
junit5,C:\Users\ismak\Documents\GitHub\relation_test_code_smell_ML\dataset\projects\junit5\platform-tests\src\test\java\org\junit\platform\engine\discovery\ClassSelectorTests.java,
junit5,C:\Users\ismak\Documents\GitHub\relation_test_code_smell_ML\dataset\projects\junit5\platform-tests\src\test\java\org\junit\platform\engine\discovery\DirectorySelectorTests.java,
junit5,C:\Users\ismak\Documents\GitHub\relation_test_code_smell_ML\dataset\projects\junit5\platform-tests\src\test\java\org\junit\platform\engine\discovery\FilePositionTests.java,
junit5,C:\Users\ismak\Documents\GitHub\relation_test_code_smell_ML\dataset\projects\junit5\platform-tests\src\test\java\org\junit\platform\engine\discovery\FileSelectorTests.java,
junit5,C:\Users\ismak\Documents\GitHub\relation_test_code_smell_ML\dataset\projects\junit5\platform-tests\src\test\java\org\junit\platform\engine\discovery\MethodSelectorTests.java,
junit5,C:\Users\ismak\Documents\GitHub\relation_test_code_smell_ML\dataset\projects\junit5\platform-tests\src\test\java\org\junit\platform\engine\discovery\ModuleSelectorTests.java,
junit5,C:\Users\ismak\Documents\GitHub\relation_test_code_smell_ML\dataset\projects\junit5\platform-tests\src\test\java\org\junit\platform\engine\discovery\NestedClassSelectorTests.java,
junit5,C:\Users\ismak\Documents\GitHub\relation_test_code_smell_ML\dataset\projects\junit5\platform-tests\src\test\java\org\junit\platform\engine\discovery\NestedMethodSelectorTests.java,
junit5,C:\Users\ismak\Documents\GitHub\relation_test_code_smell_ML\dataset\projects\junit5\platform-tests\src\test\java\org\junit\platform\engine\discovery\PackageNameFilterTests.java,
junit5,C:\Users\ismak\Documents\GitHub\relation_test_code_smell_ML\dataset\projects\junit5\platform-tests\src\test\java\org\junit\platform\engine\discovery\PackageSelectorTests.java,
junit5,C:\Users\ismak\Documents\GitHub\relation_test_code_smell_ML\dataset\projects\junit5\platform-tests\src\test\java\org\junit\platform\engine\discovery\UniqueIdSelectorTests.java,
junit5,C:\Users\ismak\Documents\GitHub\relation_test_code_smell_ML\dataset\projects\junit5\platform-tests\src\test\java\org\junit\platform\engine\discovery\UriSelectorTests.java,
junit5,C:\Users\ismak\Documents\GitHub\relation_test_code_smell_ML\dataset\projects\junit5\platform-tests\src\test\java\org\junit\platform\engine\DiscoveryIssueTests.java,
junit5,C:\Users\ismak\Documents\GitHub\relation_test_code_smell_ML\dataset\projects\junit5\platform-tests\src\test\java\org\junit\platform\engine\FilterCompositionTests.java,
junit5,C:\Users\ismak\Documents\GitHub\relation_test_code_smell_ML\dataset\projects\junit5\platform-tests\src\test\java\org\junit\platform\engine\support\config\PrefixedConfigurationParametersTests.java,
junit5,C:\Users\ismak\Documents\GitHub\relation_test_code_smell_ML\dataset\projects\junit5\platform-tests\src\test\java\org\junit\platform\engine\support\descriptor\AbstractTestSourceTests.java,
junit5,C:\Users\ismak\Documents\GitHub\relation_test_code_smell_ML\dataset\projects\junit5\platform-tests\src\test\java\org\junit\platform\engine\support\descriptor\ClasspathResourceSourceTests.java,
junit5,C:\Users\ismak\Documents\GitHub\relation_test_code_smell_ML\dataset\projects\junit5\platform-tests\src\test\java\org\junit\platform\engine\support\descriptor\ClassSourceTests.java,
junit5,C:\Users\ismak\Documents\GitHub\relation_test_code_smell_ML\dataset\projects\junit5\platform-tests\src\test\java\org\junit\platform\engine\support\descriptor\CompositeTestSourceTests.java,
junit5,C:\Users\ismak\Documents\GitHub\relation_test_code_smell_ML\dataset\projects\junit5\platform-tests\src\test\java\org\junit\platform\engine\support\descriptor\DefaultUriSourceTests.java,
junit5,C:\Users\ismak\Documents\GitHub\relation_test_code_smell_ML\dataset\projects\junit5\platform-tests\src\test\java\org\junit\platform\engine\support\descriptor\FilePositionTests.java,
junit5,C:\Users\ismak\Documents\GitHub\relation_test_code_smell_ML\dataset\projects\junit5\platform-tests\src\test\java\org\junit\platform\engine\support\descriptor\FileSystemSourceTests.java,
junit5,C:\Users\ismak\Documents\GitHub\relation_test_code_smell_ML\dataset\projects\junit5\platform-tests\src\test\java\org\junit\platform\engine\support\descriptor\MethodSourceTests.java,
junit5,C:\Users\ismak\Documents\GitHub\relation_test_code_smell_ML\dataset\projects\junit5\platform-tests\src\test\java\org\junit\platform\engine\support\descriptor\PackageSourceTests.java,
junit5,C:\Users\ismak\Documents\GitHub\relation_test_code_smell_ML\dataset\projects\junit5\platform-tests\src\test\java\org\junit\platform\engine\support\descriptor\TestDescriptorOrderChildrenTests.java,
junit5,C:\Users\ismak\Documents\GitHub\relation_test_code_smell_ML\dataset\projects\junit5\platform-tests\src\test\java\org\junit\platform\engine\support\descriptor\TestDescriptorTests.java,
junit5,C:\Users\ismak\Documents\GitHub\relation_test_code_smell_ML\dataset\projects\junit5\platform-tests\src\test\java\org\junit\platform\engine\support\discovery\EngineDiscoveryRequestResolverTests.java,
junit5,C:\Users\ismak\Documents\GitHub\relation_test_code_smell_ML\dataset\projects\junit5\platform-tests\src\test\java\org\junit\platform\engine\support\discovery\ResourceContainerSelectorResolverTest.java,
junit5,C:\Users\ismak\Documents\GitHub\relation_test_code_smell_ML\dataset\projects\junit5\platform-tests\src\test\java\org\junit\platform\engine\support\hierarchical\CompositeLockTests.java,
junit5,C:\Users\ismak\Documents\GitHub\relation_test_code_smell_ML\dataset\projects\junit5\platform-tests\src\test\java\org\junit\platform\engine\support\hierarchical\DefaultParallelExecutionConfigurationStrategyTests.java,
junit5,C:\Users\ismak\Documents\GitHub\relation_test_code_smell_ML\dataset\projects\junit5\platform-tests\src\test\java\org\junit\platform\engine\support\hierarchical\ForkJoinPoolHierarchicalTestExecutorServiceTests.java,
junit5,C:\Users\ismak\Documents\GitHub\relation_test_code_smell_ML\dataset\projects\junit5\platform-tests\src\test\java\org\junit\platform\engine\support\hierarchical\HierarchicalTestExecutorTests.java,
junit5,C:\Users\ismak\Documents\GitHub\relation_test_code_smell_ML\dataset\projects\junit5\platform-tests\src\test\java\org\junit\platform\engine\support\hierarchical\LockManagerTests.java,
junit5,C:\Users\ismak\Documents\GitHub\relation_test_code_smell_ML\dataset\projects\junit5\platform-tests\src\test\java\org\junit\platform\engine\support\hierarchical\MemoryLeakTests.java,
junit5,C:\Users\ismak\Documents\GitHub\relation_test_code_smell_ML\dataset\projects\junit5\platform-tests\src\test\java\org\junit\platform\engine\support\hierarchical\NodeTreeWalkerIntegrationTests.java,
junit5,C:\Users\ismak\Documents\GitHub\relation_test_code_smell_ML\dataset\projects\junit5\platform-tests\src\test\java\org\junit\platform\engine\support\hierarchical\ResourceLockTests.java,
junit5,C:\Users\ismak\Documents\GitHub\relation_test_code_smell_ML\dataset\projects\junit5\platform-tests\src\test\java\org\junit\platform\engine\support\hierarchical\SameThreadExecutionIntegrationTests.java,
junit5,C:\Users\ismak\Documents\GitHub\relation_test_code_smell_ML\dataset\projects\junit5\platform-tests\src\test\java\org\junit\platform\engine\support\hierarchical\SingleLockTests.java,
junit5,C:\Users\ismak\Documents\GitHub\relation_test_code_smell_ML\dataset\projects\junit5\platform-tests\src\test\java\org\junit\platform\engine\support\hierarchical\ThrowableCollectorTests.java,
junit5,C:\Users\ismak\Documents\GitHub\relation_test_code_smell_ML\dataset\projects\junit5\platform-tests\src\test\java\org\junit\platform\engine\support\hierarchical\WorkerLeaseManagerTests.java,
junit5,C:\Users\ismak\Documents\GitHub\relation_test_code_smell_ML\dataset\projects\junit5\platform-tests\src\test\java\org\junit\platform\engine\support\store\NamespaceTests.java,
junit5,C:\Users\ismak\Documents\GitHub\relation_test_code_smell_ML\dataset\projects\junit5\platform-tests\src\test\java\org\junit\platform\engine\TestDescriptorTests.java,
junit5,C:\Users\ismak\Documents\GitHub\relation_test_code_smell_ML\dataset\projects\junit5\platform-tests\src\test\java\org\junit\platform\engine\TestTagTests.java,
junit5,C:\Users\ismak\Documents\GitHub\relation_test_code_smell_ML\dataset\projects\junit5\platform-tests\src\test\java\org\junit\platform\engine\UniqueIdFormatTests.java,
junit5,C:\Users\ismak\Documents\GitHub\relation_test_code_smell_ML\dataset\projects\junit5\platform-tests\src\test\java\org\junit\platform\launcher\core\ClasspathAlignmentCheckerTests.java,
junit5,C:\Users\ismak\Documents\GitHub\relation_test_code_smell_ML\dataset\projects\junit5\platform-tests\src\test\java\org\junit\platform\launcher\core\CompositeEngineExecutionListenerTests.java,
junit5,C:\Users\ismak\Documents\GitHub\relation_test_code_smell_ML\dataset\projects\junit5\platform-tests\src\test\java\org\junit\platform\launcher\core\CompositeTestExecutionListenerTests.java,
junit5,C:\Users\ismak\Documents\GitHub\relation_test_code_smell_ML\dataset\projects\junit5\platform-tests\src\test\java\org\junit\platform\launcher\core\DefaultLauncherEngineFilterTests.java,
junit5,C:\Users\ismak\Documents\GitHub\relation_test_code_smell_ML\dataset\projects\junit5\platform-tests\src\test\java\org\junit\platform\launcher\core\DefaultLauncherTests.java,
junit5,C:\Users\ismak\Documents\GitHub\relation_test_code_smell_ML\dataset\projects\junit5\platform-tests\src\test\java\org\junit\platform\launcher\core\DiscoveryIssueCollectorTests.java,
junit5,C:\Users\ismak\Documents\GitHub\relation_test_code_smell_ML\dataset\projects\junit5\platform-tests\src\test\java\org\junit\platform\launcher\core\ExecutionListenerAdapterTests.java,
junit5,C:\Users\ismak\Documents\GitHub\relation_test_code_smell_ML\dataset\projects\junit5\platform-tests\src\test\java\org\junit\platform\launcher\core\HierarchicalOutputDirectoryCreatorTests.java,
junit5,C:\Users\ismak\Documents\GitHub\relation_test_code_smell_ML\dataset\projects\junit5\platform-tests\src\test\java\org\junit\platform\launcher\core\InternalTestPlanTests.java,
junit5,C:\Users\ismak\Documents\GitHub\relation_test_code_smell_ML\dataset\projects\junit5\platform-tests\src\test\java\org\junit\platform\launcher\core\LauncherConfigTests.java,
junit5,C:\Users\ismak\Documents\GitHub\relation_test_code_smell_ML\dataset\projects\junit5\platform-tests\src\test\java\org\junit\platform\launcher\core\LauncherDiscoveryRequestBuilderTests.java,
junit5,C:\Users\ismak\Documents\GitHub\relation_test_code_smell_ML\dataset\projects\junit5\platform-tests\src\test\java\org\junit\platform\launcher\core\LauncherFactoryTests.java,
junit5,C:\Users\ismak\Documents\GitHub\relation_test_code_smell_ML\dataset\projects\junit5\platform-tests\src\test\java\org\junit\platform\launcher\core\LauncherPreconditionTests.java,
junit5,C:\Users\ismak\Documents\GitHub\relation_test_code_smell_ML\dataset\projects\junit5\platform-tests\src\test\java\org\junit\platform\launcher\core\LauncherSessionTests.java,
junit5,C:\Users\ismak\Documents\GitHub\relation_test_code_smell_ML\dataset\projects\junit5\platform-tests\src\test\java\org\junit\platform\launcher\core\ListenerRegistryTests.java,
junit5,C:\Users\ismak\Documents\GitHub\relation_test_code_smell_ML\dataset\projects\junit5\platform-tests\src\test\java\org\junit\platform\launcher\core\MemoryCleanupListenerTests.java,
junit5,C:\Users\ismak\Documents\GitHub\relation_test_code_smell_ML\dataset\projects\junit5\platform-tests\src\test\java\org\junit\platform\launcher\core\StoreSharingTests.java,
junit5,C:\Users\ismak\Documents\GitHub\relation_test_code_smell_ML\dataset\projects\junit5\platform-tests\src\test\java\org\junit\platform\launcher\core\StreamInterceptingTestExecutionListenerIntegrationTests.java,
junit5,C:\Users\ismak\Documents\GitHub\relation_test_code_smell_ML\dataset\projects\junit5\platform-tests\src\test\java\org\junit\platform\launcher\core\StreamInterceptorTests.java,
junit5,C:\Users\ismak\Documents\GitHub\relation_test_code_smell_ML\dataset\projects\junit5\platform-tests\src\test\java\org\junit\platform\launcher\jfr\FlightRecordingDiscoveryListenerIntegrationTests.java,
junit5,C:\Users\ismak\Documents\GitHub\relation_test_code_smell_ML\dataset\projects\junit5\platform-tests\src\test\java\org\junit\platform\launcher\jfr\FlightRecordingExecutionListenerIntegrationTests.java,
junit5,C:\Users\ismak\Documents\GitHub\relation_test_code_smell_ML\dataset\projects\junit5\platform-tests\src\test\java\org\junit\platform\launcher\listeners\discovery\AbortOnFailureLauncherDiscoveryListenerTests.java,
junit5,C:\Users\ismak\Documents\GitHub\relation_test_code_smell_ML\dataset\projects\junit5\platform-tests\src\test\java\org\junit\platform\launcher\listeners\discovery\CompositeLauncherDiscoveryListenerTests.java,
junit5,C:\Users\ismak\Documents\GitHub\relation_test_code_smell_ML\dataset\projects\junit5\platform-tests\src\test\java\org\junit\platform\launcher\listeners\discovery\LoggingLauncherDiscoveryListenerTests.java,
junit5,C:\Users\ismak\Documents\GitHub\relation_test_code_smell_ML\dataset\projects\junit5\platform-tests\src\test\java\org\junit\platform\launcher\listeners\LoggingListenerTests.java,
junit5,C:\Users\ismak\Documents\GitHub\relation_test_code_smell_ML\dataset\projects\junit5\platform-tests\src\test\java\org\junit\platform\launcher\listeners\OutputDirTests.java,
junit5,C:\Users\ismak\Documents\GitHub\relation_test_code_smell_ML\dataset\projects\junit5\platform-tests\src\test\java\org\junit\platform\launcher\listeners\session\CompositeLauncherSessionListenerTests.java,
junit5,C:\Users\ismak\Documents\GitHub\relation_test_code_smell_ML\dataset\projects\junit5\platform-tests\src\test\java\org\junit\platform\launcher\listeners\SummaryGenerationTests.java,
junit5,C:\Users\ismak\Documents\GitHub\relation_test_code_smell_ML\dataset\projects\junit5\platform-tests\src\test\java\org\junit\platform\launcher\listeners\UniqueIdTrackingListenerIntegrationTests.java,
junit5,C:\Users\ismak\Documents\GitHub\relation_test_code_smell_ML\dataset\projects\junit5\platform-tests\src\test\java\org\junit\platform\launcher\MethodFilterTests.java,
junit5,C:\Users\ismak\Documents\GitHub\relation_test_code_smell_ML\dataset\projects\junit5\platform-tests\src\test\java\org\junit\platform\launcher\tagexpression\ParserErrorTests.java,
junit5,C:\Users\ismak\Documents\GitHub\relation_test_code_smell_ML\dataset\projects\junit5\platform-tests\src\test\java\org\junit\platform\launcher\tagexpression\ParserTests.java,
junit5,C:\Users\ismak\Documents\GitHub\relation_test_code_smell_ML\dataset\projects\junit5\platform-tests\src\test\java\org\junit\platform\launcher\tagexpression\TagExpressionsTests.java,
junit5,C:\Users\ismak\Documents\GitHub\relation_test_code_smell_ML\dataset\projects\junit5\platform-tests\src\test\java\org\junit\platform\launcher\tagexpression\TokenizerTests.java,
junit5,C:\Users\ismak\Documents\GitHub\relation_test_code_smell_ML\dataset\projects\junit5\platform-tests\src\test\java\org\junit\platform\launcher\tagexpression\TokenTests.java,
junit5,C:\Users\ismak\Documents\GitHub\relation_test_code_smell_ML\dataset\projects\junit5\platform-tests\src\test\java\org\junit\platform\launcher\TagFilterTests.java,
junit5,C:\Users\ismak\Documents\GitHub\relation_test_code_smell_ML\dataset\projects\junit5\platform-tests\src\test\java\org\junit\platform\launcher\TagIntegrationTests.java,
junit5,C:\Users\ismak\Documents\GitHub\relation_test_code_smell_ML\dataset\projects\junit5\platform-tests\src\test\java\org\junit\platform\launcher\TestIdentifierTests.java,
junit5,C:\Users\ismak\Documents\GitHub\relation_test_code_smell_ML\dataset\projects\junit5\platform-tests\src\test\java\org\junit\platform\launcher\TestLauncherDiscoveryListener.java,
junit5,C:\Users\ismak\Documents\GitHub\relation_test_code_smell_ML\dataset\projects\junit5\platform-tests\src\test\java\org\junit\platform\launcher\TestLauncherInterceptor1.java,
junit5,C:\Users\ismak\Documents\GitHub\relation_test_code_smell_ML\dataset\projects\junit5\platform-tests\src\test\java\org\junit\platform\launcher\TestLauncherInterceptor2.java,
junit5,C:\Users\ismak\Documents\GitHub\relation_test_code_smell_ML\dataset\projects\junit5\platform-tests\src\test\java\org\junit\platform\launcher\TestLauncherSessionListener.java,
junit5,C:\Users\ismak\Documents\GitHub\relation_test_code_smell_ML\dataset\projects\junit5\platform-tests\src\test\java\org\junit\platform\launcher\TestPlanTests.java,
junit5,C:\Users\ismak\Documents\GitHub\relation_test_code_smell_ML\dataset\projects\junit5\platform-tests\src\test\java\org\junit\platform\launcher\TestPostDiscoveryTagFilter.java,
junit5,C:\Users\ismak\Documents\GitHub\relation_test_code_smell_ML\dataset\projects\junit5\platform-tests\src\test\java\org\junit\platform\reporting\legacy\xml\LegacyXmlReportGeneratingListenerTests.java,
junit5,C:\Users\ismak\Documents\GitHub\relation_test_code_smell_ML\dataset\projects\junit5\platform-tests\src\test\java\org\junit\platform\reporting\legacy\xml\XmlReportDataTests.java,
junit5,C:\Users\ismak\Documents\GitHub\relation_test_code_smell_ML\dataset\projects\junit5\platform-tests\src\test\java\org\junit\platform\reporting\legacy\xml\XmlReportWriterTests.java,
junit5,C:\Users\ismak\Documents\GitHub\relation_test_code_smell_ML\dataset\projects\junit5\platform-tests\src\test\java\org\junit\platform\suite\engine\BeforeAndAfterSuiteTests.java,
junit5,C:\Users\ismak\Documents\GitHub\relation_test_code_smell_ML\dataset\projects\junit5\platform-tests\src\test\java\org\junit\platform\suite\engine\SuiteEngineTests.java,
junit5,C:\Users\ismak\Documents\GitHub\relation_test_code_smell_ML\dataset\projects\junit5\platform-tests\src\test\java\org\junit\platform\suite\engine\SuiteLauncherDiscoveryRequestBuilderTests.java,
junit5,C:\Users\ismak\Documents\GitHub\relation_test_code_smell_ML\dataset\projects\junit5\platform-tests\src\test\java\org\junit\platform\suite\engine\SuiteTestDescriptorTests.java,
junit5,C:\Users\ismak\Documents\GitHub\relation_test_code_smell_ML\dataset\projects\junit5\platform-tests\src\test\java\org\junit\platform\TestEngineTests.java,
junit5,C:\Users\ismak\Documents\GitHub\relation_test_code_smell_ML\dataset\projects\junit5\platform-tests\src\test\java\org\junit\platform\testkit\engine\EngineTestKitTests.java,
junit5,C:\Users\ismak\Documents\GitHub\relation_test_code_smell_ML\dataset\projects\junit5\platform-tests\src\test\java\org\junit\platform\testkit\engine\EventsTests.java,
junit5,C:\Users\ismak\Documents\GitHub\relation_test_code_smell_ML\dataset\projects\junit5\platform-tests\src\test\java\org\junit\platform\testkit\engine\ExecutionsIntegrationTests.java,
junit5,C:\Users\ismak\Documents\GitHub\relation_test_code_smell_ML\dataset\projects\junit5\platform-tests\src\test\java\org\junit\platform\testkit\engine\NestedContainerEventConditionTests.java,
junit5,C:\Users\ismak\Documents\GitHub\relation_test_code_smell_ML\dataset\projects\junit5\platform-tests\src\test\java\org\junit\platform\testkit\engine\TestExecutionResultConditionsTests.java,
junit5,C:\Users\ismak\Documents\GitHub\relation_test_code_smell_ML\dataset\projects\junit5\platform-tooling-support-tests\projects\graalvm-starter\src\test\java\com\example\project\CalculatorParameterizedClassTests.java,
junit5,C:\Users\ismak\Documents\GitHub\relation_test_code_smell_ML\dataset\projects\junit5\platform-tooling-support-tests\projects\graalvm-starter\src\test\java\com\example\project\CalculatorTests.java,
junit5,C:\Users\ismak\Documents\GitHub\relation_test_code_smell_ML\dataset\projects\junit5\platform-tooling-support-tests\projects\graalvm-starter\src\test\java\com\example\project\ClassLevelAnnotationTests.java,
junit5,C:\Users\ismak\Documents\GitHub\relation_test_code_smell_ML\dataset\projects\junit5\platform-tooling-support-tests\projects\graalvm-starter\src\test\java\com\example\project\VintageTests.java,
junit5,C:\Users\ismak\Documents\GitHub\relation_test_code_smell_ML\dataset\projects\junit5\platform-tooling-support-tests\projects\gradle-missing-engine\src\test\java\FooTests.java,
junit5,C:\Users\ismak\Documents\GitHub\relation_test_code_smell_ML\dataset\projects\junit5\platform-tooling-support-tests\projects\jupiter-starter\src\test\java\com\example\project\CalculatorParameterizedClassTests.java,
junit5,C:\Users\ismak\Documents\GitHub\relation_test_code_smell_ML\dataset\projects\junit5\platform-tooling-support-tests\projects\jupiter-starter\src\test\java\com\example\project\CalculatorTests.java,
junit5,C:\Users\ismak\Documents\GitHub\relation_test_code_smell_ML\dataset\projects\junit5\platform-tooling-support-tests\projects\maven-surefire-compatibility\src\test\java\com\example\project\DummyTests.java,
junit5,C:\Users\ismak\Documents\GitHub\relation_test_code_smell_ML\dataset\projects\junit5\platform-tooling-support-tests\projects\memory-cleanup\src\OneMillionTests.java,
junit5,C:\Users\ismak\Documents\GitHub\relation_test_code_smell_ML\dataset\projects\junit5\platform-tooling-support-tests\projects\vintage\src\test\java\com\example\vintage\VintageTest.java,
junit5,C:\Users\ismak\Documents\GitHub\relation_test_code_smell_ML\dataset\projects\junit5\platform-tooling-support-tests\projects\vintage\src\test\java\DefaultPackageTest.java,
junit5,C:\Users\ismak\Documents\GitHub\relation_test_code_smell_ML\dataset\projects\junit5\platform-tooling-support-tests\src\archUnit\java\platform\tooling\support\tests\ArchUnitTests.java,
junit5,C:\Users\ismak\Documents\GitHub\relation_test_code_smell_ML\dataset\projects\junit5\platform-tooling-support-tests\src\test\java\platform\tooling\support\HelperTests.java,
junit5,C:\Users\ismak\Documents\GitHub\relation_test_code_smell_ML\dataset\projects\junit5\platform-tooling-support-tests\src\test\java\platform\tooling\support\tests\AntStarterTests.java,
junit5,C:\Users\ismak\Documents\GitHub\relation_test_code_smell_ML\dataset\projects\junit5\platform-tooling-support-tests\src\test\java\platform\tooling\support\tests\GraalVmStarterTests.java,
junit5,C:\Users\ismak\Documents\GitHub\relation_test_code_smell_ML\dataset\projects\junit5\platform-tooling-support-tests\src\test\java\platform\tooling\support\tests\GradleKotlinExtensionsTests.java,
junit5,C:\Users\ismak\Documents\GitHub\relation_test_code_smell_ML\dataset\projects\junit5\platform-tooling-support-tests\src\test\java\platform\tooling\support\tests\GradleMissingEngineTests.java,
junit5,C:\Users\ismak\Documents\GitHub\relation_test_code_smell_ML\dataset\projects\junit5\platform-tooling-support-tests\src\test\java\platform\tooling\support\tests\GradleModuleFileTests.java,
junit5,C:\Users\ismak\Documents\GitHub\relation_test_code_smell_ML\dataset\projects\junit5\platform-tooling-support-tests\src\test\java\platform\tooling\support\tests\GradleStarterTests.java,
junit5,C:\Users\ismak\Documents\GitHub\relation_test_code_smell_ML\dataset\projects\junit5\platform-tooling-support-tests\src\test\java\platform\tooling\support\tests\JarContainsManifestFirstTests.java,
junit5,C:\Users\ismak\Documents\GitHub\relation_test_code_smell_ML\dataset\projects\junit5\platform-tooling-support-tests\src\test\java\platform\tooling\support\tests\JarDescribeModuleTests.java,
junit5,C:\Users\ismak\Documents\GitHub\relation_test_code_smell_ML\dataset\projects\junit5\platform-tooling-support-tests\src\test\java\platform\tooling\support\tests\JUnitStartTests.java,
junit5,C:\Users\ismak\Documents\GitHub\relation_test_code_smell_ML\dataset\projects\junit5\platform-tooling-support-tests\src\test\java\platform\tooling\support\tests\KotlinCoroutinesTests.java,
junit5,C:\Users\ismak\Documents\GitHub\relation_test_code_smell_ML\dataset\projects\junit5\platform-tooling-support-tests\src\test\java\platform\tooling\support\tests\ManifestTests.java,
junit5,C:\Users\ismak\Documents\GitHub\relation_test_code_smell_ML\dataset\projects\junit5\platform-tooling-support-tests\src\test\java\platform\tooling\support\tests\MavenPomFileTests.java,
junit5,C:\Users\ismak\Documents\GitHub\relation_test_code_smell_ML\dataset\projects\junit5\platform-tooling-support-tests\src\test\java\platform\tooling\support\tests\MavenStarterTests.java,
junit5,C:\Users\ismak\Documents\GitHub\relation_test_code_smell_ML\dataset\projects\junit5\platform-tooling-support-tests\src\test\java\platform\tooling\support\tests\MavenSurefireCompatibilityTests.java,
junit5,C:\Users\ismak\Documents\GitHub\relation_test_code_smell_ML\dataset\projects\junit5\platform-tooling-support-tests\src\test\java\platform\tooling\support\tests\MemoryCleanupTests.java,
junit5,C:\Users\ismak\Documents\GitHub\relation_test_code_smell_ML\dataset\projects\junit5\platform-tooling-support-tests\src\test\java\platform\tooling\support\tests\ModularCompilationTests.java,
junit5,C:\Users\ismak\Documents\GitHub\relation_test_code_smell_ML\dataset\projects\junit5\platform-tooling-support-tests\src\test\java\platform\tooling\support\tests\ReflectionCompatibilityTests.java,
junit5,C:\Users\ismak\Documents\GitHub\relation_test_code_smell_ML\dataset\projects\junit5\platform-tooling-support-tests\src\test\java\platform\tooling\support\tests\ToolProviderTests.java,
junit5,C:\Users\ismak\Documents\GitHub\relation_test_code_smell_ML\dataset\projects\junit5\platform-tooling-support-tests\src\test\java\platform\tooling\support\tests\UnalignedClasspathTests.java,
junit5,C:\Users\ismak\Documents\GitHub\relation_test_code_smell_ML\dataset\projects\junit5\platform-tooling-support-tests\src\test\java\platform\tooling\support\tests\VintageGradleIntegrationTests.java,
junit5,C:\Users\ismak\Documents\GitHub\relation_test_code_smell_ML\dataset\projects\junit5\platform-tooling-support-tests\src\test\java\platform\tooling\support\tests\VintageMavenIntegrationTests.java,
