mockito,C:\Users\ismak\Documents\GitHub\relation_test_code_smell_ML\dataset\projects\mockito\mockito-core\src\main\java\org\mockito\internal\junit\TestFinishedEvent.java,
mockito,C:\Users\ismak\Documents\GitHub\relation_test_code_smell_ML\dataset\projects\mockito\mockito-core\src\main\java\org\mockito\internal\runners\util\TestMethodsFinder.java,
mockito,C:\Users\ismak\Documents\GitHub\relation_test_code_smell_ML\dataset\projects\mockito\mockito-core\src\test\java\org\concurrentmockito\ThreadsRunAllTestsHalfManualTest.java,
mockito,C:\Users\ismak\Documents\GitHub\relation_test_code_smell_ML\dataset\projects\mockito\mockito-core\src\test\java\org\concurrentmockito\ThreadsShareAMockTest.java,
mockito,C:\Users\ismak\Documents\GitHub\relation_test_code_smell_ML\dataset\projects\mockito\mockito-core\src\test\java\org\concurrentmockito\ThreadsShareGenerouslyStubbedMockTest.java,
mockito,C:\Users\ismak\Documents\GitHub\relation_test_code_smell_ML\dataset\projects\mockito\mockito-core\src\test\java\org\concurrentmockito\ThreadVerifiesContinuouslyInteractingMockTest.java,
mockito,C:\Users\ismak\Documents\GitHub\relation_test_code_smell_ML\dataset\projects\mockito\mockito-core\src\test\java\org\concurrentmockito\VerificationInOrderFromMultipleThreadsTest.java,
mockito,C:\Users\ismak\Documents\GitHub\relation_test_code_smell_ML\dataset\projects\mockito\mockito-core\src\test\java\org\mockito\AnnotationsAreCopiedFromMockedTypeTest.java,
mockito,C:\Users\ismak\Documents\GitHub\relation_test_code_smell_ML\dataset\projects\mockito\mockito-core\src\test\java\org\mockito\ArgumentCaptorTest.java,
mockito,C:\Users\ismak\Documents\GitHub\relation_test_code_smell_ML\dataset\projects\mockito\mockito-core\src\test\java\org\mockito\DescriptionTest.java,
mockito,C:\Users\ismak\Documents\GitHub\relation_test_code_smell_ML\dataset\projects\mockito\mockito-core\src\test\java\org\mockito\exceptions\base\MockitoAssertionErrorTest.java,
mockito,C:\Users\ismak\Documents\GitHub\relation_test_code_smell_ML\dataset\projects\mockito\mockito-core\src\test\java\org\mockito\exceptions\base\MockitoExceptionTest.java,
mockito,C:\Users\ismak\Documents\GitHub\relation_test_code_smell_ML\dataset\projects\mockito\mockito-core\src\test\java\org\mockito\exceptions\base\MockitoSerializationIssueTest.java,
mockito,C:\Users\ismak\Documents\GitHub\relation_test_code_smell_ML\dataset\projects\mockito\mockito-core\src\test\java\org\mockito\exceptions\stacktrace\StackTraceCleanerTest.java,
mockito,C:\Users\ismak\Documents\GitHub\relation_test_code_smell_ML\dataset\projects\mockito\mockito-core\src\test\java\org\mockito\internal\AllInvocationsFinderTest.java,
mockito,C:\Users\ismak\Documents\GitHub\relation_test_code_smell_ML\dataset\projects\mockito\mockito-core\src\test\java\org\mockito\internal\configuration\ClassPathLoaderTest.java,
mockito,C:\Users\ismak\Documents\GitHub\relation_test_code_smell_ML\dataset\projects\mockito\mockito-core\src\test\java\org\mockito\internal\configuration\GlobalConfigurationTest.java,
mockito,C:\Users\ismak\Documents\GitHub\relation_test_code_smell_ML\dataset\projects\mockito\mockito-core\src\test\java\org\mockito\internal\configuration\injection\ConstructorInjectionTest.java,
mockito,C:\Users\ismak\Documents\GitHub\relation_test_code_smell_ML\dataset\projects\mockito\mockito-core\src\test\java\org\mockito\internal\configuration\injection\SimpleArgumentResolverTest.java,
mockito,C:\Users\ismak\Documents\GitHub\relation_test_code_smell_ML\dataset\projects\mockito\mockito-core\src\test\java\org\mockito\internal\configuration\MockAnnotationProcessorTest.java,
mockito,C:\Users\ismak\Documents\GitHub\relation_test_code_smell_ML\dataset\projects\mockito\mockito-core\src\test\java\org\mockito\internal\configuration\MockInjectionTest.java,
mockito,C:\Users\ismak\Documents\GitHub\relation_test_code_smell_ML\dataset\projects\mockito\mockito-core\src\test\java\org\mockito\internal\configuration\plugins\DefaultMockitoPluginsTest.java,
mockito,C:\Users\ismak\Documents\GitHub\relation_test_code_smell_ML\dataset\projects\mockito\mockito-core\src\test\java\org\mockito\internal\configuration\plugins\PluginFileReaderTest.java,
mockito,C:\Users\ismak\Documents\GitHub\relation_test_code_smell_ML\dataset\projects\mockito\mockito-core\src\test\java\org\mockito\internal\configuration\plugins\PluginFinderTest.java,
mockito,C:\Users\ismak\Documents\GitHub\relation_test_code_smell_ML\dataset\projects\mockito\mockito-core\src\test\java\org\mockito\internal\configuration\plugins\PluginLoaderTest.java,
mockito,C:\Users\ismak\Documents\GitHub\relation_test_code_smell_ML\dataset\projects\mockito\mockito-core\src\test\java\org\mockito\internal\creation\AbstractMockMakerTest.java,
mockito,C:\Users\ismak\Documents\GitHub\relation_test_code_smell_ML\dataset\projects\mockito\mockito-core\src\test\java\org\mockito\internal\creation\bytebuddy\AbstractByteBuddyMockMakerTest.java,
mockito,C:\Users\ismak\Documents\GitHub\relation_test_code_smell_ML\dataset\projects\mockito\mockito-core\src\test\java\org\mockito\internal\creation\bytebuddy\ByteBuddyMockMakerTest.java,
mockito,C:\Users\ismak\Documents\GitHub\relation_test_code_smell_ML\dataset\projects\mockito\mockito-core\src\test\java\org\mockito\internal\creation\bytebuddy\ClinitSuppressionTransformerTest.java,
mockito,C:\Users\ismak\Documents\GitHub\relation_test_code_smell_ML\dataset\projects\mockito\mockito-core\src\test\java\org\mockito\internal\creation\bytebuddy\InlineByteBuddyMockMakerTest.java,
mockito,C:\Users\ismak\Documents\GitHub\relation_test_code_smell_ML\dataset\projects\mockito\mockito-core\src\test\java\org\mockito\internal\creation\bytebuddy\InlineDelegateByteBuddyMockMakerTest.java,
mockito,C:\Users\ismak\Documents\GitHub\relation_test_code_smell_ML\dataset\projects\mockito\mockito-core\src\test\java\org\mockito\internal\creation\bytebuddy\PlatformUtilsTest.java,
mockito,C:\Users\ismak\Documents\GitHub\relation_test_code_smell_ML\dataset\projects\mockito\mockito-core\src\test\java\org\mockito\internal\creation\bytebuddy\SubclassByteBuddyMockMakerTest.java,
mockito,C:\Users\ismak\Documents\GitHub\relation_test_code_smell_ML\dataset\projects\mockito\mockito-core\src\test\java\org\mockito\internal\creation\bytebuddy\TypeCachingMockBytecodeGeneratorTest.java,
mockito,C:\Users\ismak\Documents\GitHub\relation_test_code_smell_ML\dataset\projects\mockito\mockito-core\src\test\java\org\mockito\internal\creation\DelegatingMethodTest.java,
mockito,C:\Users\ismak\Documents\GitHub\relation_test_code_smell_ML\dataset\projects\mockito\mockito-core\src\test\java\org\mockito\internal\creation\instance\ConstructorInstantiatorTest.java,
mockito,C:\Users\ismak\Documents\GitHub\relation_test_code_smell_ML\dataset\projects\mockito\mockito-core\src\test\java\org\mockito\internal\creation\InterfaceOverrideTest.java,
mockito,C:\Users\ismak\Documents\GitHub\relation_test_code_smell_ML\dataset\projects\mockito\mockito-core\src\test\java\org\mockito\internal\creation\MockSettingsImplTest.java,
mockito,C:\Users\ismak\Documents\GitHub\relation_test_code_smell_ML\dataset\projects\mockito\mockito-core\src\test\java\org\mockito\internal\creation\proxy\ProxyMockMakerTest.java,
mockito,C:\Users\ismak\Documents\GitHub\relation_test_code_smell_ML\dataset\projects\mockito\mockito-core\src\test\java\org\mockito\internal\debugging\LoggingListenerTest.java,
mockito,C:\Users\ismak\Documents\GitHub\relation_test_code_smell_ML\dataset\projects\mockito\mockito-core\src\test\java\org\mockito\internal\debugging\VerboseMockInvocationLoggerTest.java,
mockito,C:\Users\ismak\Documents\GitHub\relation_test_code_smell_ML\dataset\projects\mockito\mockito-core\src\test\java\org\mockito\internal\debugging\WarningsFinderTest.java,
mockito,C:\Users\ismak\Documents\GitHub\relation_test_code_smell_ML\dataset\projects\mockito\mockito-core\src\test\java\org\mockito\internal\exceptions\ReporterTest.java,
mockito,C:\Users\ismak\Documents\GitHub\relation_test_code_smell_ML\dataset\projects\mockito\mockito-core\src\test\java\org\mockito\internal\exceptions\stacktrace\ConditionalStackTraceFilterTest.java,
mockito,C:\Users\ismak\Documents\GitHub\relation_test_code_smell_ML\dataset\projects\mockito\mockito-core\src\test\java\org\mockito\internal\exceptions\stacktrace\StackTraceFilterTest.java,
mockito,C:\Users\ismak\Documents\GitHub\relation_test_code_smell_ML\dataset\projects\mockito\mockito-core\src\test\java\org\mockito\internal\exceptions\util\ScenarioPrinterTest.java,
mockito,C:\Users\ismak\Documents\GitHub\relation_test_code_smell_ML\dataset\projects\mockito\mockito-core\src\test\java\org\mockito\internal\framework\DefaultMockitoFrameworkTest.java,
mockito,C:\Users\ismak\Documents\GitHub\relation_test_code_smell_ML\dataset\projects\mockito\mockito-core\src\test\java\org\mockito\internal\hamcrest\MatcherGenericTypeExtractorTest.java,
mockito,C:\Users\ismak\Documents\GitHub\relation_test_code_smell_ML\dataset\projects\mockito\mockito-core\src\test\java\org\mockito\internal\handler\InvocationNotifierHandlerTest.java,
mockito,C:\Users\ismak\Documents\GitHub\relation_test_code_smell_ML\dataset\projects\mockito\mockito-core\src\test\java\org\mockito\internal\handler\MockHandlerFactoryTest.java,
mockito,C:\Users\ismak\Documents\GitHub\relation_test_code_smell_ML\dataset\projects\mockito\mockito-core\src\test\java\org\mockito\internal\handler\MockHandlerImplTest.java,
mockito,C:\Users\ismak\Documents\GitHub\relation_test_code_smell_ML\dataset\projects\mockito\mockito-core\src\test\java\org\mockito\internal\InOrderImplTest.java,
mockito,C:\Users\ismak\Documents\GitHub\relation_test_code_smell_ML\dataset\projects\mockito\mockito-core\src\test\java\org\mockito\internal\InvalidStateDetectionTest.java,
mockito,C:\Users\ismak\Documents\GitHub\relation_test_code_smell_ML\dataset\projects\mockito\mockito-core\src\test\java\org\mockito\internal\invocation\InvocationMarkerTest.java,
mockito,C:\Users\ismak\Documents\GitHub\relation_test_code_smell_ML\dataset\projects\mockito\mockito-core\src\test\java\org\mockito\internal\invocation\InvocationMatcherTest.java,
mockito,C:\Users\ismak\Documents\GitHub\relation_test_code_smell_ML\dataset\projects\mockito\mockito-core\src\test\java\org\mockito\internal\invocation\InvocationsFinderTest.java,
mockito,C:\Users\ismak\Documents\GitHub\relation_test_code_smell_ML\dataset\projects\mockito\mockito-core\src\test\java\org\mockito\internal\invocation\MatcherApplicationStrategyTest.java,
mockito,C:\Users\ismak\Documents\GitHub\relation_test_code_smell_ML\dataset\projects\mockito\mockito-core\src\test\java\org\mockito\internal\invocation\mockref\MockWeakReferenceTest.java,
mockito,C:\Users\ismak\Documents\GitHub\relation_test_code_smell_ML\dataset\projects\mockito\mockito-core\src\test\java\org\mockito\internal\invocation\SerializableMethodTest.java,
mockito,C:\Users\ismak\Documents\GitHub\relation_test_code_smell_ML\dataset\projects\mockito\mockito-core\src\test\java\org\mockito\internal\invocation\TypeSafeMatchingTest.java,
mockito,C:\Users\ismak\Documents\GitHub\relation_test_code_smell_ML\dataset\projects\mockito\mockito-core\src\test\java\org\mockito\internal\junit\ArgMismatchFinderTest.java,
mockito,C:\Users\ismak\Documents\GitHub\relation_test_code_smell_ML\dataset\projects\mockito\mockito-core\src\test\java\org\mockito\internal\junit\ExceptionFactoryTest.java,
mockito,C:\Users\ismak\Documents\GitHub\relation_test_code_smell_ML\dataset\projects\mockito\mockito-core\src\test\java\org\mockito\internal\junit\JUnitRuleTest.java,
mockito,C:\Users\ismak\Documents\GitHub\relation_test_code_smell_ML\dataset\projects\mockito\mockito-core\src\test\java\org\mockito\internal\junit\StubbingArgMismatchesTest.java,
mockito,C:\Users\ismak\Documents\GitHub\relation_test_code_smell_ML\dataset\projects\mockito\mockito-core\src\test\java\org\mockito\internal\junit\UnusedStubbingsTest.java,
mockito,C:\Users\ismak\Documents\GitHub\relation_test_code_smell_ML\dataset\projects\mockito\mockito-core\src\test\java\org\mockito\internal\listeners\StubbingLookupNotifierTest.java,
mockito,C:\Users\ismak\Documents\GitHub\relation_test_code_smell_ML\dataset\projects\mockito\mockito-core\src\test\java\org\mockito\internal\listeners\VerificationStartedNotifierTest.java,
mockito,C:\Users\ismak\Documents\GitHub\relation_test_code_smell_ML\dataset\projects\mockito\mockito-core\src\test\java\org\mockito\internal\matchers\AndTest.java,
mockito,C:\Users\ismak\Documents\GitHub\relation_test_code_smell_ML\dataset\projects\mockito\mockito-core\src\test\java\org\mockito\internal\matchers\apachecommons\EqualsBuilderTest.java,
mockito,C:\Users\ismak\Documents\GitHub\relation_test_code_smell_ML\dataset\projects\mockito\mockito-core\src\test\java\org\mockito\internal\matchers\CapturingMatcherTest.java,
mockito,C:\Users\ismak\Documents\GitHub\relation_test_code_smell_ML\dataset\projects\mockito\mockito-core\src\test\java\org\mockito\internal\matchers\ComparableMatchersTest.java,
mockito,C:\Users\ismak\Documents\GitHub\relation_test_code_smell_ML\dataset\projects\mockito\mockito-core\src\test\java\org\mockito\internal\matchers\EqualityTest.java,
mockito,C:\Users\ismak\Documents\GitHub\relation_test_code_smell_ML\dataset\projects\mockito\mockito-core\src\test\java\org\mockito\internal\matchers\EqualsTest.java,
mockito,C:\Users\ismak\Documents\GitHub\relation_test_code_smell_ML\dataset\projects\mockito\mockito-core\src\test\java\org\mockito\internal\matchers\InstanceOfTest.java,
mockito,C:\Users\ismak\Documents\GitHub\relation_test_code_smell_ML\dataset\projects\mockito\mockito-core\src\test\java\org\mockito\internal\matchers\MatchersPrinterTest.java,
mockito,C:\Users\ismak\Documents\GitHub\relation_test_code_smell_ML\dataset\projects\mockito\mockito-core\src\test\java\org\mockito\internal\matchers\MatchersToStringTest.java,
mockito,C:\Users\ismak\Documents\GitHub\relation_test_code_smell_ML\dataset\projects\mockito\mockito-core\src\test\java\org\mockito\internal\matchers\OrTest.java,
mockito,C:\Users\ismak\Documents\GitHub\relation_test_code_smell_ML\dataset\projects\mockito\mockito-core\src\test\java\org\mockito\internal\matchers\SameTest.java,
mockito,C:\Users\ismak\Documents\GitHub\relation_test_code_smell_ML\dataset\projects\mockito\mockito-core\src\test\java\org\mockito\internal\matchers\StringMatchersTest.java,
mockito,C:\Users\ismak\Documents\GitHub\relation_test_code_smell_ML\dataset\projects\mockito\mockito-core\src\test\java\org\mockito\internal\matchers\text\MatcherToStringTest.java,
mockito,C:\Users\ismak\Documents\GitHub\relation_test_code_smell_ML\dataset\projects\mockito\mockito-core\src\test\java\org\mockito\internal\matchers\text\ValuePrinterTest.java,
mockito,C:\Users\ismak\Documents\GitHub\relation_test_code_smell_ML\dataset\projects\mockito\mockito-core\src\test\java\org\mockito\internal\PremainAttachTest.java,
mockito,C:\Users\ismak\Documents\GitHub\relation_test_code_smell_ML\dataset\projects\mockito\mockito-core\src\test\java\org\mockito\internal\progress\AtLeastTest.java,
mockito,C:\Users\ismak\Documents\GitHub\relation_test_code_smell_ML\dataset\projects\mockito\mockito-core\src\test\java\org\mockito\internal\progress\MockingProgressImplTest.java,
mockito,C:\Users\ismak\Documents\GitHub\relation_test_code_smell_ML\dataset\projects\mockito\mockito-core\src\test\java\org\mockito\internal\progress\ThreadSafeMockingProgressTest.java,
mockito,C:\Users\ismak\Documents\GitHub\relation_test_code_smell_ML\dataset\projects\mockito\mockito-core\src\test\java\org\mockito\internal\progress\TimesTest.java,
mockito,C:\Users\ismak\Documents\GitHub\relation_test_code_smell_ML\dataset\projects\mockito\mockito-core\src\test\java\org\mockito\internal\reporting\PluralizerTest.java,
mockito,C:\Users\ismak\Documents\GitHub\relation_test_code_smell_ML\dataset\projects\mockito\mockito-core\src\test\java\org\mockito\internal\runners\DefaultInternalRunnerTest.java,
mockito,C:\Users\ismak\Documents\GitHub\relation_test_code_smell_ML\dataset\projects\mockito\mockito-core\src\test\java\org\mockito\internal\runners\util\RunnerProviderTest.java,
mockito,C:\Users\ismak\Documents\GitHub\relation_test_code_smell_ML\dataset\projects\mockito\mockito-core\src\test\java\org\mockito\internal\runners\util\TestMethodsFinderTest.java,
mockito,C:\Users\ismak\Documents\GitHub\relation_test_code_smell_ML\dataset\projects\mockito\mockito-core\src\test\java\org\mockito\internal\session\DefaultMockitoSessionBuilderTest.java,
mockito,C:\Users\ismak\Documents\GitHub\relation_test_code_smell_ML\dataset\projects\mockito\mockito-core\src\test\java\org\mockito\internal\stubbing\answers\AbstractThrowsExceptionTest.java,
mockito,C:\Users\ismak\Documents\GitHub\relation_test_code_smell_ML\dataset\projects\mockito\mockito-core\src\test\java\org\mockito\internal\stubbing\answers\AnswersWithDelayTest.java,
mockito,C:\Users\ismak\Documents\GitHub\relation_test_code_smell_ML\dataset\projects\mockito\mockito-core\src\test\java\org\mockito\internal\stubbing\answers\CallsRealMethodsTest.java,
mockito,C:\Users\ismak\Documents\GitHub\relation_test_code_smell_ML\dataset\projects\mockito\mockito-core\src\test\java\org\mockito\internal\stubbing\answers\DeepStubReturnsEnumJava11Test.java,
mockito,C:\Users\ismak\Documents\GitHub\relation_test_code_smell_ML\dataset\projects\mockito\mockito-core\src\test\java\org\mockito\internal\stubbing\answers\DefaultAnswerValidatorTest.java,
mockito,C:\Users\ismak\Documents\GitHub\relation_test_code_smell_ML\dataset\projects\mockito\mockito-core\src\test\java\org\mockito\internal\stubbing\answers\DoesNothingTest.java,
mockito,C:\Users\ismak\Documents\GitHub\relation_test_code_smell_ML\dataset\projects\mockito\mockito-core\src\test\java\org\mockito\internal\stubbing\answers\InvocationInfoExceptionTest.java,
mockito,C:\Users\ismak\Documents\GitHub\relation_test_code_smell_ML\dataset\projects\mockito\mockito-core\src\test\java\org\mockito\internal\stubbing\answers\InvocationInfoTest.java,
mockito,C:\Users\ismak\Documents\GitHub\relation_test_code_smell_ML\dataset\projects\mockito\mockito-core\src\test\java\org\mockito\internal\stubbing\answers\ReturnsArgumentAtTest.java,
mockito,C:\Users\ismak\Documents\GitHub\relation_test_code_smell_ML\dataset\projects\mockito\mockito-core\src\test\java\org\mockito\internal\stubbing\answers\ReturnsTest.java,
mockito,C:\Users\ismak\Documents\GitHub\relation_test_code_smell_ML\dataset\projects\mockito\mockito-core\src\test\java\org\mockito\internal\stubbing\answers\ThrowsExceptionForClassTypeTest.java,
mockito,C:\Users\ismak\Documents\GitHub\relation_test_code_smell_ML\dataset\projects\mockito\mockito-core\src\test\java\org\mockito\internal\stubbing\answers\ThrowsExceptionTest.java,
mockito,C:\Users\ismak\Documents\GitHub\relation_test_code_smell_ML\dataset\projects\mockito\mockito-core\src\test\java\org\mockito\internal\stubbing\defaultanswers\ForwardsInvocationsTest.java,
mockito,C:\Users\ismak\Documents\GitHub\relation_test_code_smell_ML\dataset\projects\mockito\mockito-core\src\test\java\org\mockito\internal\stubbing\defaultanswers\ReturnsDeepStubsConcurrentTest.java,
mockito,C:\Users\ismak\Documents\GitHub\relation_test_code_smell_ML\dataset\projects\mockito\mockito-core\src\test\java\org\mockito\internal\stubbing\defaultanswers\ReturnsEmptyValuesTest.java,
mockito,C:\Users\ismak\Documents\GitHub\relation_test_code_smell_ML\dataset\projects\mockito\mockito-core\src\test\java\org\mockito\internal\stubbing\defaultanswers\ReturnsGenericDeepStubsTest.java,
mockito,C:\Users\ismak\Documents\GitHub\relation_test_code_smell_ML\dataset\projects\mockito\mockito-core\src\test\java\org\mockito\internal\stubbing\defaultanswers\ReturnsMocksTest.java,
mockito,C:\Users\ismak\Documents\GitHub\relation_test_code_smell_ML\dataset\projects\mockito\mockito-core\src\test\java\org\mockito\internal\stubbing\defaultanswers\ReturnsMoreEmptyValuesTest.java,
mockito,C:\Users\ismak\Documents\GitHub\relation_test_code_smell_ML\dataset\projects\mockito\mockito-core\src\test\java\org\mockito\internal\stubbing\defaultanswers\ReturnsOptionalMocksTest.java,
mockito,C:\Users\ismak\Documents\GitHub\relation_test_code_smell_ML\dataset\projects\mockito\mockito-core\src\test\java\org\mockito\internal\stubbing\defaultanswers\ReturnsSmartNullsTest.java,
mockito,C:\Users\ismak\Documents\GitHub\relation_test_code_smell_ML\dataset\projects\mockito\mockito-core\src\test\java\org\mockito\internal\stubbing\InvocationContainerImplStubbingTest.java,
mockito,C:\Users\ismak\Documents\GitHub\relation_test_code_smell_ML\dataset\projects\mockito\mockito-core\src\test\java\org\mockito\internal\stubbing\InvocationContainerImplTest.java,
mockito,C:\Users\ismak\Documents\GitHub\relation_test_code_smell_ML\dataset\projects\mockito\mockito-core\src\test\java\org\mockito\internal\util\ChecksTest.java,
mockito,C:\Users\ismak\Documents\GitHub\relation_test_code_smell_ML\dataset\projects\mockito\mockito-core\src\test\java\org\mockito\internal\util\collections\HashCodeAndEqualsSafeSetTest.java,
mockito,C:\Users\ismak\Documents\GitHub\relation_test_code_smell_ML\dataset\projects\mockito\mockito-core\src\test\java\org\mockito\internal\util\collections\IdentitySetTest.java,
mockito,C:\Users\ismak\Documents\GitHub\relation_test_code_smell_ML\dataset\projects\mockito\mockito-core\src\test\java\org\mockito\internal\util\collections\SetsTest.java,
mockito,C:\Users\ismak\Documents\GitHub\relation_test_code_smell_ML\dataset\projects\mockito\mockito-core\src\test\java\org\mockito\internal\util\collections\WeakIdentityMapTest.java,
mockito,C:\Users\ismak\Documents\GitHub\relation_test_code_smell_ML\dataset\projects\mockito\mockito-core\src\test\java\org\mockito\internal\util\DefaultMockingDetailsTest.java,
mockito,C:\Users\ismak\Documents\GitHub\relation_test_code_smell_ML\dataset\projects\mockito\mockito-core\src\test\java\org\mockito\internal\util\io\IOUtilTest.java,
mockito,C:\Users\ismak\Documents\GitHub\relation_test_code_smell_ML\dataset\projects\mockito\mockito-core\src\test\java\org\mockito\internal\util\MockCreationValidatorTest.java,
mockito,C:\Users\ismak\Documents\GitHub\relation_test_code_smell_ML\dataset\projects\mockito\mockito-core\src\test\java\org\mockito\internal\util\MockNameImplTest.java,
mockito,C:\Users\ismak\Documents\GitHub\relation_test_code_smell_ML\dataset\projects\mockito\mockito-core\src\test\java\org\mockito\internal\util\MockSettingsTest.java,
mockito,C:\Users\ismak\Documents\GitHub\relation_test_code_smell_ML\dataset\projects\mockito\mockito-core\src\test\java\org\mockito\internal\util\MockUtilTest.java,
mockito,C:\Users\ismak\Documents\GitHub\relation_test_code_smell_ML\dataset\projects\mockito\mockito-core\src\test\java\org\mockito\internal\util\ObjectMethodsGuruTest.java,
mockito,C:\Users\ismak\Documents\GitHub\relation_test_code_smell_ML\dataset\projects\mockito\mockito-core\src\test\java\org\mockito\internal\util\PlatformTest.java,
mockito,C:\Users\ismak\Documents\GitHub\relation_test_code_smell_ML\dataset\projects\mockito\mockito-core\src\test\java\org\mockito\internal\util\PrimitivesTest.java,
mockito,C:\Users\ismak\Documents\GitHub\relation_test_code_smell_ML\dataset\projects\mockito\mockito-core\src\test\java\org\mockito\internal\util\reflection\BeanPropertySetterTest.java,
mockito,C:\Users\ismak\Documents\GitHub\relation_test_code_smell_ML\dataset\projects\mockito\mockito-core\src\test\java\org\mockito\internal\util\reflection\DummyClassForTests.java,
mockito,C:\Users\ismak\Documents\GitHub\relation_test_code_smell_ML\dataset\projects\mockito\mockito-core\src\test\java\org\mockito\internal\util\reflection\DummyParentClassForTests.java,
mockito,C:\Users\ismak\Documents\GitHub\relation_test_code_smell_ML\dataset\projects\mockito\mockito-core\src\test\java\org\mockito\internal\util\reflection\FieldInitializerTest.java,
mockito,C:\Users\ismak\Documents\GitHub\relation_test_code_smell_ML\dataset\projects\mockito\mockito-core\src\test\java\org\mockito\internal\util\reflection\FieldReaderTest.java,
mockito,C:\Users\ismak\Documents\GitHub\relation_test_code_smell_ML\dataset\projects\mockito\mockito-core\src\test\java\org\mockito\internal\util\reflection\GenericArrayReturnTypeTest.java,
mockito,C:\Users\ismak\Documents\GitHub\relation_test_code_smell_ML\dataset\projects\mockito\mockito-core\src\test\java\org\mockito\internal\util\reflection\GenericMasterTest.java,
mockito,C:\Users\ismak\Documents\GitHub\relation_test_code_smell_ML\dataset\projects\mockito\mockito-core\src\test\java\org\mockito\internal\util\reflection\GenericMetadataSupportTest.java,
mockito,C:\Users\ismak\Documents\GitHub\relation_test_code_smell_ML\dataset\projects\mockito\mockito-core\src\test\java\org\mockito\internal\util\reflection\GenericTypeExtractorTest.java,
mockito,C:\Users\ismak\Documents\GitHub\relation_test_code_smell_ML\dataset\projects\mockito\mockito-core\src\test\java\org\mockito\internal\util\reflection\LenientCopyToolTest.java,
mockito,C:\Users\ismak\Documents\GitHub\relation_test_code_smell_ML\dataset\projects\mockito\mockito-core\src\test\java\org\mockito\internal\util\reflection\MemberAccessorTest.java,
mockito,C:\Users\ismak\Documents\GitHub\relation_test_code_smell_ML\dataset\projects\mockito\mockito-core\src\test\java\org\mockito\internal\util\reflection\ParameterizedConstructorInstantiatorTest.java,
mockito,C:\Users\ismak\Documents\GitHub\relation_test_code_smell_ML\dataset\projects\mockito\mockito-core\src\test\java\org\mockito\internal\util\reflection\SuperTypesLastSorterTest.java,
mockito,C:\Users\ismak\Documents\GitHub\relation_test_code_smell_ML\dataset\projects\mockito\mockito-core\src\test\java\org\mockito\internal\util\SimpleMockitoLoggerTest.java,
mockito,C:\Users\ismak\Documents\GitHub\relation_test_code_smell_ML\dataset\projects\mockito\mockito-core\src\test\java\org\mockito\internal\util\StringUtilTest.java,
mockito,C:\Users\ismak\Documents\GitHub\relation_test_code_smell_ML\dataset\projects\mockito\mockito-core\src\test\java\org\mockito\internal\util\TimerTest.java,
mockito,C:\Users\ismak\Documents\GitHub\relation_test_code_smell_ML\dataset\projects\mockito\mockito-core\src\test\java\org\mockito\internal\verification\argumentmatching\ArgumentMatchingToolTest.java,
mockito,C:\Users\ismak\Documents\GitHub\relation_test_code_smell_ML\dataset\projects\mockito\mockito-core\src\test\java\org\mockito\internal\verification\checkers\AtLeastXNumberOfInvocationsCheckerTest.java,
mockito,C:\Users\ismak\Documents\GitHub\relation_test_code_smell_ML\dataset\projects\mockito\mockito-core\src\test\java\org\mockito\internal\verification\checkers\MissingInvocationCheckerTest.java,
mockito,C:\Users\ismak\Documents\GitHub\relation_test_code_smell_ML\dataset\projects\mockito\mockito-core\src\test\java\org\mockito\internal\verification\checkers\MissingInvocationInOrderCheckerTest.java,
mockito,C:\Users\ismak\Documents\GitHub\relation_test_code_smell_ML\dataset\projects\mockito\mockito-core\src\test\java\org\mockito\internal\verification\checkers\NumberOfInvocationsCheckerTest.java,
mockito,C:\Users\ismak\Documents\GitHub\relation_test_code_smell_ML\dataset\projects\mockito\mockito-core\src\test\java\org\mockito\internal\verification\checkers\NumberOfInvocationsInOrderCheckerTest.java,
mockito,C:\Users\ismak\Documents\GitHub\relation_test_code_smell_ML\dataset\projects\mockito\mockito-core\src\test\java\org\mockito\internal\verification\DefaultRegisteredInvocationsTest.java,
mockito,C:\Users\ismak\Documents\GitHub\relation_test_code_smell_ML\dataset\projects\mockito\mockito-core\src\test\java\org\mockito\internal\verification\DescriptionTest.java,
mockito,C:\Users\ismak\Documents\GitHub\relation_test_code_smell_ML\dataset\projects\mockito\mockito-core\src\test\java\org\mockito\internal\verification\NoInteractionsTest.java,
mockito,C:\Users\ismak\Documents\GitHub\relation_test_code_smell_ML\dataset\projects\mockito\mockito-core\src\test\java\org\mockito\internal\verification\NoMoreInteractionsTest.java,
mockito,C:\Users\ismak\Documents\GitHub\relation_test_code_smell_ML\dataset\projects\mockito\mockito-core\src\test\java\org\mockito\internal\verification\OnlyTest.java,
mockito,C:\Users\ismak\Documents\GitHub\relation_test_code_smell_ML\dataset\projects\mockito\mockito-core\src\test\java\org\mockito\internal\verification\SmartPrinterTest.java,
mockito,C:\Users\ismak\Documents\GitHub\relation_test_code_smell_ML\dataset\projects\mockito\mockito-core\src\test\java\org\mockito\internal\verification\VerificationDataImplTest.java,
mockito,C:\Users\ismak\Documents\GitHub\relation_test_code_smell_ML\dataset\projects\mockito\mockito-core\src\test\java\org\mockito\internal\verification\VerificationOverTimeImplTest.java,
mockito,C:\Users\ismak\Documents\GitHub\relation_test_code_smell_ML\dataset\projects\mockito\mockito-core\src\test\java\org\mockito\internal\verification\VerificationWithDescriptionTest.java,
mockito,C:\Users\ismak\Documents\GitHub\relation_test_code_smell_ML\dataset\projects\mockito\mockito-core\src\test\java\org\mockito\InvocationFactoryTest.java,
mockito,C:\Users\ismak\Documents\GitHub\relation_test_code_smell_ML\dataset\projects\mockito\mockito-core\src\test\java\org\mockito\junit\TestableJUnitRunner.java,
mockito,C:\Users\ismak\Documents\GitHub\relation_test_code_smell_ML\dataset\projects\mockito\mockito-core\src\test\java\org\mockito\MockitoClearTest.java,
mockito,C:\Users\ismak\Documents\GitHub\relation_test_code_smell_ML\dataset\projects\mockito\mockito-core\src\test\java\org\mockito\MockitoEnvTest.java,
mockito,C:\Users\ismak\Documents\GitHub\relation_test_code_smell_ML\dataset\projects\mockito\mockito-core\src\test\java\org\mockito\MockitoTest.java,
mockito,C:\Users\ismak\Documents\GitHub\relation_test_code_smell_ML\dataset\projects\mockito\mockito-core\src\test\java\org\mockito\MockTest.java,
mockito,C:\Users\ismak\Documents\GitHub\relation_test_code_smell_ML\dataset\projects\mockito\mockito-core\src\test\java\org\mockito\PrematureGarbageCollectionTest.java,
mockito,C:\Users\ismak\Documents\GitHub\relation_test_code_smell_ML\dataset\projects\mockito\mockito-core\src\test\java\org\mockito\StaticMockingExperimentTest.java,
mockito,C:\Users\ismak\Documents\GitHub\relation_test_code_smell_ML\dataset\projects\mockito\mockito-core\src\test\java\org\mockito\verification\NegativeDurationTest.java,
mockito,C:\Users\ismak\Documents\GitHub\relation_test_code_smell_ML\dataset\projects\mockito\mockito-core\src\test\java\org\mockito\verification\TimeoutTest.java,
mockito,C:\Users\ismak\Documents\GitHub\relation_test_code_smell_ML\dataset\projects\mockito\mockito-core\src\test\java\org\mockitointegration\DeferMockMakersClassLoadingTest.java,
mockito,C:\Users\ismak\Documents\GitHub\relation_test_code_smell_ML\dataset\projects\mockito\mockito-core\src\test\java\org\mockitointegration\NoByteCodeDependenciesTest.java,
mockito,C:\Users\ismak\Documents\GitHub\relation_test_code_smell_ML\dataset\projects\mockito\mockito-core\src\test\java\org\mockitointegration\NoJUnitDependenciesTest.java,
mockito,C:\Users\ismak\Documents\GitHub\relation_test_code_smell_ML\dataset\projects\mockito\mockito-core\src\test\java\org\mockitousage\annotation\AnnotationsTest.java,
mockito,C:\Users\ismak\Documents\GitHub\relation_test_code_smell_ML\dataset\projects\mockito\mockito-core\src\test\java\org\mockitousage\annotation\CaptorAnnotationBasicTest.java,
mockito,C:\Users\ismak\Documents\GitHub\relation_test_code_smell_ML\dataset\projects\mockito\mockito-core\src\test\java\org\mockitousage\annotation\CaptorAnnotationTest.java,
mockito,C:\Users\ismak\Documents\GitHub\relation_test_code_smell_ML\dataset\projects\mockito\mockito-core\src\test\java\org\mockitousage\annotation\CaptorAnnotationUnhappyPathTest.java,
mockito,C:\Users\ismak\Documents\GitHub\relation_test_code_smell_ML\dataset\projects\mockito\mockito-core\src\test\java\org\mockitousage\annotation\DoNotMockTest.java,
mockito,C:\Users\ismak\Documents\GitHub\relation_test_code_smell_ML\dataset\projects\mockito\mockito-core\src\test\java\org\mockitousage\annotation\InjectionOfInlinedMockDeclarationTest.java,
mockito,C:\Users\ismak\Documents\GitHub\relation_test_code_smell_ML\dataset\projects\mockito\mockito-core\src\test\java\org\mockitousage\annotation\MockInjectionUsingConstructorIssue421Test.java,
mockito,C:\Users\ismak\Documents\GitHub\relation_test_code_smell_ML\dataset\projects\mockito\mockito-core\src\test\java\org\mockitousage\annotation\MockInjectionUsingConstructorTest.java,
mockito,C:\Users\ismak\Documents\GitHub\relation_test_code_smell_ML\dataset\projects\mockito\mockito-core\src\test\java\org\mockitousage\annotation\MockInjectionUsingSetterOrPropertyTest.java,
mockito,C:\Users\ismak\Documents\GitHub\relation_test_code_smell_ML\dataset\projects\mockito\mockito-core\src\test\java\org\mockitousage\annotation\SpyAnnotationInitializedInBaseClassTest.java,
mockito,C:\Users\ismak\Documents\GitHub\relation_test_code_smell_ML\dataset\projects\mockito\mockito-core\src\test\java\org\mockitousage\annotation\SpyAnnotationTest.java,
mockito,C:\Users\ismak\Documents\GitHub\relation_test_code_smell_ML\dataset\projects\mockito\mockito-core\src\test\java\org\mockitousage\annotation\SpyInjectionTest.java,
mockito,C:\Users\ismak\Documents\GitHub\relation_test_code_smell_ML\dataset\projects\mockito\mockito-core\src\test\java\org\mockitousage\annotation\WrongSetOfAnnotationsTest.java,
mockito,C:\Users\ismak\Documents\GitHub\relation_test_code_smell_ML\dataset\projects\mockito\mockito-core\src\test\java\org\mockitousage\basicapi\MockAccessTest.java,
mockito,C:\Users\ismak\Documents\GitHub\relation_test_code_smell_ML\dataset\projects\mockito\mockito-core\src\test\java\org\mockitousage\basicapi\MockingMultipleInterfacesTest.java,
mockito,C:\Users\ismak\Documents\GitHub\relation_test_code_smell_ML\dataset\projects\mockito\mockito-core\src\test\java\org\mockitousage\basicapi\MocksCreationTest.java,
mockito,C:\Users\ismak\Documents\GitHub\relation_test_code_smell_ML\dataset\projects\mockito\mockito-core\src\test\java\org\mockitousage\basicapi\MocksSerializationForAnnotationTest.java,
mockito,C:\Users\ismak\Documents\GitHub\relation_test_code_smell_ML\dataset\projects\mockito\mockito-core\src\test\java\org\mockitousage\basicapi\MocksSerializationTest.java,
mockito,C:\Users\ismak\Documents\GitHub\relation_test_code_smell_ML\dataset\projects\mockito\mockito-core\src\test\java\org\mockitousage\basicapi\ObjectsSerializationTest.java,
mockito,C:\Users\ismak\Documents\GitHub\relation_test_code_smell_ML\dataset\projects\mockito\mockito-core\src\test\java\org\mockitousage\basicapi\ReplacingObjectMethodsTest.java,
mockito,C:\Users\ismak\Documents\GitHub\relation_test_code_smell_ML\dataset\projects\mockito\mockito-core\src\test\java\org\mockitousage\basicapi\ResetInvocationsTest.java,
mockito,C:\Users\ismak\Documents\GitHub\relation_test_code_smell_ML\dataset\projects\mockito\mockito-core\src\test\java\org\mockitousage\basicapi\ResetTest.java,
mockito,C:\Users\ismak\Documents\GitHub\relation_test_code_smell_ML\dataset\projects\mockito\mockito-core\src\test\java\org\mockitousage\basicapi\UsingVarargsTest.java,
mockito,C:\Users\ismak\Documents\GitHub\relation_test_code_smell_ML\dataset\projects\mockito\mockito-core\src\test\java\org\mockitousage\bugs\ActualInvocationHasNullArgumentNPEBugTest.java,
mockito,C:\Users\ismak\Documents\GitHub\relation_test_code_smell_ML\dataset\projects\mockito\mockito-core\src\test\java\org\mockitousage\bugs\AIOOBExceptionWithAtLeastTest.java,
mockito,C:\Users\ismak\Documents\GitHub\relation_test_code_smell_ML\dataset\projects\mockito\mockito-core\src\test\java\org\mockitousage\bugs\ArgumentCaptorDontCapturePreviouslyVerifiedTest.java,
mockito,C:\Users\ismak\Documents\GitHub\relation_test_code_smell_ML\dataset\projects\mockito\mockito-core\src\test\java\org\mockitousage\bugs\BridgeMethodsHitAgainTest.java,
mockito,C:\Users\ismak\Documents\GitHub\relation_test_code_smell_ML\dataset\projects\mockito\mockito-core\src\test\java\org\mockitousage\bugs\CaptorAnnotationAutoboxingTest.java,
mockito,C:\Users\ismak\Documents\GitHub\relation_test_code_smell_ML\dataset\projects\mockito\mockito-core\src\test\java\org\mockitousage\bugs\ClassCastExOnVerifyZeroInteractionsTest.java,
mockito,C:\Users\ismak\Documents\GitHub\relation_test_code_smell_ML\dataset\projects\mockito\mockito-core\src\test\java\org\mockitousage\bugs\CompareMatcherTest.java,
mockito,C:\Users\ismak\Documents\GitHub\relation_test_code_smell_ML\dataset\projects\mockito\mockito-core\src\test\java\org\mockitousage\bugs\ConcurrentModificationExceptionOnMultiThreadedVerificationTest.java,
mockito,C:\Users\ismak\Documents\GitHub\relation_test_code_smell_ML\dataset\projects\mockito\mockito-core\src\test\java\org\mockitousage\bugs\ConfusedSignatureTest.java,
mockito,C:\Users\ismak\Documents\GitHub\relation_test_code_smell_ML\dataset\projects\mockito\mockito-core\src\test\java\org\mockitousage\bugs\CovariantOverrideTest.java,
mockito,C:\Users\ismak\Documents\GitHub\relation_test_code_smell_ML\dataset\projects\mockito\mockito-core\src\test\java\org\mockitousage\bugs\creation\ConstructorInvokingMethodShouldNotRaiseExceptionTest.java,
mockito,C:\Users\ismak\Documents\GitHub\relation_test_code_smell_ML\dataset\projects\mockito\mockito-core\src\test\java\org\mockitousage\bugs\creation\MockClassWithMissingStaticDepTest.java,
mockito,C:\Users\ismak\Documents\GitHub\relation_test_code_smell_ML\dataset\projects\mockito\mockito-core\src\test\java\org\mockitousage\bugs\creation\PackagePrivateWithContextClassLoaderTest.java,
mockito,C:\Users\ismak\Documents\GitHub\relation_test_code_smell_ML\dataset\projects\mockito\mockito-core\src\test\java\org\mockitousage\bugs\creation\PublicMethodInParentWithNonPublicTypeInSignatureTest.java,
mockito,C:\Users\ismak\Documents\GitHub\relation_test_code_smell_ML\dataset\projects\mockito\mockito-core\src\test\java\org\mockitousage\bugs\creation\ShouldAllowInlineMockCreationTest.java,
mockito,C:\Users\ismak\Documents\GitHub\relation_test_code_smell_ML\dataset\projects\mockito\mockito-core\src\test\java\org\mockitousage\bugs\deepstubs\DeepStubFailingWhenGenericNestedAsRawTypeTest.java,
mockito,C:\Users\ismak\Documents\GitHub\relation_test_code_smell_ML\dataset\projects\mockito\mockito-core\src\test\java\org\mockitousage\bugs\deepstubs\DeepStubsWronglyReportsSerializationProblemsTest.java,
mockito,C:\Users\ismak\Documents\GitHub\relation_test_code_smell_ML\dataset\projects\mockito\mockito-core\src\test\java\org\mockitousage\bugs\DiamondInheritanceIsConfusingMockitoTest.java,
mockito,C:\Users\ismak\Documents\GitHub\relation_test_code_smell_ML\dataset\projects\mockito\mockito-core\src\test\java\org\mockitousage\bugs\EnabledMockingInterfaceCloneMethodTest.java,
mockito,C:\Users\ismak\Documents\GitHub\relation_test_code_smell_ML\dataset\projects\mockito\mockito-core\src\test\java\org\mockitousage\bugs\EqualsWithDeltaTest.java,
mockito,C:\Users\ismak\Documents\GitHub\relation_test_code_smell_ML\dataset\projects\mockito\mockito-core\src\test\java\org\mockitousage\bugs\FillInStackTraceScenariosTest.java,
mockito,C:\Users\ismak\Documents\GitHub\relation_test_code_smell_ML\dataset\projects\mockito\mockito-core\src\test\java\org\mockitousage\bugs\FinalHashCodeAndEqualsRaiseNPEInInitMocksTest.java,
mockito,C:\Users\ismak\Documents\GitHub\relation_test_code_smell_ML\dataset\projects\mockito\mockito-core\src\test\java\org\mockitousage\bugs\GenericsMockitoAnnotationsTest.java,
mockito,C:\Users\ismak\Documents\GitHub\relation_test_code_smell_ML\dataset\projects\mockito\mockito-core\src\test\java\org\mockitousage\bugs\ImplementationOfGenericAbstractMethodNotInvokedOnSpyTest.java,
mockito,C:\Users\ismak\Documents\GitHub\relation_test_code_smell_ML\dataset\projects\mockito\mockito-core\src\test\java\org\mockitousage\bugs\InheritedGenericsPolimorphicCallTest.java,
mockito,C:\Users\ismak\Documents\GitHub\relation_test_code_smell_ML\dataset\projects\mockito\mockito-core\src\test\java\org\mockitousage\bugs\injection\ChildWithSameParentFieldInjectionTest.java,
mockito,C:\Users\ismak\Documents\GitHub\relation_test_code_smell_ML\dataset\projects\mockito\mockito-core\src\test\java\org\mockitousage\bugs\injection\InjectionByTypeShouldFirstLookForExactTypeThenAncestorTest.java,
mockito,C:\Users\ismak\Documents\GitHub\relation_test_code_smell_ML\dataset\projects\mockito\mockito-core\src\test\java\org\mockitousage\bugs\injection\InjectMocksShouldTryPropertySettersFirstBeforeFieldAccessTest.java,
mockito,C:\Users\ismak\Documents\GitHub\relation_test_code_smell_ML\dataset\projects\mockito\mockito-core\src\test\java\org\mockitousage\bugs\injection\Issue353InjectionMightNotHappenInCertainConfigurationTest.java,
mockito,C:\Users\ismak\Documents\GitHub\relation_test_code_smell_ML\dataset\projects\mockito\mockito-core\src\test\java\org\mockitousage\bugs\injection\ParentTestMockInjectionTest.java,
mockito,C:\Users\ismak\Documents\GitHub\relation_test_code_smell_ML\dataset\projects\mockito\mockito-core\src\test\java\org\mockitousage\bugs\injection\ShouldNotTryToInjectInFinalOrStaticFieldsTest.java,
mockito,C:\Users\ismak\Documents\GitHub\relation_test_code_smell_ML\dataset\projects\mockito\mockito-core\src\test\java\org\mockitousage\bugs\IOOBExceptionShouldNotBeThrownWhenNotCodingFluentlyTest.java,
mockito,C:\Users\ismak\Documents\GitHub\relation_test_code_smell_ML\dataset\projects\mockito\mockito-core\src\test\java\org\mockitousage\bugs\ListenersLostOnResetMockTest.java,
mockito,C:\Users\ismak\Documents\GitHub\relation_test_code_smell_ML\dataset\projects\mockito\mockito-core\src\test\java\org\mockitousage\bugs\MockitoStubbedCallInAnswerTest.java,
mockito,C:\Users\ismak\Documents\GitHub\relation_test_code_smell_ML\dataset\projects\mockito\mockito-core\src\test\java\org\mockitousage\bugs\MultipleInOrdersTest.java,
mockito,C:\Users\ismak\Documents\GitHub\relation_test_code_smell_ML\dataset\projects\mockito\mockito-core\src\test\java\org\mockitousage\bugs\MultithreadedStubbingHalfManualTest.java,
mockito,C:\Users\ismak\Documents\GitHub\relation_test_code_smell_ML\dataset\projects\mockito\mockito-core\src\test\java\org\mockitousage\bugs\NPEOnAnyClassMatcherAutounboxTest.java,
mockito,C:\Users\ismak\Documents\GitHub\relation_test_code_smell_ML\dataset\projects\mockito\mockito-core\src\test\java\org\mockitousage\bugs\NPEWhenMockingThrowablesTest.java,
mockito,C:\Users\ismak\Documents\GitHub\relation_test_code_smell_ML\dataset\projects\mockito\mockito-core\src\test\java\org\mockitousage\bugs\NPEWithCertainMatchersTest.java,
mockito,C:\Users\ismak\Documents\GitHub\relation_test_code_smell_ML\dataset\projects\mockito\mockito-core\src\test\java\org\mockitousage\bugs\ShouldMocksCompareToBeConsistentWithEqualsTest.java,
mockito,C:\Users\ismak\Documents\GitHub\relation_test_code_smell_ML\dataset\projects\mockito\mockito-core\src\test\java\org\mockitousage\bugs\ShouldNotDeadlockAnswerExecutionTest.java,
mockito,C:\Users\ismak\Documents\GitHub\relation_test_code_smell_ML\dataset\projects\mockito\mockito-core\src\test\java\org\mockitousage\bugs\ShouldOnlyModeAllowCapturingArgumentsTest.java,
mockito,C:\Users\ismak\Documents\GitHub\relation_test_code_smell_ML\dataset\projects\mockito\mockito-core\src\test\java\org\mockitousage\bugs\SpyShouldHaveNiceNameTest.java,
mockito,C:\Users\ismak\Documents\GitHub\relation_test_code_smell_ML\dataset\projects\mockito\mockito-core\src\test\java\org\mockitousage\bugs\StubbingMocksThatAreConfiguredToReturnMocksTest.java,
mockito,C:\Users\ismak\Documents\GitHub\relation_test_code_smell_ML\dataset\projects\mockito\mockito-core\src\test\java\org\mockitousage\bugs\ThreadLocalTest.java,
mockito,C:\Users\ismak\Documents\GitHub\relation_test_code_smell_ML\dataset\projects\mockito\mockito-core\src\test\java\org\mockitousage\bugs\varargs\VarargsAndAnyPicksUpExtraInvocationsTest.java,
mockito,C:\Users\ismak\Documents\GitHub\relation_test_code_smell_ML\dataset\projects\mockito\mockito-core\src\test\java\org\mockitousage\bugs\varargs\VarargsErrorWhenCallingRealMethodTest.java,
mockito,C:\Users\ismak\Documents\GitHub\relation_test_code_smell_ML\dataset\projects\mockito\mockito-core\src\test\java\org\mockitousage\bugs\VerifyingWithAnExtraCallToADifferentMockTest.java,
mockito,C:\Users\ismak\Documents\GitHub\relation_test_code_smell_ML\dataset\projects\mockito\mockito-core\src\test\java\org\mockitousage\CompilationWarningsTest.java,
mockito,C:\Users\ismak\Documents\GitHub\relation_test_code_smell_ML\dataset\projects\mockito\mockito-core\src\test\java\org\mockitousage\configuration\ClassCacheVersusClassReloadingTest.java,
mockito,C:\Users\ismak\Documents\GitHub\relation_test_code_smell_ML\dataset\projects\mockito\mockito-core\src\test\java\org\mockitousage\constructor\CreatingMocksWithConstructorTest.java,
mockito,C:\Users\ismak\Documents\GitHub\relation_test_code_smell_ML\dataset\projects\mockito\mockito-core\src\test\java\org\mockitousage\customization\BDDMockitoTest.java,
mockito,C:\Users\ismak\Documents\GitHub\relation_test_code_smell_ML\dataset\projects\mockito\mockito-core\src\test\java\org\mockitousage\debugging\InvocationListenerCallbackTest.java,
mockito,C:\Users\ismak\Documents\GitHub\relation_test_code_smell_ML\dataset\projects\mockito\mockito-core\src\test\java\org\mockitousage\debugging\InvocationsPrinterTest.java,
mockito,C:\Users\ismak\Documents\GitHub\relation_test_code_smell_ML\dataset\projects\mockito\mockito-core\src\test\java\org\mockitousage\debugging\StubbingLookupListenerCallbackTest.java,
mockito,C:\Users\ismak\Documents\GitHub\relation_test_code_smell_ML\dataset\projects\mockito\mockito-core\src\test\java\org\mockitousage\debugging\VerboseLoggingOfInvocationsOnMockTest.java,
mockito,C:\Users\ismak\Documents\GitHub\relation_test_code_smell_ML\dataset\projects\mockito\mockito-core\src\test\java\org\mockitousage\debugging\VerificationListenerCallBackTest.java,
mockito,C:\Users\ismak\Documents\GitHub\relation_test_code_smell_ML\dataset\projects\mockito\mockito-core\src\test\java\org\mockitousage\examples\use\ExampleTest.java,
mockito,C:\Users\ismak\Documents\GitHub\relation_test_code_smell_ML\dataset\projects\mockito\mockito-core\src\test\java\org\mockitousage\internal\debugging\LocationFactoryTest.java,
mockito,C:\Users\ismak\Documents\GitHub\relation_test_code_smell_ML\dataset\projects\mockito\mockito-core\src\test\java\org\mockitousage\internal\junit\UnusedStubbingsFinderTest.java,
mockito,C:\Users\ismak\Documents\GitHub\relation_test_code_smell_ML\dataset\projects\mockito\mockito-core\src\test\java\org\mockitousage\jls\JLS_15_12_2_5Test.java,
mockito,C:\Users\ismak\Documents\GitHub\relation_test_code_smell_ML\dataset\projects\mockito\mockito-core\src\test\java\org\mockitousage\junitrule\InvalidTargetMockitoJUnitRuleTest.java,
mockito,C:\Users\ismak\Documents\GitHub\relation_test_code_smell_ML\dataset\projects\mockito\mockito-core\src\test\java\org\mockitousage\junitrule\JUnitTestRuleIntegratesWithRuleChainTest.java,
mockito,C:\Users\ismak\Documents\GitHub\relation_test_code_smell_ML\dataset\projects\mockito\mockito-core\src\test\java\org\mockitousage\junitrule\LenientJUnitRuleTest.java,
mockito,C:\Users\ismak\Documents\GitHub\relation_test_code_smell_ML\dataset\projects\mockito\mockito-core\src\test\java\org\mockitousage\junitrule\MockitoJUnitRuleTest.java,
mockito,C:\Users\ismak\Documents\GitHub\relation_test_code_smell_ML\dataset\projects\mockito\mockito-core\src\test\java\org\mockitousage\junitrule\MockitoJUnitTestRuleTest.java,
mockito,C:\Users\ismak\Documents\GitHub\relation_test_code_smell_ML\dataset\projects\mockito\mockito-core\src\test\java\org\mockitousage\junitrule\MutableStrictJUnitRuleTest.java,
mockito,C:\Users\ismak\Documents\GitHub\relation_test_code_smell_ML\dataset\projects\mockito\mockito-core\src\test\java\org\mockitousage\junitrule\MutableStrictJUnitTestRuleTest.java,
mockito,C:\Users\ismak\Documents\GitHub\relation_test_code_smell_ML\dataset\projects\mockito\mockito-core\src\test\java\org\mockitousage\junitrule\RuleTestWithFactoryMethodTest.java,
mockito,C:\Users\ismak\Documents\GitHub\relation_test_code_smell_ML\dataset\projects\mockito\mockito-core\src\test\java\org\mockitousage\junitrule\RuleTestWithParameterConstructorTest.java,
mockito,C:\Users\ismak\Documents\GitHub\relation_test_code_smell_ML\dataset\projects\mockito\mockito-core\src\test\java\org\mockitousage\junitrule\StrictJUnitRuleTest.java,
mockito,C:\Users\ismak\Documents\GitHub\relation_test_code_smell_ML\dataset\projects\mockito\mockito-core\src\test\java\org\mockitousage\junitrule\StubbingWarningsJUnitRuleTest.java,
mockito,C:\Users\ismak\Documents\GitHub\relation_test_code_smell_ML\dataset\projects\mockito\mockito-core\src\test\java\org\mockitousage\junitrule\StubbingWarningsMultiThreadingTest.java,
mockito,C:\Users\ismak\Documents\GitHub\relation_test_code_smell_ML\dataset\projects\mockito\mockito-core\src\test\java\org\mockitousage\junitrule\VerificationCollectorImplTest.java,
mockito,C:\Users\ismak\Documents\GitHub\relation_test_code_smell_ML\dataset\projects\mockito\mockito-core\src\test\java\org\mockitousage\junitrunner\DeepStubbingWithJUnitRunnerTest.java,
mockito,C:\Users\ismak\Documents\GitHub\relation_test_code_smell_ML\dataset\projects\mockito\mockito-core\src\test\java\org\mockitousage\junitrunner\JUnit45RunnerTest.java,
mockito,C:\Users\ismak\Documents\GitHub\relation_test_code_smell_ML\dataset\projects\mockito\mockito-core\src\test\java\org\mockitousage\junitrunner\ModellingVerboseMockitoTest.java,
mockito,C:\Users\ismak\Documents\GitHub\relation_test_code_smell_ML\dataset\projects\mockito\mockito-core\src\test\java\org\mockitousage\junitrunner\SilentRunnerTest.java,
mockito,C:\Users\ismak\Documents\GitHub\relation_test_code_smell_ML\dataset\projects\mockito\mockito-core\src\test\java\org\mockitousage\junitrunner\StrictRunnerTest.java,
mockito,C:\Users\ismak\Documents\GitHub\relation_test_code_smell_ML\dataset\projects\mockito\mockito-core\src\test\java\org\mockitousage\junitrunner\StrictStubsRunnerTest.java,
mockito,C:\Users\ismak\Documents\GitHub\relation_test_code_smell_ML\dataset\projects\mockito\mockito-core\src\test\java\org\mockitousage\junitrunner\StubbingWarningsJUnitRunnerTest.java,
mockito,C:\Users\ismak\Documents\GitHub\relation_test_code_smell_ML\dataset\projects\mockito\mockito-core\src\test\java\org\mockitousage\junitrunner\UnusedStubsExceptionMessageTest.java,
mockito,C:\Users\ismak\Documents\GitHub\relation_test_code_smell_ML\dataset\projects\mockito\mockito-core\src\test\java\org\mockitousage\matchers\AdditionalMatcherTest.java,
mockito,C:\Users\ismak\Documents\GitHub\relation_test_code_smell_ML\dataset\projects\mockito\mockito-core\src\test\java\org\mockitousage\matchers\AnyXMatchersAcceptNullsTest.java,
mockito,C:\Users\ismak\Documents\GitHub\relation_test_code_smell_ML\dataset\projects\mockito\mockito-core\src\test\java\org\mockitousage\matchers\CapturingArgumentsTest.java,
mockito,C:\Users\ismak\Documents\GitHub\relation_test_code_smell_ML\dataset\projects\mockito\mockito-core\src\test\java\org\mockitousage\matchers\CustomMatcherDoesYieldCCETest.java,
mockito,C:\Users\ismak\Documents\GitHub\relation_test_code_smell_ML\dataset\projects\mockito\mockito-core\src\test\java\org\mockitousage\matchers\CustomMatchersTest.java,
mockito,C:\Users\ismak\Documents\GitHub\relation_test_code_smell_ML\dataset\projects\mockito\mockito-core\src\test\java\org\mockitousage\matchers\GenericMatchersTest.java,
mockito,C:\Users\ismak\Documents\GitHub\relation_test_code_smell_ML\dataset\projects\mockito\mockito-core\src\test\java\org\mockitousage\matchers\HamcrestMatchersTest.java,
mockito,C:\Users\ismak\Documents\GitHub\relation_test_code_smell_ML\dataset\projects\mockito\mockito-core\src\test\java\org\mockitousage\matchers\InvalidUseOfMatchersTest.java,
mockito,C:\Users\ismak\Documents\GitHub\relation_test_code_smell_ML\dataset\projects\mockito\mockito-core\src\test\java\org\mockitousage\matchers\MatchersMixedWithRawArgumentsTest.java,
mockito,C:\Users\ismak\Documents\GitHub\relation_test_code_smell_ML\dataset\projects\mockito\mockito-core\src\test\java\org\mockitousage\matchers\MatchersTest.java,
mockito,C:\Users\ismak\Documents\GitHub\relation_test_code_smell_ML\dataset\projects\mockito\mockito-core\src\test\java\org\mockitousage\matchers\MoreMatchersTest.java,
mockito,C:\Users\ismak\Documents\GitHub\relation_test_code_smell_ML\dataset\projects\mockito\mockito-core\src\test\java\org\mockitousage\matchers\NewMatchersTest.java,
mockito,C:\Users\ismak\Documents\GitHub\relation_test_code_smell_ML\dataset\projects\mockito\mockito-core\src\test\java\org\mockitousage\matchers\ReflectionMatchersTest.java,
mockito,C:\Users\ismak\Documents\GitHub\relation_test_code_smell_ML\dataset\projects\mockito\mockito-core\src\test\java\org\mockitousage\matchers\VarargsTest.java,
mockito,C:\Users\ismak\Documents\GitHub\relation_test_code_smell_ML\dataset\projects\mockito\mockito-core\src\test\java\org\mockitousage\matchers\VerificationAndStubbingUsingMatchersTest.java,
mockito,C:\Users\ismak\Documents\GitHub\relation_test_code_smell_ML\dataset\projects\mockito\mockito-core\src\test\java\org\mockitousage\misuse\CleaningUpPotentialStubbingTest.java,
mockito,C:\Users\ismak\Documents\GitHub\relation_test_code_smell_ML\dataset\projects\mockito\mockito-core\src\test\java\org\mockitousage\misuse\DescriptiveMessagesOnMisuseTest.java,
mockito,C:\Users\ismak\Documents\GitHub\relation_test_code_smell_ML\dataset\projects\mockito\mockito-core\src\test\java\org\mockitousage\misuse\DetectingFinalMethodsTest.java,
mockito,C:\Users\ismak\Documents\GitHub\relation_test_code_smell_ML\dataset\projects\mockito\mockito-core\src\test\java\org\mockitousage\misuse\DetectingMisusedMatchersTest.java,
mockito,C:\Users\ismak\Documents\GitHub\relation_test_code_smell_ML\dataset\projects\mockito\mockito-core\src\test\java\org\mockitousage\misuse\ExplicitFrameworkValidationTest.java,
mockito,C:\Users\ismak\Documents\GitHub\relation_test_code_smell_ML\dataset\projects\mockito\mockito-core\src\test\java\org\mockitousage\misuse\InvalidUsageTest.java,
mockito,C:\Users\ismak\Documents\GitHub\relation_test_code_smell_ML\dataset\projects\mockito\mockito-core\src\test\java\org\mockitousage\misuse\RestrictedObjectMethodsTest.java,
mockito,C:\Users\ismak\Documents\GitHub\relation_test_code_smell_ML\dataset\projects\mockito\mockito-core\src\test\java\org\mockitousage\packageprotected\MockingPackageProtectedTest.java,
mockito,C:\Users\ismak\Documents\GitHub\relation_test_code_smell_ML\dataset\projects\mockito\mockito-core\src\test\java\org\mockitousage\performance\LoadsOfMocksTest.java,
mockito,C:\Users\ismak\Documents\GitHub\relation_test_code_smell_ML\dataset\projects\mockito\mockito-core\src\test\java\org\mockitousage\performance\StubOnlyAvoidMemoryConsumptionTest.java,
mockito,C:\Users\ismak\Documents\GitHub\relation_test_code_smell_ML\dataset\projects\mockito\mockito-core\src\test\java\org\mockitousage\PlaygroundTest.java,
mockito,C:\Users\ismak\Documents\GitHub\relation_test_code_smell_ML\dataset\projects\mockito\mockito-core\src\test\java\org\mockitousage\PlaygroundWithDemoOfUnclonedParametersProblemTest.java,
mockito,C:\Users\ismak\Documents\GitHub\relation_test_code_smell_ML\dataset\projects\mockito\mockito-core\src\test\java\org\mockitousage\plugins\MockitoPluginsTest.java,
mockito,C:\Users\ismak\Documents\GitHub\relation_test_code_smell_ML\dataset\projects\mockito\mockito-core\src\test\java\org\mockitousage\puzzlers\BridgeMethodPuzzleTest.java,
mockito,C:\Users\ismak\Documents\GitHub\relation_test_code_smell_ML\dataset\projects\mockito\mockito-core\src\test\java\org\mockitousage\puzzlers\OverloadingPuzzleTest.java,
mockito,C:\Users\ismak\Documents\GitHub\relation_test_code_smell_ML\dataset\projects\mockito\mockito-core\src\test\java\org\mockitousage\serialization\AcrossClassLoaderSerializationTest.java,
mockito,C:\Users\ismak\Documents\GitHub\relation_test_code_smell_ML\dataset\projects\mockito\mockito-core\src\test\java\org\mockitousage\serialization\DeepStubsSerializableTest.java,
mockito,C:\Users\ismak\Documents\GitHub\relation_test_code_smell_ML\dataset\projects\mockito\mockito-core\src\test\java\org\mockitousage\serialization\ParallelSerializationTest.java,
mockito,C:\Users\ismak\Documents\GitHub\relation_test_code_smell_ML\dataset\projects\mockito\mockito-core\src\test\java\org\mockitousage\serialization\StrictStubsSerializableTest.java,
mockito,C:\Users\ismak\Documents\GitHub\relation_test_code_smell_ML\dataset\projects\mockito\mockito-core\src\test\java\org\mockitousage\session\MockitoSessionTest.java,
mockito,C:\Users\ismak\Documents\GitHub\relation_test_code_smell_ML\dataset\projects\mockito\mockito-core\src\test\java\org\mockitousage\spies\PartialMockingWithSpiesTest.java,
mockito,C:\Users\ismak\Documents\GitHub\relation_test_code_smell_ML\dataset\projects\mockito\mockito-core\src\test\java\org\mockitousage\spies\SpiesWithRealEqualsAndInOrderTest.java,
mockito,C:\Users\ismak\Documents\GitHub\relation_test_code_smell_ML\dataset\projects\mockito\mockito-core\src\test\java\org\mockitousage\spies\SpyAsDefaultMockUsageTest.java,
mockito,C:\Users\ismak\Documents\GitHub\relation_test_code_smell_ML\dataset\projects\mockito\mockito-core\src\test\java\org\mockitousage\spies\SpyingOnInterfacesTest.java,
mockito,C:\Users\ismak\Documents\GitHub\relation_test_code_smell_ML\dataset\projects\mockito\mockito-core\src\test\java\org\mockitousage\spies\SpyingOnRealObjectsTest.java,
mockito,C:\Users\ismak\Documents\GitHub\relation_test_code_smell_ML\dataset\projects\mockito\mockito-core\src\test\java\org\mockitousage\spies\StubbingSpiesDoesNotYieldNPETest.java,
mockito,C:\Users\ismak\Documents\GitHub\relation_test_code_smell_ML\dataset\projects\mockito\mockito-core\src\test\java\org\mockitousage\stacktrace\ClickableStackTracesTest.java,
mockito,C:\Users\ismak\Documents\GitHub\relation_test_code_smell_ML\dataset\projects\mockito\mockito-core\src\test\java\org\mockitousage\stacktrace\ClickableStackTracesWhenFrameworkMisusedTest.java,
mockito,C:\Users\ismak\Documents\GitHub\relation_test_code_smell_ML\dataset\projects\mockito\mockito-core\src\test\java\org\mockitousage\stacktrace\ModellingDescriptiveMessagesTest.java,
mockito,C:\Users\ismak\Documents\GitHub\relation_test_code_smell_ML\dataset\projects\mockito\mockito-core\src\test\java\org\mockitousage\stacktrace\PointingStackTraceToActualInvocationChunkInOrderTest.java,
mockito,C:\Users\ismak\Documents\GitHub\relation_test_code_smell_ML\dataset\projects\mockito\mockito-core\src\test\java\org\mockitousage\stacktrace\PointingStackTraceToActualInvocationInOrderTest.java,
mockito,C:\Users\ismak\Documents\GitHub\relation_test_code_smell_ML\dataset\projects\mockito\mockito-core\src\test\java\org\mockitousage\stacktrace\PointingStackTraceToActualInvocationTest.java,
mockito,C:\Users\ismak\Documents\GitHub\relation_test_code_smell_ML\dataset\projects\mockito\mockito-core\src\test\java\org\mockitousage\stacktrace\StackTraceFilteringTest.java,
mockito,C:\Users\ismak\Documents\GitHub\relation_test_code_smell_ML\dataset\projects\mockito\mockito-core\src\test\java\org\mockitousage\strictness\LenientMockAnnotationTest.java,
mockito,C:\Users\ismak\Documents\GitHub\relation_test_code_smell_ML\dataset\projects\mockito\mockito-core\src\test\java\org\mockitousage\strictness\PotentialStubbingSensitivityTest.java,
mockito,C:\Users\ismak\Documents\GitHub\relation_test_code_smell_ML\dataset\projects\mockito\mockito-core\src\test\java\org\mockitousage\strictness\StrictnessMockAnnotationTest.java,
mockito,C:\Users\ismak\Documents\GitHub\relation_test_code_smell_ML\dataset\projects\mockito\mockito-core\src\test\java\org\mockitousage\strictness\StrictnessPerMockTest.java,
mockito,C:\Users\ismak\Documents\GitHub\relation_test_code_smell_ML\dataset\projects\mockito\mockito-core\src\test\java\org\mockitousage\strictness\StrictnessPerStubbingTest.java,
mockito,C:\Users\ismak\Documents\GitHub\relation_test_code_smell_ML\dataset\projects\mockito\mockito-core\src\test\java\org\mockitousage\strictness\StrictnessPerStubbingWithRunnerTest.java,
mockito,C:\Users\ismak\Documents\GitHub\relation_test_code_smell_ML\dataset\projects\mockito\mockito-core\src\test\java\org\mockitousage\strictness\StrictnessWhenRuleStrictnessIsUpdatedTest.java,
mockito,C:\Users\ismak\Documents\GitHub\relation_test_code_smell_ML\dataset\projects\mockito\mockito-core\src\test\java\org\mockitousage\strictness\StrictnessWithRulesTest.java,
mockito,C:\Users\ismak\Documents\GitHub\relation_test_code_smell_ML\dataset\projects\mockito\mockito-core\src\test\java\org\mockitousage\strictness\StrictnessWithSettingsTest.java,
mockito,C:\Users\ismak\Documents\GitHub\relation_test_code_smell_ML\dataset\projects\mockito\mockito-core\src\test\java\org\mockitousage\stubbing\BasicStubbingTest.java,
mockito,C:\Users\ismak\Documents\GitHub\relation_test_code_smell_ML\dataset\projects\mockito\mockito-core\src\test\java\org\mockitousage\stubbing\CallingRealMethodTest.java,
mockito,C:\Users\ismak\Documents\GitHub\relation_test_code_smell_ML\dataset\projects\mockito\mockito-core\src\test\java\org\mockitousage\stubbing\CloningParameterTest.java,
mockito,C:\Users\ismak\Documents\GitHub\relation_test_code_smell_ML\dataset\projects\mockito\mockito-core\src\test\java\org\mockitousage\stubbing\DeepStubbingTest.java,
mockito,C:\Users\ismak\Documents\GitHub\relation_test_code_smell_ML\dataset\projects\mockito\mockito-core\src\test\java\org\mockitousage\stubbing\MisusingStubbingTest.java,
mockito,C:\Users\ismak\Documents\GitHub\relation_test_code_smell_ML\dataset\projects\mockito\mockito-core\src\test\java\org\mockitousage\stubbing\ReturningDefaultValuesTest.java,
mockito,C:\Users\ismak\Documents\GitHub\relation_test_code_smell_ML\dataset\projects\mockito\mockito-core\src\test\java\org\mockitousage\stubbing\SmartNullsGenericBugTest.java,
mockito,C:\Users\ismak\Documents\GitHub\relation_test_code_smell_ML\dataset\projects\mockito\mockito-core\src\test\java\org\mockitousage\stubbing\SmartNullsStubbingTest.java,
mockito,C:\Users\ismak\Documents\GitHub\relation_test_code_smell_ML\dataset\projects\mockito\mockito-core\src\test\java\org\mockitousage\stubbing\StrictStubbingEndToEndTest.java,
mockito,C:\Users\ismak\Documents\GitHub\relation_test_code_smell_ML\dataset\projects\mockito\mockito-core\src\test\java\org\mockitousage\stubbing\StrictStubbingTest.java,
mockito,C:\Users\ismak\Documents\GitHub\relation_test_code_smell_ML\dataset\projects\mockito\mockito-core\src\test\java\org\mockitousage\stubbing\StubbingConsecutiveAnswersTest.java,
mockito,C:\Users\ismak\Documents\GitHub\relation_test_code_smell_ML\dataset\projects\mockito\mockito-core\src\test\java\org\mockitousage\stubbing\StubbingReturnsSelfTest.java,
mockito,C:\Users\ismak\Documents\GitHub\relation_test_code_smell_ML\dataset\projects\mockito\mockito-core\src\test\java\org\mockitousage\stubbing\StubbingUsingDoReturnTest.java,
mockito,C:\Users\ismak\Documents\GitHub\relation_test_code_smell_ML\dataset\projects\mockito\mockito-core\src\test\java\org\mockitousage\stubbing\StubbingWarningsTest.java,
mockito,C:\Users\ismak\Documents\GitHub\relation_test_code_smell_ML\dataset\projects\mockito\mockito-core\src\test\java\org\mockitousage\stubbing\StubbingWithAdditionalAnswersTest.java,
mockito,C:\Users\ismak\Documents\GitHub\relation_test_code_smell_ML\dataset\projects\mockito\mockito-core\src\test\java\org\mockitousage\stubbing\StubbingWithBadThrowablesTest.java,
mockito,C:\Users\ismak\Documents\GitHub\relation_test_code_smell_ML\dataset\projects\mockito\mockito-core\src\test\java\org\mockitousage\stubbing\StubbingWithCustomAnswerTest.java,
mockito,C:\Users\ismak\Documents\GitHub\relation_test_code_smell_ML\dataset\projects\mockito\mockito-core\src\test\java\org\mockitousage\stubbing\StubbingWithDelegateTest.java,
mockito,C:\Users\ismak\Documents\GitHub\relation_test_code_smell_ML\dataset\projects\mockito\mockito-core\src\test\java\org\mockitousage\stubbing\StubbingWithDelegateVarArgsTest.java,
mockito,C:\Users\ismak\Documents\GitHub\relation_test_code_smell_ML\dataset\projects\mockito\mockito-core\src\test\java\org\mockitousage\stubbing\StubbingWithExtraAnswersTest.java,
mockito,C:\Users\ismak\Documents\GitHub\relation_test_code_smell_ML\dataset\projects\mockito\mockito-core\src\test\java\org\mockitousage\stubbing\StubbingWithThrowablesTest.java,
mockito,C:\Users\ismak\Documents\GitHub\relation_test_code_smell_ML\dataset\projects\mockito\mockito-core\src\test\java\org\mockitousage\verification\AtLeastXVerificationTest.java,
mockito,C:\Users\ismak\Documents\GitHub\relation_test_code_smell_ML\dataset\projects\mockito\mockito-core\src\test\java\org\mockitousage\verification\AtMostXVerificationTest.java,
mockito,C:\Users\ismak\Documents\GitHub\relation_test_code_smell_ML\dataset\projects\mockito\mockito-core\src\test\java\org\mockitousage\verification\BasicVerificationInOrderTest.java,
mockito,C:\Users\ismak\Documents\GitHub\relation_test_code_smell_ML\dataset\projects\mockito\mockito-core\src\test\java\org\mockitousage\verification\BasicVerificationTest.java,
mockito,C:\Users\ismak\Documents\GitHub\relation_test_code_smell_ML\dataset\projects\mockito\mockito-core\src\test\java\org\mockitousage\verification\DescriptiveMessagesOnVerificationInOrderErrorsTest.java,
mockito,C:\Users\ismak\Documents\GitHub\relation_test_code_smell_ML\dataset\projects\mockito\mockito-core\src\test\java\org\mockitousage\verification\DescriptiveMessagesWhenTimesXVerificationFailsTest.java,
mockito,C:\Users\ismak\Documents\GitHub\relation_test_code_smell_ML\dataset\projects\mockito\mockito-core\src\test\java\org\mockitousage\verification\DescriptiveMessagesWhenVerificationFailsTest.java,
mockito,C:\Users\ismak\Documents\GitHub\relation_test_code_smell_ML\dataset\projects\mockito\mockito-core\src\test\java\org\mockitousage\verification\ExactNumberOfTimesVerificationTest.java,
mockito,C:\Users\ismak\Documents\GitHub\relation_test_code_smell_ML\dataset\projects\mockito\mockito-core\src\test\java\org\mockitousage\verification\FindingRedundantInvocationsInOrderTest.java,
mockito,C:\Users\ismak\Documents\GitHub\relation_test_code_smell_ML\dataset\projects\mockito\mockito-core\src\test\java\org\mockitousage\verification\NoMoreInteractionsVerificationTest.java,
mockito,C:\Users\ismak\Documents\GitHub\relation_test_code_smell_ML\dataset\projects\mockito\mockito-core\src\test\java\org\mockitousage\verification\OnlyVerificationTest.java,
mockito,C:\Users\ismak\Documents\GitHub\relation_test_code_smell_ML\dataset\projects\mockito\mockito-core\src\test\java\org\mockitousage\verification\OrdinaryVerificationPrintsAllInteractionsTest.java,
mockito,C:\Users\ismak\Documents\GitHub\relation_test_code_smell_ML\dataset\projects\mockito\mockito-core\src\test\java\org\mockitousage\verification\PrintingVerboseTypesWithArgumentsTest.java,
mockito,C:\Users\ismak\Documents\GitHub\relation_test_code_smell_ML\dataset\projects\mockito\mockito-core\src\test\java\org\mockitousage\verification\RelaxedVerificationInOrderTest.java,
mockito,C:\Users\ismak\Documents\GitHub\relation_test_code_smell_ML\dataset\projects\mockito\mockito-core\src\test\java\org\mockitousage\verification\SelectedMocksInOrderVerificationTest.java,
mockito,C:\Users\ismak\Documents\GitHub\relation_test_code_smell_ML\dataset\projects\mockito\mockito-core\src\test\java\org\mockitousage\verification\VerificationExcludingStubsTest.java,
mockito,C:\Users\ismak\Documents\GitHub\relation_test_code_smell_ML\dataset\projects\mockito\mockito-core\src\test\java\org\mockitousage\verification\VerificationInOrderMixedWithOrdinaryVerificationTest.java,
mockito,C:\Users\ismak\Documents\GitHub\relation_test_code_smell_ML\dataset\projects\mockito\mockito-core\src\test\java\org\mockitousage\verification\VerificationInOrderTest.java,
mockito,C:\Users\ismak\Documents\GitHub\relation_test_code_smell_ML\dataset\projects\mockito\mockito-core\src\test\java\org\mockitousage\verification\VerificationInOrderWithCallsTest.java,
mockito,C:\Users\ismak\Documents\GitHub\relation_test_code_smell_ML\dataset\projects\mockito\mockito-core\src\test\java\org\mockitousage\verification\VerificationInOrderWithTimeoutTest.java,
mockito,C:\Users\ismak\Documents\GitHub\relation_test_code_smell_ML\dataset\projects\mockito\mockito-core\src\test\java\org\mockitousage\verification\VerificationOnMultipleMocksUsingMatchersTest.java,
mockito,C:\Users\ismak\Documents\GitHub\relation_test_code_smell_ML\dataset\projects\mockito\mockito-core\src\test\java\org\mockitousage\verification\VerificationStartedListenerTest.java,
mockito,C:\Users\ismak\Documents\GitHub\relation_test_code_smell_ML\dataset\projects\mockito\mockito-core\src\test\java\org\mockitousage\verification\VerificationUsingMatchersTest.java,
mockito,C:\Users\ismak\Documents\GitHub\relation_test_code_smell_ML\dataset\projects\mockito\mockito-core\src\test\java\org\mockitousage\verification\VerificationWithAfterAndCaptorTest.java,
mockito,C:\Users\ismak\Documents\GitHub\relation_test_code_smell_ML\dataset\projects\mockito\mockito-core\src\test\java\org\mockitousage\verification\VerificationWithAfterTest.java,
mockito,C:\Users\ismak\Documents\GitHub\relation_test_code_smell_ML\dataset\projects\mockito\mockito-core\src\test\java\org\mockitousage\verification\VerificationWithTimeoutTest.java,
mockito,C:\Users\ismak\Documents\GitHub\relation_test_code_smell_ML\dataset\projects\mockito\mockito-core\src\test\java\org\mockitousage\verification\VerifyPrintsAllInvocationsOnErrorTest.java,
mockito,C:\Users\ismak\Documents\GitHub\relation_test_code_smell_ML\dataset\projects\mockito\mockito-core\src\testFixtures\java\org\mockitoutil\async\AsyncTestingTest.java,
mockito,C:\Users\ismak\Documents\GitHub\relation_test_code_smell_ML\dataset\projects\mockito\mockito-core\src\testFixtures\java\org\mockitoutil\ClassLoadersTest.java,
mockito,C:\Users\ismak\Documents\GitHub\relation_test_code_smell_ML\dataset\projects\mockito\mockito-core\src\testFixtures\java\org\mockitoutil\SafeJUnitRuleTest.java,
mockito,C:\Users\ismak\Documents\GitHub\relation_test_code_smell_ML\dataset\projects\mockito\mockito-core\src\testFixtures\java\org\mockitoutil\TestBase.java,
mockito,C:\Users\ismak\Documents\GitHub\relation_test_code_smell_ML\dataset\projects\mockito\mockito-core\src\testFixtures\java\org\mockitoutil\TestBaseTest.java,
mockito,C:\Users\ismak\Documents\GitHub\relation_test_code_smell_ML\dataset\projects\mockito\mockito-extensions\mockito-errorprone\src\test\java\org\mockito\errorprone\bugpatterns\MockitoAnyClassWithPrimitiveTypeTest.java,
mockito,C:\Users\ismak\Documents\GitHub\relation_test_code_smell_ML\dataset\projects\mockito\mockito-extensions\mockito-errorprone\src\test\java\org\mockito\errorprone\bugpatterns\MockitoAnyIncorrectPrimitiveTypeTest.java,
mockito,C:\Users\ismak\Documents\GitHub\relation_test_code_smell_ML\dataset\projects\mockito\mockito-extensions\mockito-errorprone\src\test\java\org\mockito\errorprone\bugpatterns\MockitoInternalUsageTest.java,
mockito,C:\Users\ismak\Documents\GitHub\relation_test_code_smell_ML\dataset\projects\mockito\mockito-extensions\mockito-errorprone\src\test\java\org\mockito\errorprone\bugpatterns\MockitoNotExtensibleTest.java,
mockito,C:\Users\ismak\Documents\GitHub\relation_test_code_smell_ML\dataset\projects\mockito\mockito-extensions\mockito-junit-jupiter\src\test\java\org\mockitousage\annotation\CaptorAnnotationWithPrimitiveTest.java,
mockito,C:\Users\ismak\Documents\GitHub\relation_test_code_smell_ML\dataset\projects\mockito\mockito-extensions\mockito-junit-jupiter\src\test\java\org\mockitousage\GenericTypeMockMultipleMatchesTest.java,
mockito,C:\Users\ismak\Documents\GitHub\relation_test_code_smell_ML\dataset\projects\mockito\mockito-extensions\mockito-junit-jupiter\src\test\java\org\mockitousage\GenericTypeMockTest.java,
mockito,C:\Users\ismak\Documents\GitHub\relation_test_code_smell_ML\dataset\projects\mockito\mockito-extensions\mockito-junit-jupiter\src\test\java\org\mockitousage\InjectMocksTest.java,
mockito,C:\Users\ismak\Documents\GitHub\relation_test_code_smell_ML\dataset\projects\mockito\mockito-extensions\mockito-junit-jupiter\src\test\java\org\mockitousage\JunitJupiterSkippedTest.java,
mockito,C:\Users\ismak\Documents\GitHub\relation_test_code_smell_ML\dataset\projects\mockito\mockito-extensions\mockito-junit-jupiter\src\test\java\org\mockitousage\JunitJupiterTest.java,
mockito,C:\Users\ismak\Documents\GitHub\relation_test_code_smell_ML\dataset\projects\mockito\mockito-extensions\mockito-junit-jupiter\src\test\java\org\mockitousage\MultiLevelNestedTest.java,
mockito,C:\Users\ismak\Documents\GitHub\relation_test_code_smell_ML\dataset\projects\mockito\mockito-extensions\mockito-junit-jupiter\src\test\java\org\mockitousage\StrictnessTest.java,
mockito,C:\Users\ismak\Documents\GitHub\relation_test_code_smell_ML\dataset\projects\mockito\mockito-extensions\mockito-proxy\src\test\java\org\mockitoproxy\MocksTest.java,
mockito,C:\Users\ismak\Documents\GitHub\relation_test_code_smell_ML\dataset\projects\mockito\mockito-extensions\mockito-subclass\src\test\java\org\mockitosubclass\PluginTest.java,
mockito,C:\Users\ismak\Documents\GitHub\relation_test_code_smell_ML\dataset\projects\mockito\mockito-integration-tests\extensions-tests\src\test\java\org\mockitousage\plugins\donotmockenforcer\DoNotmockEnforcerTest.java,
mockito,C:\Users\ismak\Documents\GitHub\relation_test_code_smell_ML\dataset\projects\mockito\mockito-integration-tests\extensions-tests\src\test\java\org\mockitousage\plugins\instantiator\InstantiatorProviderTest.java,
mockito,C:\Users\ismak\Documents\GitHub\relation_test_code_smell_ML\dataset\projects\mockito\mockito-integration-tests\extensions-tests\src\test\java\org\mockitousage\plugins\logger\MockitoLoggerTest.java,
mockito,C:\Users\ismak\Documents\GitHub\relation_test_code_smell_ML\dataset\projects\mockito\mockito-integration-tests\extensions-tests\src\test\java\org\mockitousage\plugins\resolver\MockResolverTest.java,
mockito,C:\Users\ismak\Documents\GitHub\relation_test_code_smell_ML\dataset\projects\mockito\mockito-integration-tests\extensions-tests\src\test\java\org\mockitousage\plugins\stacktrace\PluginStackTraceFilteringTest.java,
mockito,C:\Users\ismak\Documents\GitHub\relation_test_code_smell_ML\dataset\projects\mockito\mockito-integration-tests\extensions-tests\src\test\java\org\mockitousage\plugins\switcher\PluginSwitchTest.java,
mockito,C:\Users\ismak\Documents\GitHub\relation_test_code_smell_ML\dataset\projects\mockito\mockito-integration-tests\graalvm-tests\src\test\java\org\mockito\graalvm\GraalVMSubclassMockMakerTest.java,
mockito,C:\Users\ismak\Documents\GitHub\relation_test_code_smell_ML\dataset\projects\mockito\mockito-integration-tests\inline-mocks-tests\src\test\java\org\mockitoinline\bugs\CyclicMockMethodArgumentMemoryLeakTest.java,
mockito,C:\Users\ismak\Documents\GitHub\relation_test_code_smell_ML\dataset\projects\mockito\mockito-integration-tests\inline-mocks-tests\src\test\java\org\mockitoinline\bugs\OngoingStubShiftTest.java,
mockito,C:\Users\ismak\Documents\GitHub\relation_test_code_smell_ML\dataset\projects\mockito\mockito-integration-tests\inline-mocks-tests\src\test\java\org\mockitoinline\bugs\SelfSpyReferenceMemoryLeakTest.java,
mockito,C:\Users\ismak\Documents\GitHub\relation_test_code_smell_ML\dataset\projects\mockito\mockito-integration-tests\inline-mocks-tests\src\test\java\org\mockitoinline\ConstructionMockRuleTest.java,
mockito,C:\Users\ismak\Documents\GitHub\relation_test_code_smell_ML\dataset\projects\mockito\mockito-integration-tests\inline-mocks-tests\src\test\java\org\mockitoinline\ConstructionMockTest.java,
mockito,C:\Users\ismak\Documents\GitHub\relation_test_code_smell_ML\dataset\projects\mockito\mockito-integration-tests\inline-mocks-tests\src\test\java\org\mockitoinline\EnumMockingTest.java,
mockito,C:\Users\ismak\Documents\GitHub\relation_test_code_smell_ML\dataset\projects\mockito\mockito-integration-tests\inline-mocks-tests\src\test\java\org\mockitoinline\FinalClassMockingTest.java,
mockito,C:\Users\ismak\Documents\GitHub\relation_test_code_smell_ML\dataset\projects\mockito\mockito-integration-tests\inline-mocks-tests\src\test\java\org\mockitoinline\HierarchyPreInitializationTest.java,
mockito,C:\Users\ismak\Documents\GitHub\relation_test_code_smell_ML\dataset\projects\mockito\mockito-integration-tests\inline-mocks-tests\src\test\java\org\mockitoinline\InitializationTest.java,
mockito,C:\Users\ismak\Documents\GitHub\relation_test_code_smell_ML\dataset\projects\mockito\mockito-integration-tests\inline-mocks-tests\src\test\java\org\mockitoinline\InOrderVerificationTest.java,
mockito,C:\Users\ismak\Documents\GitHub\relation_test_code_smell_ML\dataset\projects\mockito\mockito-integration-tests\inline-mocks-tests\src\test\java\org\mockitoinline\OneLinerStubStressTest.java,
mockito,C:\Users\ismak\Documents\GitHub\relation_test_code_smell_ML\dataset\projects\mockito\mockito-integration-tests\inline-mocks-tests\src\test\java\org\mockitoinline\PluginTest.java,
mockito,C:\Users\ismak\Documents\GitHub\relation_test_code_smell_ML\dataset\projects\mockito\mockito-integration-tests\inline-mocks-tests\src\test\java\org\mockitoinline\PremainClinitSuppressionTest.java,
mockito,C:\Users\ismak\Documents\GitHub\relation_test_code_smell_ML\dataset\projects\mockito\mockito-integration-tests\inline-mocks-tests\src\test\java\org\mockitoinline\RecursionTest.java,
mockito,C:\Users\ismak\Documents\GitHub\relation_test_code_smell_ML\dataset\projects\mockito\mockito-integration-tests\inline-mocks-tests\src\test\java\org\mockitoinline\SingletonMockTest.java,
mockito,C:\Users\ismak\Documents\GitHub\relation_test_code_smell_ML\dataset\projects\mockito\mockito-integration-tests\inline-mocks-tests\src\test\java\org\mockitoinline\SingletonMockWithJUnitTest.java,
mockito,C:\Users\ismak\Documents\GitHub\relation_test_code_smell_ML\dataset\projects\mockito\mockito-integration-tests\inline-mocks-tests\src\test\java\org\mockitoinline\SpyStaticTest.java,
mockito,C:\Users\ismak\Documents\GitHub\relation_test_code_smell_ML\dataset\projects\mockito\mockito-integration-tests\inline-mocks-tests\src\test\java\org\mockitoinline\SpyWithConstructorTest.java,
mockito,C:\Users\ismak\Documents\GitHub\relation_test_code_smell_ML\dataset\projects\mockito\mockito-integration-tests\inline-mocks-tests\src\test\java\org\mockitoinline\StaticMockRuleTest.java,
mockito,C:\Users\ismak\Documents\GitHub\relation_test_code_smell_ML\dataset\projects\mockito\mockito-integration-tests\inline-mocks-tests\src\test\java\org\mockitoinline\StaticMockTest.java,
mockito,C:\Users\ismak\Documents\GitHub\relation_test_code_smell_ML\dataset\projects\mockito\mockito-integration-tests\inline-mocks-tests\src\test\java\org\mockitoinline\StaticRuleTest.java,
mockito,C:\Users\ismak\Documents\GitHub\relation_test_code_smell_ML\dataset\projects\mockito\mockito-integration-tests\inline-mocks-tests\src\test\java\org\mockitoinline\StaticRunnerTest.java,
mockito,C:\Users\ismak\Documents\GitHub\relation_test_code_smell_ML\dataset\projects\mockito\mockito-integration-tests\inline-mocks-tests\src\test\java\org\mockitoinline\StressTest.java,
mockito,C:\Users\ismak\Documents\GitHub\relation_test_code_smell_ML\dataset\projects\mockito\mockito-integration-tests\inline-mocks-tests\src\test\java\org\mockitoinline\StubbingLocationTest.java,
mockito,C:\Users\ismak\Documents\GitHub\relation_test_code_smell_ML\dataset\projects\mockito\mockito-integration-tests\inline-mocks-tests\src\test\java\org\mockitoinline\SubconstructorMockTest.java,
mockito,C:\Users\ismak\Documents\GitHub\relation_test_code_smell_ML\dataset\projects\mockito\mockito-integration-tests\inline-mocks-tests\src\test\java\org\mockitoinline\SuperCallTest.java,
mockito,C:\Users\ismak\Documents\GitHub\relation_test_code_smell_ML\dataset\projects\mockito\mockito-integration-tests\java-21-tests\src\test\java\org\mockito\internal\stubbing\answers\DeepStubReturnsEnumJava21Test.java,
mockito,C:\Users\ismak\Documents\GitHub\relation_test_code_smell_ML\dataset\projects\mockito\mockito-integration-tests\junit-jupiter-extension-tests\src\test\java\org\mockitousage\NoExtendsTest.java,
mockito,C:\Users\ismak\Documents\GitHub\relation_test_code_smell_ML\dataset\projects\mockito\mockito-integration-tests\junit-jupiter-inline-mock-maker-extension-tests\src\test\java\org\mockitousage\CloseOnDemandTest.java,
mockito,C:\Users\ismak\Documents\GitHub\relation_test_code_smell_ML\dataset\projects\mockito\mockito-integration-tests\junit-jupiter-inline-mock-maker-extension-tests\src\test\java\org\mockitousage\NoExtendsTest.java,
mockito,C:\Users\ismak\Documents\GitHub\relation_test_code_smell_ML\dataset\projects\mockito\mockito-integration-tests\junit-jupiter-parallel-tests\src\test\java\org\mockito\NestedParallelTest.java,
mockito,C:\Users\ismak\Documents\GitHub\relation_test_code_smell_ML\dataset\projects\mockito\mockito-integration-tests\junit-jupiter-parallel-tests\src\test\java\org\mockito\ParallelBugTest.java,
mockito,C:\Users\ismak\Documents\GitHub\relation_test_code_smell_ML\dataset\projects\mockito\mockito-integration-tests\memory-tests\src\test\java\org\mockito\memorytest\LocationFactoryAllocationRateTest.java,
mockito,C:\Users\ismak\Documents\GitHub\relation_test_code_smell_ML\dataset\projects\mockito\mockito-integration-tests\memory-tests\src\test\java\org\mockito\memorytest\ShouldNotStarveMemoryOnLargeStackTraceInvocationsTest.java,
mockito,C:\Users\ismak\Documents\GitHub\relation_test_code_smell_ML\dataset\projects\mockito\mockito-integration-tests\module-named-tests\src\test\java\org\mockito\modulenamedtest\ModuleUseTest.java,
mockito,C:\Users\ismak\Documents\GitHub\relation_test_code_smell_ML\dataset\projects\mockito\mockito-integration-tests\module-tests\src\test\java\org\mockito\moduletest\ModuleAccessTest.java,
mockito,C:\Users\ismak\Documents\GitHub\relation_test_code_smell_ML\dataset\projects\mockito\mockito-integration-tests\module-tests\src\test\java\org\mockito\moduletest\ModuleHandlingTest.java,
mockito,C:\Users\ismak\Documents\GitHub\relation_test_code_smell_ML\dataset\projects\mockito\mockito-integration-tests\osgi-tests\src\test\java\org\mockito\osgitest\OsgiTest.java,
mockito,C:\Users\ismak\Documents\GitHub\relation_test_code_smell_ML\dataset\projects\mockito\mockito-integration-tests\osgi-tests\src\testBundle\java\org\mockito\osgitest\testbundle\MockClassInOtherBundleTest.java,
mockito,C:\Users\ismak\Documents\GitHub\relation_test_code_smell_ML\dataset\projects\mockito\mockito-integration-tests\osgi-tests\src\testBundle\java\org\mockito\osgitest\testbundle\MockNonPublicClassFailsTest.java,
mockito,C:\Users\ismak\Documents\GitHub\relation_test_code_smell_ML\dataset\projects\mockito\mockito-integration-tests\osgi-tests\src\testBundle\java\org\mockito\osgitest\testbundle\MockNonPublicClassTest.java,
mockito,C:\Users\ismak\Documents\GitHub\relation_test_code_smell_ML\dataset\projects\mockito\mockito-integration-tests\osgi-tests\src\testBundle\java\org\mockito\osgitest\testbundle\SimpleMockTest.java,
mockito,C:\Users\ismak\Documents\GitHub\relation_test_code_smell_ML\dataset\projects\mockito\mockito-integration-tests\programmatic-tests\src\test\java\org\mockito\ProgrammaticMockMakerTest.java,
mockito,C:\Users\ismak\Documents\GitHub\relation_test_code_smell_ML\dataset\projects\mockito\mockito-integration-tests\programmatic-tests\src\test\java\org\mockitousage\annotation\ProgrammaticMockMakerAnnotationTest.java,
