project,class_key,class_name,class_file,test_file,has_code_smell,code_smell_total,has_test_smell,test_smell_total,code_smell_CouplingBetweenObjects,code_smell_CyclomaticComplexity,code_smell_GodClass,code_smell_TooManyFields,code_smell_TooManyMethods,test_smell_App,test_smell_Version,test_smell_RelativeTestFilePath,test_smell_RelativeProductionFilePath,test_smell_Assertion Roulette,test_smell_Conditional Test Logic,test_smell_Constructor Initialization,test_smell_Default Test,test_smell_EmptyTest,test_smell_Exception Catching Throwing,test_smell_General Fixture,test_smell_Mystery Guest,test_smell_Print Statement,test_smell_Redundant Assertion,test_smell_Sensitive Equality,test_smell_Verbose Test,test_smell_Sleepy Test,test_smell_Eager Test,test_smell_Lazy Test,test_smell_Duplicate Assert,test_smell_Unknown Test,test_smell_IgnoredTest,test_smell_Resource Optimism,test_smell_Magic Number Test,test_smell_Dependent Test
commons-lang,org/apache/commons/lang3/AbstractLang,AbstractLang,,C:/Users/largu/Documents/Vietnam/dataset/projects/commons-lang/src/test/java/org/apache/commons/lang3/AbstractLangTest.java,0,0,1,3,0,0,0,0,0,1,1,1,0,0,0,0,0,0,0,0,0,0,0,0,0,0,0,0,0,0,0,0,0,0
commons-lang,org/apache/commons/lang3/AnnotationUtils,AnnotationUtils,../dataset/projects/commons-lang/src/main/java/org/apache/commons/lang3/AnnotationUtils.java,C:/Users/largu/Documents/Vietnam/dataset/projects/commons-lang/src/test/java/org/apache/commons/lang3/AnnotationUtilsTest.java,1,3,1,4,0,2,1,0,0,1,1,1,0,0,0,0,0,0,0,0,0,0,0,0,0,0,0,0,0,0,1,0,0,0
commons-lang,org/apache/commons/lang3/AppendableJoiner,AppendableJoiner,../dataset/projects/commons-lang/src/main/java/org/apache/commons/lang3/AppendableJoiner.java,C:/Users/largu/Documents/Vietnam/dataset/projects/commons-lang/src/test/java/org/apache/commons/lang3/AppendableJoinerTest.java,1,1,1,4,0,0,0,0,1,1,1,1,0,0,0,0,0,0,0,0,0,0,0,0,0,0,0,0,0,0,1,0,0,0
commons-lang,org/apache/commons/lang3/ArchUtils,ArchUtils,../dataset/projects/commons-lang/src/main/java/org/apache/commons/lang3/ArchUtils.java,C:/Users/largu/Documents/Vietnam/dataset/projects/commons-lang/src/test/java/org/apache/commons/lang3/ArchUtilsTest.java,1,1,1,4,0,0,0,0,1,1,1,1,0,0,0,0,0,0,0,0,0,0,0,0,0,0,0,0,0,0,1,0,0,0
commons-lang,org/apache/commons/lang3/ArrayFill,ArrayFill,../dataset/projects/commons-lang/src/main/java/org/apache/commons/lang3/ArrayFill.java,C:/Users/largu/Documents/Vietnam/dataset/projects/commons-lang/src/test/java/org/apache/commons/lang3/ArrayFillTest.java,1,1,1,4,0,0,0,0,1,1,1,1,0,0,0,0,0,0,0,0,0,0,0,0,0,0,0,0,0,0,1,0,0,0
commons-lang,org/apache/commons/lang3/ArraySorter,ArraySorter,,C:/Users/largu/Documents/Vietnam/dataset/projects/commons-lang/src/test/java/org/apache/commons/lang3/ArraySorterTest.java,0,0,1,4,0,0,0,0,0,1,1,1,0,0,0,0,0,0,0,0,0,0,0,0,0,0,0,0,0,0,1,0,0,0
commons-lang,org/apache/commons/lang3/ArrayUtils,ArrayUtils,../dataset/projects/commons-lang/src/main/java/org/apache/commons/lang3/ArrayUtils.java,C:/Users/largu/Documents/Vietnam/dataset/projects/commons-lang/src/test/java/org/apache/commons/lang3/ArrayUtilsTest.java,1,16,1,4,1,13,1,0,1,1,1,1,0,0,0,0,0,0,0,0,0,0,0,0,0,0,0,0,0,0,1,0,0,0
commons-lang,org/apache/commons/lang3/ArrayUtilsAdd,ArrayUtilsAdd,,C:/Users/largu/Documents/Vietnam/dataset/projects/commons-lang/src/test/java/org/apache/commons/lang3/ArrayUtilsAddTest.java,0,0,1,4,0,0,0,0,0,1,1,1,0,0,0,0,0,0,0,0,0,0,0,0,0,0,0,0,0,0,1,0,0,0
commons-lang,org/apache/commons/lang3/ArrayUtilsConcat,ArrayUtilsConcat,,C:/Users/largu/Documents/Vietnam/dataset/projects/commons-lang/src/test/java/org/apache/commons/lang3/ArrayUtilsConcatTest.java,0,0,1,4,0,0,0,0,0,1,1,1,0,0,0,0,0,0,0,0,0,0,0,0,0,0,0,0,0,0,1,0,0,0
commons-lang,org/apache/commons/lang3/ArrayUtilsGetDimensions,ArrayUtilsGetDimensions,,C:/Users/largu/Documents/Vietnam/dataset/projects/commons-lang/src/test/java/org/apache/commons/lang3/ArrayUtilsGetDimensionsTest.java,0,0,1,4,0,0,0,0,0,1,1,1,0,0,0,0,0,0,0,0,0,0,0,0,0,0,0,0,0,0,1,0,0,0
commons-lang,org/apache/commons/lang3/ArrayUtilsInsert,ArrayUtilsInsert,,C:/Users/largu/Documents/Vietnam/dataset/projects/commons-lang/src/test/java/org/apache/commons/lang3/ArrayUtilsInsertTest.java,0,0,1,4,0,0,0,0,0,1,1,1,0,0,0,0,0,0,0,0,0,0,0,0,0,0,0,0,0,0,1,0,0,0
commons-lang,org/apache/commons/lang3/ArrayUtilsRemove,ArrayUtilsRemove,,C:/Users/largu/Documents/Vietnam/dataset/projects/commons-lang/src/test/java/org/apache/commons/lang3/ArrayUtilsRemoveTest.java,0,0,1,4,0,0,0,0,0,1,1,1,0,0,0,0,0,0,0,0,0,0,0,0,0,0,0,0,0,0,1,0,0,0
commons-lang,org/apache/commons/lang3/ArrayUtilsRemoveMultiple,ArrayUtilsRemoveMultiple,,C:/Users/largu/Documents/Vietnam/dataset/projects/commons-lang/src/test/java/org/apache/commons/lang3/ArrayUtilsRemoveMultipleTest.java,0,0,1,4,0,0,0,0,0,1,1,1,0,0,0,0,0,0,0,0,0,0,0,0,0,0,0,0,0,0,1,0,0,0
commons-lang,org/apache/commons/lang3/ArrayUtilsSet,ArrayUtilsSet,,C:/Users/largu/Documents/Vietnam/dataset/projects/commons-lang/src/test/java/org/apache/commons/lang3/ArrayUtilsSetTest.java,0,0,1,4,0,0,0,0,0,1,1,1,0,0,0,0,0,0,0,0,0,0,0,0,0,0,0,0,0,0,1,0,0,0
commons-lang,org/apache/commons/lang3/AutoCloseables,AutoCloseables,,C:/Users/largu/Documents/Vietnam/dataset/projects/commons-lang/src/test/java/org/apache/commons/lang3/AutoCloseablesTest.java,0,0,1,4,0,0,0,0,0,1,1,1,0,0,0,0,0,0,0,0,0,0,0,0,0,0,0,0,0,0,1,0,0,0
commons-lang,org/apache/commons/lang3/BitField,BitField,,C:/Users/largu/Documents/Vietnam/dataset/projects/commons-lang/src/test/java/org/apache/commons/lang3/BitFieldTest.java,0,0,1,4,0,0,0,0,0,1,1,1,0,0,0,0,0,0,0,0,0,0,0,0,0,0,0,0,0,0,1,0,0,0
commons-lang,org/apache/commons/lang3/BitFieldLong,BitFieldLong,,C:/Users/largu/Documents/Vietnam/dataset/projects/commons-lang/src/test/java/org/apache/commons/lang3/BitFieldLongTest.java,0,0,1,4,0,0,0,0,0,1,1,1,0,0,0,0,0,0,0,0,0,0,0,0,0,0,0,0,0,0,1,0,0,0
commons-lang,org/apache/commons/lang3/BooleanUtils,BooleanUtils,../dataset/projects/commons-lang/src/main/java/org/apache/commons/lang3/BooleanUtils.java,C:/Users/largu/Documents/Vietnam/dataset/projects/commons-lang/src/test/java/org/apache/commons/lang3/BooleanUtilsTest.java,1,3,1,4,0,2,0,0,1,1,1,1,0,0,0,0,0,0,0,0,0,0,0,0,0,0,0,0,0,0,1,0,0,0
commons-lang,org/apache/commons/lang3/CachedRandomBits,CachedRandomBits,,C:/Users/largu/Documents/Vietnam/dataset/projects/commons-lang/src/test/java/org/apache/commons/lang3/CachedRandomBitsTest.java,0,0,1,4,0,0,0,0,0,1,1,1,0,0,0,0,0,0,0,0,0,0,0,0,0,0,0,0,0,0,1,0,0,0
commons-lang,org/apache/commons/lang3/CharEncoding,CharEncoding,,C:/Users/largu/Documents/Vietnam/dataset/projects/commons-lang/src/test/java/org/apache/commons/lang3/CharEncodingTest.java,0,0,1,4,0,0,0,0,0,1,1,1,0,0,0,0,0,0,0,0,0,0,0,0,0,0,0,0,0,0,1,0,0,0
commons-lang,org/apache/commons/lang3/CharRange,CharRange,,C:/Users/largu/Documents/Vietnam/dataset/projects/commons-lang/src/test/java/org/apache/commons/lang3/CharRangeTest.java,0,0,1,4,0,0,0,0,0,1,1,1,0,0,0,0,0,0,0,0,0,0,0,0,0,0,0,0,0,0,1,0,0,0
commons-lang,org/apache/commons/lang3/CharSequenceUtils,CharSequenceUtils,../dataset/projects/commons-lang/src/main/java/org/apache/commons/lang3/CharSequenceUtils.java,C:/Users/largu/Documents/Vietnam/dataset/projects/commons-lang/src/test/java/org/apache/commons/lang3/CharSequenceUtilsTest.java,1,4,1,4,0,4,0,0,0,1,1,1,0,0,0,0,0,0,0,0,0,0,0,0,0,0,0,0,0,0,1,0,0,0
commons-lang,org/apache/commons/lang3/CharSet,CharSet,../dataset/projects/commons-lang/src/main/java/org/apache/commons/lang3/CharSet.java,C:/Users/largu/Documents/Vietnam/dataset/projects/commons-lang/src/test/java/org/apache/commons/lang3/CharSetTest.java,1,1,1,4,0,1,0,0,0,1,1,1,0,0,0,0,0,0,0,0,0,0,0,0,0,0,0,0,0,0,1,0,0,0
commons-lang,org/apache/commons/lang3/CharSetUtils,CharSetUtils,,C:/Users/largu/Documents/Vietnam/dataset/projects/commons-lang/src/test/java/org/apache/commons/lang3/CharSetUtilsTest.java,0,0,1,4,0,0,0,0,0,1,1,1,0,0,0,0,0,0,0,0,0,0,0,0,0,0,0,0,0,0,1,0,0,0
commons-lang,org/apache/commons/lang3/CharUtils,CharUtils,../dataset/projects/commons-lang/src/main/java/org/apache/commons/lang3/CharUtils.java,C:/Users/largu/Documents/Vietnam/dataset/projects/commons-lang/src/test/java/org/apache/commons/lang3/CharUtilsTest.java,1,1,1,4,0,0,0,0,1,1,1,1,0,0,0,0,0,0,0,0,0,0,0,0,0,0,0,0,0,0,1,0,0,0
commons-lang,org/apache/commons/lang3/Charsets,Charsets,,C:/Users/largu/Documents/Vietnam/dataset/projects/commons-lang/src/test/java/org/apache/commons/lang3/CharsetsTest.java,0,0,1,4,0,0,0,0,0,1,1,1,0,0,0,0,0,0,0,0,0,0,0,0,0,0,0,0,0,0,1,0,0,0
commons-lang,org/apache/commons/lang3/ClassLoaderUtils,ClassLoaderUtils,,C:/Users/largu/Documents/Vietnam/dataset/projects/commons-lang/src/test/java/org/apache/commons/lang3/ClassLoaderUtilsTest.java,0,0,1,4,0,0,0,0,0,1,1,1,0,0,0,0,0,0,0,0,0,0,0,0,0,0,0,0,0,0,1,0,0,0
commons-lang,org/apache/commons/lang3/ClassPathUtils,ClassPathUtils,,C:/Users/largu/Documents/Vietnam/dataset/projects/commons-lang/src/test/java/org/apache/commons/lang3/ClassPathUtilsTest.java,0,0,1,4,0,0,0,0,0,1,1,1,0,0,0,0,0,0,0,0,0,0,0,0,0,0,0,0,0,0,1,0,0,0
commons-lang,org/apache/commons/lang3/ClassUtils,ClassUtils,../dataset/projects/commons-lang/src/main/java/org/apache/commons/lang3/ClassUtils.java,C:/Users/largu/Documents/Vietnam/dataset/projects/commons-lang/src/test/java/org/apache/commons/lang3/ClassUtilsTest.java,1,7,1,6,0,5,1,0,1,1,1,1,0,1,0,0,0,0,1,0,0,0,0,0,0,0,0,0,0,0,1,0,0,0
commons-lang,org/apache/commons/lang3/ClassUtilsGetShortClassName,ClassUtilsGetShortClassName,,C:/Users/largu/Documents/Vietnam/dataset/projects/commons-lang/src/test/java/org/apache/commons/lang3/ClassUtilsGetShortClassNameTest.java,0,0,1,5,0,0,0,0,0,1,1,1,0,1,0,0,0,0,1,0,0,0,0,0,0,0,0,0,0,0,0,0,0,0
commons-lang,org/apache/commons/lang3/ClassUtilsOssFuzz,ClassUtilsOssFuzz,,C:/Users/largu/Documents/Vietnam/dataset/projects/commons-lang/src/test/java/org/apache/commons/lang3/ClassUtilsOssFuzzTest.java,0,0,1,4,0,0,0,0,0,1,1,1,0,0,0,0,0,0,1,0,0,0,0,0,0,0,0,0,0,0,0,0,0,0
commons-lang,org/apache/commons/lang3/ClassUtilsShortClassName,ClassUtilsShortClassName,,C:/Users/largu/Documents/Vietnam/dataset/projects/commons-lang/src/test/java/org/apache/commons/lang3/ClassUtilsShortClassNameTest.java,0,0,1,4,0,0,0,0,0,1,1,1,0,0,0,0,0,0,0,0,0,0,0,0,0,0,0,0,0,0,1,0,0,0
commons-lang,org/apache/commons/lang3/Conversion,Conversion,../dataset/projects/commons-lang/src/main/java/org/apache/commons/lang3/Conversion.java,C:/Users/largu/Documents/Vietnam/dataset/projects/commons-lang/src/test/java/org/apache/commons/lang3/ConversionTest.java,1,10,1,4,0,8,1,0,1,1,1,1,0,0,0,0,0,0,0,0,0,0,0,0,0,0,0,0,0,0,1,0,0,0
commons-lang,org/apache/commons/lang3/DoubleRange,DoubleRange,,C:/Users/largu/Documents/Vietnam/dataset/projects/commons-lang/src/test/java/org/apache/commons/lang3/DoubleRangeTest.java,0,0,1,4,0,0,0,0,0,1,1,1,0,0,0,0,0,0,0,0,0,0,0,0,0,0,0,0,0,0,1,0,0,0
commons-lang,org/apache/commons/lang3/EnumUtils,EnumUtils,../dataset/projects/commons-lang/src/main/java/org/apache/commons/lang3/EnumUtils.java,C:/Users/largu/Documents/Vietnam/dataset/projects/commons-lang/src/test/java/org/apache/commons/lang3/EnumUtilsTest.java,1,2,1,4,1,0,0,0,1,1,1,1,0,0,0,0,0,0,0,0,0,0,0,0,0,0,0,0,0,0,1,0,0,0
commons-lang,org/apache/commons/lang3/Functions,Functions,../dataset/projects/commons-lang/src/main/java/org/apache/commons/lang3/Functions.java,C:/Users/largu/Documents/Vietnam/dataset/projects/commons-lang/src/test/java/org/apache/commons/lang3/FunctionsTest.java,1,2,1,7,1,0,0,0,1,1,1,1,0,0,1,0,0,0,1,0,0,0,0,0,0,0,0,0,0,1,1,0,0,0
commons-lang,org/apache/commons/lang3/IntegerRange,IntegerRange,,C:/Users/largu/Documents/Vietnam/dataset/projects/commons-lang/src/test/java/org/apache/commons/lang3/IntegerRangeTest.java,0,0,1,4,0,0,0,0,0,1,1,1,0,0,0,0,0,0,0,0,0,0,0,0,0,0,0,0,0,0,1,0,0,0
commons-lang,org/apache/commons/lang3/JavaVersion,JavaVersion,../dataset/projects/commons-lang/src/main/java/org/apache/commons/lang3/JavaVersion.java,C:/Users/largu/Documents/Vietnam/dataset/projects/commons-lang/src/test/java/org/apache/commons/lang3/JavaVersionTest.java,1,1,1,4,0,1,0,0,0,1,1,1,0,0,0,0,0,0,0,0,0,0,0,0,0,0,0,0,0,0,1,0,0,0
commons-lang,org/apache/commons/lang3/LocaleUtils,LocaleUtils,../dataset/projects/commons-lang/src/main/java/org/apache/commons/lang3/LocaleUtils.java,C:/Users/largu/Documents/Vietnam/dataset/projects/commons-lang/src/test/java/org/apache/commons/lang3/LocaleUtilsTest.java,1,4,1,4,0,2,1,0,1,1,1,1,0,0,0,0,0,0,0,0,0,0,0,0,0,0,0,0,0,0,1,0,0,0
commons-lang,org/apache/commons/lang3/LongRange,LongRange,,C:/Users/largu/Documents/Vietnam/dataset/projects/commons-lang/src/test/java/org/apache/commons/lang3/LongRangeTest.java,0,0,1,4,0,0,0,0,0,1,1,1,0,0,0,0,0,0,0,0,0,0,0,0,0,0,0,0,0,0,1,0,0,0
commons-lang,org/apache/commons/lang3/NotImplementedException,NotImplementedException,,C:/Users/largu/Documents/Vietnam/dataset/projects/commons-lang/src/test/java/org/apache/commons/lang3/NotImplementedExceptionTest.java,0,0,1,4,0,0,0,0,0,1,1,1,0,0,0,0,0,0,0,0,0,0,0,0,0,0,0,0,0,0,1,0,0,0
commons-lang,org/apache/commons/lang3/ObjectUtils,ObjectUtils,../dataset/projects/commons-lang/src/main/java/org/apache/commons/lang3/ObjectUtils.java,C:/Users/largu/Documents/Vietnam/dataset/projects/commons-lang/src/test/java/org/apache/commons/lang3/ObjectUtilsTest.java,1,4,1,4,1,1,1,0,1,1,1,1,0,0,0,0,0,0,0,0,0,0,0,0,0,0,0,0,0,0,1,0,0,0
commons-lang,org/apache/commons/lang3/RandomStringUtils,RandomStringUtils,../dataset/projects/commons-lang/src/main/java/org/apache/commons/lang3/RandomStringUtils.java,C:/Users/largu/Documents/Vietnam/dataset/projects/commons-lang/src/test/java/org/apache/commons/lang3/RandomStringUtilsTest.java,1,3,1,7,0,2,0,0,1,1,1,1,0,1,1,0,0,0,0,0,0,0,0,0,0,0,0,0,0,0,1,0,1,0
commons-lang,org/apache/commons/lang3/RandomUtils,RandomUtils,../dataset/projects/commons-lang/src/main/java/org/apache/commons/lang3/RandomUtils.java,C:/Users/largu/Documents/Vietnam/dataset/projects/commons-lang/src/test/java/org/apache/commons/lang3/RandomUtilsTest.java,1,1,1,4,0,0,0,0,1,1,1,1,0,0,0,0,0,0,0,0,0,0,0,0,0,0,0,0,0,0,1,0,0,0
commons-lang,org/apache/commons/lang3/Range,Range,../dataset/projects/commons-lang/src/main/java/org/apache/commons/lang3/Range.java,C:/Users/largu/Documents/Vietnam/dataset/projects/commons-lang/src/test/java/org/apache/commons/lang3/RangeTest.java,1,1,1,4,0,0,0,0,1,1,1,1,0,0,0,0,0,0,0,0,0,0,0,0,0,0,0,0,0,0,1,0,0,0
commons-lang,org/apache/commons/lang3/RangeReadObject,RangeReadObject,,C:/Users/largu/Documents/Vietnam/dataset/projects/commons-lang/src/test/java/org/apache/commons/lang3/RangeReadObjectTest.java,0,0,1,4,0,0,0,0,0,1,1,1,0,0,0,0,0,0,0,0,0,0,0,0,0,0,0,0,0,0,1,0,0,0
commons-lang,org/apache/commons/lang3/RegExUtils,RegExUtils,../dataset/projects/commons-lang/src/main/java/org/apache/commons/lang3/RegExUtils.java,C:/Users/largu/Documents/Vietnam/dataset/projects/commons-lang/src/test/java/org/apache/commons/lang3/RegExUtilsTest.java,1,1,1,4,0,0,0,0,1,1,1,1,0,0,0,0,0,0,0,0,0,0,0,0,0,0,0,0,0,0,1,0,0,0
commons-lang,org/apache/commons/lang3/RuntimeEnvironment,RuntimeEnvironment,,C:/Users/largu/Documents/Vietnam/dataset/projects/commons-lang/src/test/java/org/apache/commons/lang3/RuntimeEnvironmentTest.java,0,0,1,4,0,0,0,0,0,1,1,1,0,0,0,0,0,0,0,0,0,0,0,0,0,0,0,0,0,0,1,0,0,0
commons-lang,org/apache/commons/lang3/SerializationUtils,SerializationUtils,,C:/Users/largu/Documents/Vietnam/dataset/projects/commons-lang/src/test/java/org/apache/commons/lang3/SerializationUtilsTest.java,0,0,1,4,0,0,0,0,0,1,1,1,0,0,0,0,0,0,0,0,0,0,0,0,0,0,0,0,0,0,1,0,0,0
commons-lang,org/apache/commons/lang3/Streams,Streams,../dataset/projects/commons-lang/src/main/java/org/apache/commons/lang3/Streams.java,C:/Users/largu/Documents/Vietnam/dataset/projects/commons-lang/src/test/java/org/apache/commons/lang3/StreamsTest.java,1,2,1,4,1,0,0,0,1,1,1,1,0,0,0,0,0,0,0,0,0,0,0,0,0,0,0,0,0,0,1,0,0,0
commons-lang,org/apache/commons/lang3/StringEscapeUtils,StringEscapeUtils,../dataset/projects/commons-lang/src/main/java/org/apache/commons/lang3/StringEscapeUtils.java,C:/Users/largu/Documents/Vietnam/dataset/projects/commons-lang/src/test/java/org/apache/commons/lang3/StringEscapeUtilsTest.java,1,1,1,4,0,0,0,0,1,1,1,1,0,0,0,0,0,0,0,0,0,0,0,0,0,0,0,0,0,0,1,0,0,0
commons-lang,org/apache/commons/lang3/StringUtils,StringUtils,../dataset/projects/commons-lang/src/main/java/org/apache/commons/lang3/StringUtils.java,C:/Users/largu/Documents/Vietnam/dataset/projects/commons-lang/src/test/java/org/apache/commons/lang3/StringUtilsTest.java,1,19,1,4,0,17,1,0,1,1,1,1,0,0,0,0,0,0,0,0,0,0,0,0,0,0,0,0,0,0,1,0,0,0
commons-lang,org/apache/commons/lang3/StringUtilsAbbreviate,StringUtilsAbbreviate,,C:/Users/largu/Documents/Vietnam/dataset/projects/commons-lang/src/test/java/org/apache/commons/lang3/StringUtilsAbbreviateTest.java,0,0,1,4,0,0,0,0,0,1,1,1,0,0,0,0,0,0,0,0,0,0,0,0,0,0,0,0,0,0,1,0,0,0
commons-lang,org/apache/commons/lang3/StringUtilsContains,StringUtilsContains,,C:/Users/largu/Documents/Vietnam/dataset/projects/commons-lang/src/test/java/org/apache/commons/lang3/StringUtilsContainsTest.java,0,0,1,4,0,0,0,0,0,1,1,1,0,0,0,0,0,0,0,0,0,0,0,0,0,0,0,0,0,0,1,0,0,0
commons-lang,org/apache/commons/lang3/StringUtilsEmptyBlank,StringUtilsEmptyBlank,,C:/Users/largu/Documents/Vietnam/dataset/projects/commons-lang/src/test/java/org/apache/commons/lang3/StringUtilsEmptyBlankTest.java,0,0,1,4,0,0,0,0,0,1,1,1,0,0,0,0,0,0,0,0,0,0,0,0,0,0,0,0,0,0,1,0,0,0
commons-lang,org/apache/commons/lang3/StringUtilsEqualsIndexOf,StringUtilsEqualsIndexOf,,C:/Users/largu/Documents/Vietnam/dataset/projects/commons-lang/src/test/java/org/apache/commons/lang3/StringUtilsEqualsIndexOfTest.java,0,0,1,4,0,0,0,0,0,1,1,1,0,0,0,0,0,0,0,0,0,0,0,0,0,0,0,0,0,0,1,0,0,0
commons-lang,org/apache/commons/lang3/StringUtilsIndexOfAny,StringUtilsIndexOfAny,,C:/Users/largu/Documents/Vietnam/dataset/projects/commons-lang/src/test/java/org/apache/commons/lang3/StringUtilsIndexOfAnyTest.java,0,0,1,4,0,0,0,0,0,1,1,1,0,0,0,0,0,0,0,0,0,0,0,0,0,0,0,0,0,0,0,0,1,0
commons-lang,org/apache/commons/lang3/StringUtilsIs,StringUtilsIs,,C:/Users/largu/Documents/Vietnam/dataset/projects/commons-lang/src/test/java/org/apache/commons/lang3/StringUtilsIsTest.java,0,0,1,4,0,0,0,0,0,1,1,1,0,0,0,0,0,0,0,0,0,0,0,0,0,0,0,0,0,0,1,0,0,0
commons-lang,org/apache/commons/lang3/StringUtilsIsMixedCase,StringUtilsIsMixedCase,,C:/Users/largu/Documents/Vietnam/dataset/projects/commons-lang/src/test/java/org/apache/commons/lang3/StringUtilsIsMixedCaseTest.java,0,0,1,3,0,0,0,0,0,1,1,1,0,0,0,0,0,0,0,0,0,0,0,0,0,0,0,0,0,0,0,0,0,0
commons-lang,org/apache/commons/lang3/StringUtilsJoinException,StringUtilsJoinException,,C:/Users/largu/Documents/Vietnam/dataset/projects/commons-lang/src/test/java/org/apache/commons/lang3/StringUtilsJoinExceptionTest.java,0,0,1,3,0,0,0,0,0,1,1,1,0,0,0,0,0,0,0,0,0,0,0,0,0,0,0,0,0,0,0,0,0,0
commons-lang,org/apache/commons/lang3/StringUtilsStartsEndsWith,StringUtilsStartsEndsWith,,C:/Users/largu/Documents/Vietnam/dataset/projects/commons-lang/src/test/java/org/apache/commons/lang3/StringUtilsStartsEndsWithTest.java,0,0,1,4,0,0,0,0,0,1,1,1,0,0,0,0,0,0,0,0,0,0,0,0,0,0,0,0,0,0,1,0,0,0
commons-lang,org/apache/commons/lang3/StringUtilsStrip,StringUtilsStrip,,C:/Users/largu/Documents/Vietnam/dataset/projects/commons-lang/src/test/java/org/apache/commons/lang3/StringUtilsStripTest.java,0,0,1,4,0,0,0,0,0,1,1,1,0,0,0,0,0,0,0,0,0,0,0,0,0,0,0,0,0,0,1,0,0,0
commons-lang,org/apache/commons/lang3/StringUtilsSubstring,StringUtilsSubstring,,C:/Users/largu/Documents/Vietnam/dataset/projects/commons-lang/src/test/java/org/apache/commons/lang3/StringUtilsSubstringTest.java,0,0,1,4,0,0,0,0,0,1,1,1,0,0,0,0,0,0,0,0,0,0,0,0,0,0,0,0,0,0,1,0,0,0
commons-lang,org/apache/commons/lang3/StringUtilsTrim,StringUtilsTrim,,C:/Users/largu/Documents/Vietnam/dataset/projects/commons-lang/src/test/java/org/apache/commons/lang3/StringUtilsTrimTest.java,0,0,1,4,0,0,0,0,0,1,1,1,0,0,0,0,0,0,0,0,0,0,0,0,0,0,0,0,0,0,1,0,0,0
commons-lang,org/apache/commons/lang3/StringUtilsValueOf,StringUtilsValueOf,,C:/Users/largu/Documents/Vietnam/dataset/projects/commons-lang/src/test/java/org/apache/commons/lang3/StringUtilsValueOfTest.java,0,0,1,4,0,0,0,0,0,1,1,1,0,0,0,0,0,0,0,0,0,0,0,0,0,0,0,0,0,0,1,0,0,0
commons-lang,org/apache/commons/lang3/Strings,Strings,../dataset/projects/commons-lang/src/main/java/org/apache/commons/lang3/Strings.java,C:/Users/largu/Documents/Vietnam/dataset/projects/commons-lang/src/test/java/org/apache/commons/lang3/StringsTest.java,1,2,1,4,0,1,0,0,1,1,1,1,0,0,0,0,0,0,0,0,0,0,0,0,0,0,0,0,0,0,1,0,0,0
commons-lang,org/apache/commons/lang3/SystemProperties,SystemProperties,../dataset/projects/commons-lang/src/main/java/org/apache/commons/lang3/SystemProperties.java,C:/Users/largu/Documents/Vietnam/dataset/projects/commons-lang/src/test/java/org/apache/commons/lang3/SystemPropertiesTest.java,1,1,1,4,0,1,0,0,0,1,1,1,0,0,0,0,0,0,0,0,0,0,0,0,0,0,0,0,0,0,1,0,0,0
commons-lang,org/apache/commons/lang3/SystemUtils,SystemUtils,,C:/Users/largu/Documents/Vietnam/dataset/projects/commons-lang/src/test/java/org/apache/commons/lang3/SystemUtilsTest.java,0,0,1,4,0,0,0,0,0,1,1,1,0,0,0,0,0,0,0,0,0,0,0,0,0,0,0,0,0,0,1,0,0,0
commons-lang,org/apache/commons/lang3/ThreadUtils,ThreadUtils,../dataset/projects/commons-lang/src/main/java/org/apache/commons/lang3/ThreadUtils.java,C:/Users/largu/Documents/Vietnam/dataset/projects/commons-lang/src/test/java/org/apache/commons/lang3/ThreadUtilsTest.java,1,1,1,4,0,0,0,0,1,1,1,1,0,0,0,0,0,0,0,0,0,0,0,0,0,0,0,0,0,0,1,0,0,0
commons-lang,org/apache/commons/lang3/Validate,Validate,../dataset/projects/commons-lang/src/main/java/org/apache/commons/lang3/Validate.java,C:/Users/largu/Documents/Vietnam/dataset/projects/commons-lang/src/test/java/org/apache/commons/lang3/ValidateTest.java,1,4,1,3,1,1,1,0,1,1,1,1,0,0,0,0,0,0,0,0,0,0,0,0,0,0,0,0,0,0,0,0,0,0
commons-lang,org/apache/commons/lang3/ValidateDoubles,ValidateDoubles,,C:/Users/largu/Documents/Vietnam/dataset/projects/commons-lang/src/test/java/org/apache/commons/lang3/ValidateDoublesTest.java,0,0,1,3,0,0,0,0,0,1,1,1,0,0,0,0,0,0,0,0,0,0,0,0,0,0,0,0,0,0,0,0,0,0
commons-lang,org/apache/commons/lang3/arch/Processor,Processor,,C:/Users/largu/Documents/Vietnam/dataset/projects/commons-lang/src/test/java/org/apache/commons/lang3/arch/ProcessorTest.java,0,0,1,4,0,0,0,0,0,1,1,1,0,0,0,0,0,0,0,0,0,0,0,0,0,0,0,0,0,0,1,0,0,0
commons-lang,org/apache/commons/lang3/builder/AbstractBuilder,AbstractBuilder,,C:/Users/largu/Documents/Vietnam/dataset/projects/commons-lang/src/test/java/org/apache/commons/lang3/builder/AbstractBuilderTest.java,0,0,1,3,0,0,0,0,0,1,1,1,0,0,0,0,0,0,0,0,0,0,0,0,0,0,0,0,0,0,0,0,0,0
commons-lang,org/apache/commons/lang3/builder/ClassBuilder,ClassBuilder,,C:/Users/largu/Documents/Vietnam/dataset/projects/commons-lang/src/test/java/org/apache/commons/lang3/builder/TestClassBuilder.java,0,0,1,3,0,0,0,0,0,1,1,1,0,0,0,0,0,0,0,0,0,0,0,0,0,0,0,0,0,0,0,0,0,0
commons-lang,org/apache/commons/lang3/builder/CompareToBuilder,CompareToBuilder,../dataset/projects/commons-lang/src/main/java/org/apache/commons/lang3/builder/CompareToBuilder.java,C:/Users/largu/Documents/Vietnam/dataset/projects/commons-lang/src/test/java/org/apache/commons/lang3/builder/CompareToBuilderTest.java,1,2,1,4,0,1,0,0,1,1,1,1,0,0,0,0,0,0,0,0,0,0,0,0,0,0,0,0,0,0,1,0,0,0
commons-lang,org/apache/commons/lang3/builder/Conversion,Conversion,,C:/Users/largu/Documents/Vietnam/dataset/projects/commons-lang/src/test/java/org/apache/commons/lang3/builder/ConversionTest.java,0,0,1,4,0,0,0,0,0,1,1,1,0,0,0,0,0,0,0,0,0,0,0,0,0,0,0,0,0,0,1,0,0,0
commons-lang,org/apache/commons/lang3/builder/DefaultToStringStyle,DefaultToStringStyle,,C:/Users/largu/Documents/Vietnam/dataset/projects/commons-lang/src/test/java/org/apache/commons/lang3/builder/DefaultToStringStyleTest.java,0,0,1,4,0,0,0,0,0,1,1,1,0,0,0,0,0,0,0,0,0,0,0,0,0,0,0,0,0,0,1,0,0,0
commons-lang,org/apache/commons/lang3/builder/Diff,Diff,,C:/Users/largu/Documents/Vietnam/dataset/projects/commons-lang/src/test/java/org/apache/commons/lang3/builder/DiffTest.java,0,0,1,4,0,0,0,0,0,1,1,1,0,0,0,0,0,0,0,0,0,0,0,0,0,0,0,0,0,0,1,0,0,0
commons-lang,org/apache/commons/lang3/builder/DiffBuilder,DiffBuilder,../dataset/projects/commons-lang/src/main/java/org/apache/commons/lang3/builder/DiffBuilder.java,C:/Users/largu/Documents/Vietnam/dataset/projects/commons-lang/src/test/java/org/apache/commons/lang3/builder/DiffBuilderTest.java,1,2,1,4,0,1,0,0,1,1,1,1,0,0,0,0,0,0,0,0,0,0,0,0,0,0,0,0,0,0,1,0,0,0
commons-lang,org/apache/commons/lang3/builder/DiffResult,DiffResult,,C:/Users/largu/Documents/Vietnam/dataset/projects/commons-lang/src/test/java/org/apache/commons/lang3/builder/DiffResultTest.java,0,0,1,4,0,0,0,0,0,1,1,1,0,0,0,0,0,0,0,0,0,0,0,0,0,0,0,0,0,0,1,0,0,0
commons-lang,org/apache/commons/lang3/builder/EqualsBuilder,EqualsBuilder,../dataset/projects/commons-lang/src/main/java/org/apache/commons/lang3/builder/EqualsBuilder.java,C:/Users/largu/Documents/Vietnam/dataset/projects/commons-lang/src/test/java/org/apache/commons/lang3/builder/EqualsBuilderTest.java,1,5,1,4,0,4,0,0,1,1,1,1,0,0,0,0,0,0,0,0,0,0,0,0,0,0,0,0,0,0,1,0,0,0
commons-lang,org/apache/commons/lang3/builder/EqualsBuilderNoForce,EqualsBuilderNoForce,,C:/Users/largu/Documents/Vietnam/dataset/projects/commons-lang/src/test/java/org/apache/commons/lang3/builder/EqualsBuilderNoForceTest.java,0,0,1,4,0,0,0,0,0,1,1,1,0,0,0,0,0,0,0,0,0,0,0,0,0,0,0,0,0,0,1,0,0,0
commons-lang,org/apache/commons/lang3/builder/EqualsBuilderReflectJreImplementation,EqualsBuilderReflectJreImplementation,,C:/Users/largu/Documents/Vietnam/dataset/projects/commons-lang/src/test/java/org/apache/commons/lang3/builder/EqualsBuilderReflectJreImplementationTest.java,0,0,1,4,0,0,0,0,0,1,1,1,0,0,0,0,0,0,0,0,0,0,0,0,0,0,0,0,0,0,1,0,0,0
commons-lang,org/apache/commons/lang3/builder/EqualsBuilderReflectionEqualsCycle,EqualsBuilderReflectionEqualsCycle,,C:/Users/largu/Documents/Vietnam/dataset/projects/commons-lang/src/test/java/org/apache/commons/lang3/builder/EqualsBuilderReflectionEqualsCycleTest.java,0,0,1,4,0,0,0,0,0,1,1,1,0,0,0,0,0,0,0,0,0,0,0,0,0,0,0,0,0,0,1,0,0,0
commons-lang,org/apache/commons/lang3/builder/HashCodeBuilder,HashCodeBuilder,../dataset/projects/commons-lang/src/main/java/org/apache/commons/lang3/builder/HashCodeBuilder.java,C:/Users/largu/Documents/Vietnam/dataset/projects/commons-lang/src/test/java/org/apache/commons/lang3/builder/HashCodeBuilderTest.java,1,4,1,4,0,2,1,0,1,1,1,1,0,0,0,0,0,0,0,0,0,0,0,0,0,0,0,0,0,0,1,0,0,0
commons-lang,org/apache/commons/lang3/builder/HashCodeBuilderAndEqualsBuilder,HashCodeBuilderAndEqualsBuilder,,C:/Users/largu/Documents/Vietnam/dataset/projects/commons-lang/src/test/java/org/apache/commons/lang3/builder/HashCodeBuilderAndEqualsBuilderTest.java,0,0,1,4,0,0,0,0,0,1,1,1,0,0,0,0,0,0,0,0,0,0,0,0,0,0,0,0,0,0,1,0,0,0
commons-lang,org/apache/commons/lang3/builder/HashCodeBuilderCycle,HashCodeBuilderCycle,,C:/Users/largu/Documents/Vietnam/dataset/projects/commons-lang/src/test/java/org/apache/commons/lang3/builder/HashCodeBuilderCycleTest.java,0,0,1,3,0,0,0,0,0,1,1,1,0,0,0,0,0,0,0,0,0,0,0,0,0,0,0,0,0,0,0,0,0,0
commons-lang,org/apache/commons/lang3/builder/IDKey,IDKey,,C:/Users/largu/Documents/Vietnam/dataset/projects/commons-lang/src/test/java/org/apache/commons/lang3/builder/IDKeyTest.java,0,0,1,4,0,0,0,0,0,1,1,1,0,0,0,0,0,0,0,0,0,0,0,0,0,0,0,0,0,0,1,0,0,0
commons-lang,org/apache/commons/lang3/builder/JsonToStringStyle,JsonToStringStyle,,C:/Users/largu/Documents/Vietnam/dataset/projects/commons-lang/src/test/java/org/apache/commons/lang3/builder/JsonToStringStyleTest.java,0,0,1,4,0,0,0,0,0,1,1,1,0,0,0,0,0,0,0,0,0,0,0,0,0,0,0,0,0,0,1,0,0,0
commons-lang,org/apache/commons/lang3/builder/MultiLineToStringStyle,MultiLineToStringStyle,,C:/Users/largu/Documents/Vietnam/dataset/projects/commons-lang/src/test/java/org/apache/commons/lang3/builder/MultiLineToStringStyleTest.java,0,0,1,4,0,0,0,0,0,1,1,1,0,0,0,0,0,0,0,0,0,0,0,0,0,0,0,0,0,0,1,0,0,0
commons-lang,org/apache/commons/lang3/builder/MultilineRecursiveToStringStyle,MultilineRecursiveToStringStyle,../dataset/projects/commons-lang/src/main/java/org/apache/commons/lang3/builder/MultilineRecursiveToStringStyle.java,C:/Users/largu/Documents/Vietnam/dataset/projects/commons-lang/src/test/java/org/apache/commons/lang3/builder/MultilineRecursiveToStringStyleTest.java,1,1,1,5,0,0,0,0,1,1,1,1,0,0,0,0,0,0,0,0,0,0,0,1,0,0,0,0,0,0,1,0,0,0
commons-lang,org/apache/commons/lang3/builder/NoClassNameToStringStyle,NoClassNameToStringStyle,,C:/Users/largu/Documents/Vietnam/dataset/projects/commons-lang/src/test/java/org/apache/commons/lang3/builder/NoClassNameToStringStyleTest.java,0,0,1,4,0,0,0,0,0,1,1,1,0,0,0,0,0,0,0,0,0,0,0,0,0,0,0,0,0,0,1,0,0,0
commons-lang,org/apache/commons/lang3/builder/NoFieldNamesToStringStyle,NoFieldNamesToStringStyle,,C:/Users/largu/Documents/Vietnam/dataset/projects/commons-lang/src/test/java/org/apache/commons/lang3/builder/NoFieldNamesToStringStyleTest.java,0,0,1,4,0,0,0,0,0,1,1,1,0,0,0,0,0,0,0,0,0,0,0,0,0,0,0,0,0,0,1,0,0,0
commons-lang,org/apache/commons/lang3/builder/RecursiveToStringStyle,RecursiveToStringStyle,,C:/Users/largu/Documents/Vietnam/dataset/projects/commons-lang/src/test/java/org/apache/commons/lang3/builder/RecursiveToStringStyleTest.java,0,0,1,4,0,0,0,0,0,1,1,1,0,0,0,0,0,0,0,0,0,0,0,0,0,0,0,0,0,0,1,0,0,0
commons-lang,org/apache/commons/lang3/builder/ReflectionDiffBuilder,ReflectionDiffBuilder,,C:/Users/largu/Documents/Vietnam/dataset/projects/commons-lang/src/test/java/org/apache/commons/lang3/builder/ReflectionDiffBuilderTest.java,0,0,1,4,0,0,0,0,0,1,1,1,0,0,0,0,0,0,0,0,0,0,0,0,0,0,0,0,0,0,1,0,0,0
commons-lang,org/apache/commons/lang3/builder/ReflectionToStringBuilder,ReflectionToStringBuilder,../dataset/projects/commons-lang/src/main/java/org/apache/commons/lang3/builder/ReflectionToStringBuilder.java,C:/Users/largu/Documents/Vietnam/dataset/projects/commons-lang/src/test/java/org/apache/commons/lang3/builder/ReflectionToStringBuilderTest.java,1,2,1,4,0,0,1,0,1,1,1,1,0,0,0,0,0,0,0,0,0,0,0,0,0,0,0,0,0,0,1,0,0,0
commons-lang,org/apache/commons/lang3/builder/ReflectionToStringBuilderConcurrency,ReflectionToStringBuilderConcurrency,,C:/Users/largu/Documents/Vietnam/dataset/projects/commons-lang/src/test/java/org/apache/commons/lang3/builder/ReflectionToStringBuilderConcurrencyTest.java,0,0,1,4,0,0,0,0,0,1,1,1,0,0,0,0,0,0,0,0,0,0,0,0,0,0,0,0,0,0,1,0,0,0
commons-lang,org/apache/commons/lang3/builder/ReflectionToStringBuilderCustomImplementation,ReflectionToStringBuilderCustomImplementation,,C:/Users/largu/Documents/Vietnam/dataset/projects/commons-lang/src/test/java/org/apache/commons/lang3/builder/ReflectionToStringBuilderCustomImplementationTest.java,0,0,1,4,0,0,0,0,0,1,1,1,0,0,0,0,0,0,0,0,0,0,0,0,0,0,0,0,0,0,1,0,0,0
commons-lang,org/apache/commons/lang3/builder/ReflectionToStringBuilderExclude,ReflectionToStringBuilderExclude,,C:/Users/largu/Documents/Vietnam/dataset/projects/commons-lang/src/test/java/org/apache/commons/lang3/builder/ReflectionToStringBuilderExcludeTest.java,0,0,1,4,0,0,0,0,0,1,1,1,0,0,0,0,0,0,0,0,0,0,0,0,0,0,0,0,0,0,1,0,0,0
commons-lang,org/apache/commons/lang3/builder/ReflectionToStringBuilderExcludeNullValues,ReflectionToStringBuilderExcludeNullValues,,C:/Users/largu/Documents/Vietnam/dataset/projects/commons-lang/src/test/java/org/apache/commons/lang3/builder/ReflectionToStringBuilderExcludeNullValuesTest.java,0,0,1,4,0,0,0,0,0,1,1,1,0,0,0,0,0,0,0,0,0,0,0,0,0,0,0,0,0,0,1,0,0,0
commons-lang,org/apache/commons/lang3/builder/ReflectionToStringBuilderExcludeWithAnnotation,ReflectionToStringBuilderExcludeWithAnnotation,,C:/Users/largu/Documents/Vietnam/dataset/projects/commons-lang/src/test/java/org/apache/commons/lang3/builder/ReflectionToStringBuilderExcludeWithAnnotationTest.java,0,0,1,4,0,0,0,0,0,1,1,1,0,0,0,0,0,0,0,0,0,0,0,0,0,0,0,0,0,0,1,0,0,0
commons-lang,org/apache/commons/lang3/builder/ReflectionToStringBuilderInclude,ReflectionToStringBuilderInclude,,C:/Users/largu/Documents/Vietnam/dataset/projects/commons-lang/src/test/java/org/apache/commons/lang3/builder/ReflectionToStringBuilderIncludeTest.java,0,0,1,4,0,0,0,0,0,1,1,1,0,0,0,0,0,0,0,0,0,0,0,0,0,0,0,0,0,0,1,0,0,0
commons-lang,org/apache/commons/lang3/builder/ReflectionToStringBuilderMutateInspectConcurrency,ReflectionToStringBuilderMutateInspectConcurrency,,C:/Users/largu/Documents/Vietnam/dataset/projects/commons-lang/src/test/java/org/apache/commons/lang3/builder/ReflectionToStringBuilderMutateInspectConcurrencyTest.java,0,0,1,4,0,0,0,0,0,1,1,1,0,0,0,0,0,0,0,0,0,0,0,0,0,0,0,0,0,0,1,0,0,0
commons-lang,org/apache/commons/lang3/builder/ReflectionToStringBuilderSummary,ReflectionToStringBuilderSummary,,C:/Users/largu/Documents/Vietnam/dataset/projects/commons-lang/src/test/java/org/apache/commons/lang3/builder/ReflectionToStringBuilderSummaryTest.java,0,0,1,4,0,0,0,0,0,1,1,1,0,0,0,0,0,0,0,0,0,0,0,0,0,0,0,0,0,0,1,0,0,0
commons-lang,org/apache/commons/lang3/builder/ShortPrefixToStringStyle,ShortPrefixToStringStyle,,C:/Users/largu/Documents/Vietnam/dataset/projects/commons-lang/src/test/java/org/apache/commons/lang3/builder/ShortPrefixToStringStyleTest.java,0,0,1,4,0,0,0,0,0,1,1,1,0,0,0,0,0,0,0,0,0,0,0,0,0,0,0,0,0,0,1,0,0,0
commons-lang,org/apache/commons/lang3/builder/SimpleToStringStyle,SimpleToStringStyle,,C:/Users/largu/Documents/Vietnam/dataset/projects/commons-lang/src/test/java/org/apache/commons/lang3/builder/SimpleToStringStyleTest.java,0,0,1,4,0,0,0,0,0,1,1,1,0,0,0,0,0,0,0,0,0,0,0,0,0,0,0,0,0,0,1,0,0,0
commons-lang,org/apache/commons/lang3/builder/StandardToStringStyle,StandardToStringStyle,,C:/Users/largu/Documents/Vietnam/dataset/projects/commons-lang/src/test/java/org/apache/commons/lang3/builder/StandardToStringStyleTest.java,0,0,1,4,0,0,0,0,0,1,1,1,0,0,0,0,0,0,0,0,0,0,0,0,0,0,0,0,0,0,1,0,0,0
commons-lang,org/apache/commons/lang3/builder/ToStringBuilder,ToStringBuilder,../dataset/projects/commons-lang/src/main/java/org/apache/commons/lang3/builder/ToStringBuilder.java,C:/Users/largu/Documents/Vietnam/dataset/projects/commons-lang/src/test/java/org/apache/commons/lang3/builder/ToStringBuilderTest.java,1,1,1,4,0,0,0,0,1,1,1,1,0,0,0,0,0,0,0,0,0,0,0,0,0,0,0,0,0,0,1,0,0,0
commons-lang,org/apache/commons/lang3/builder/ToStringBuilderAppendCycle,ToStringBuilderAppendCycle,,C:/Users/largu/Documents/Vietnam/dataset/projects/commons-lang/src/test/java/org/apache/commons/lang3/builder/ToStringBuilderAppendCycleTest.java,0,0,1,4,0,0,0,0,0,1,1,1,0,0,0,0,0,0,0,0,0,0,0,0,0,0,0,0,0,0,1,0,0,0
commons-lang,org/apache/commons/lang3/builder/ToStringStyle,ToStringStyle,../dataset/projects/commons-lang/src/main/java/org/apache/commons/lang3/builder/ToStringStyle.java,C:/Users/largu/Documents/Vietnam/dataset/projects/commons-lang/src/test/java/org/apache/commons/lang3/builder/ToStringStyleTest.java,1,6,1,4,0,2,1,1,2,1,1,1,0,0,0,0,0,0,0,0,0,0,0,0,0,0,0,0,0,0,1,0,0,0
commons-lang,org/apache/commons/lang3/builder/ToStringStyleConcurrency,ToStringStyleConcurrency,,C:/Users/largu/Documents/Vietnam/dataset/projects/commons-lang/src/test/java/org/apache/commons/lang3/builder/ToStringStyleConcurrencyTest.java,0,0,1,4,0,0,0,0,0,1,1,1,0,0,0,0,0,0,0,0,0,0,0,0,0,0,0,0,0,0,1,0,0,0
commons-lang,org/apache/commons/lang3/compare/ComparableUtils,ComparableUtils,,C:/Users/largu/Documents/Vietnam/dataset/projects/commons-lang/src/test/java/org/apache/commons/lang3/compare/ComparableUtilsTest.java,0,0,1,4,0,0,0,0,0,1,1,1,0,0,0,0,0,0,0,0,0,0,0,0,0,0,0,0,0,0,1,0,0,0
commons-lang,org/apache/commons/lang3/compare/ObjectToStringComparator,ObjectToStringComparator,,C:/Users/largu/Documents/Vietnam/dataset/projects/commons-lang/src/test/java/org/apache/commons/lang3/compare/ObjectToStringComparatorTest.java,0,0,1,4,0,0,0,0,0,1,1,1,0,0,0,0,0,0,0,0,0,0,0,0,0,0,0,0,0,0,1,0,0,0
commons-lang,org/apache/commons/lang3/concurrent/AbstractConcurrentInitializer,AbstractConcurrentInitializer,,C:/Users/largu/Documents/Vietnam/dataset/projects/commons-lang/src/test/java/org/apache/commons/lang3/concurrent/AbstractConcurrentInitializerTest.java,0,0,1,4,0,0,0,0,0,1,1,1,0,0,0,0,0,0,0,0,0,0,0,0,0,0,0,0,0,0,1,0,0,0
commons-lang,org/apache/commons/lang3/concurrent/AbstractConcurrentInitializerCloseAndExceptions,AbstractConcurrentInitializerCloseAndExceptions,,C:/Users/largu/Documents/Vietnam/dataset/projects/commons-lang/src/test/java/org/apache/commons/lang3/concurrent/AbstractConcurrentInitializerCloseAndExceptionsTest.java,0,0,1,4,0,0,0,0,0,1,1,1,0,0,0,0,0,0,0,0,0,0,0,0,0,0,0,0,0,0,1,0,0,0
commons-lang,org/apache/commons/lang3/concurrent/AtomicInitializerNonObject,AtomicInitializerNonObject,,C:/Users/largu/Documents/Vietnam/dataset/projects/commons-lang/src/test/java/org/apache/commons/lang3/concurrent/AtomicInitializerNonObjectTest.java,0,0,1,4,0,0,0,0,0,1,1,1,0,0,0,0,0,0,0,0,0,0,0,0,0,0,0,0,0,0,1,0,0,0
commons-lang,org/apache/commons/lang3/concurrent/AtomicInitializerObject,AtomicInitializerObject,,C:/Users/largu/Documents/Vietnam/dataset/projects/commons-lang/src/test/java/org/apache/commons/lang3/concurrent/AtomicInitializerObjectTest.java,0,0,1,4,0,0,0,0,0,1,1,1,0,0,0,0,0,0,0,0,0,0,0,0,0,0,0,0,0,0,1,0,0,0
commons-lang,org/apache/commons/lang3/concurrent/AtomicInitializerSupplier,AtomicInitializerSupplier,,C:/Users/largu/Documents/Vietnam/dataset/projects/commons-lang/src/test/java/org/apache/commons/lang3/concurrent/AtomicInitializerSupplierTest.java,0,0,1,3,0,0,0,0,0,1,1,1,0,0,0,0,0,0,0,0,0,0,0,0,0,0,0,0,0,0,0,0,0,0
commons-lang,org/apache/commons/lang3/concurrent/AtomicSafeInitializer,AtomicSafeInitializer,,C:/Users/largu/Documents/Vietnam/dataset/projects/commons-lang/src/test/java/org/apache/commons/lang3/concurrent/AtomicSafeInitializerTest.java,0,0,1,4,0,0,0,0,0,1,1,1,0,0,0,0,0,0,0,0,0,0,0,0,0,0,0,0,0,0,1,0,0,0
commons-lang,org/apache/commons/lang3/concurrent/AtomicSafeInitializerInit,AtomicSafeInitializerInit,,C:/Users/largu/Documents/Vietnam/dataset/projects/commons-lang/src/test/java/org/apache/commons/lang3/concurrent/AtomicSafeInitializerInitTest.java,0,0,1,4,0,0,0,0,0,1,1,1,0,0,0,0,0,0,0,0,0,0,0,0,0,0,0,0,0,0,1,0,0,0
commons-lang,org/apache/commons/lang3/concurrent/AtomicSafeInitializerSupplier,AtomicSafeInitializerSupplier,,C:/Users/largu/Documents/Vietnam/dataset/projects/commons-lang/src/test/java/org/apache/commons/lang3/concurrent/AtomicSafeInitializerSupplierTest.java,0,0,1,4,0,0,0,0,0,1,1,1,0,0,0,0,0,0,0,0,0,0,0,0,0,0,0,0,0,0,1,0,0,0
commons-lang,org/apache/commons/lang3/concurrent/BackgroundInitializer,BackgroundInitializer,,C:/Users/largu/Documents/Vietnam/dataset/projects/commons-lang/src/test/java/org/apache/commons/lang3/concurrent/BackgroundInitializerTest.java,0,0,1,4,0,0,0,0,0,1,1,1,0,0,0,0,0,0,0,0,0,0,0,0,0,0,0,0,0,0,1,0,0,0
commons-lang,org/apache/commons/lang3/concurrent/BackgroundInitializerSupplier,BackgroundInitializerSupplier,,C:/Users/largu/Documents/Vietnam/dataset/projects/commons-lang/src/test/java/org/apache/commons/lang3/concurrent/BackgroundInitializerSupplierTest.java,0,0,1,4,0,0,0,0,0,1,1,1,0,0,0,0,0,0,0,0,0,0,0,0,0,0,0,0,0,0,1,0,0,0
commons-lang,org/apache/commons/lang3/concurrent/BasicThreadFactory,BasicThreadFactory,,C:/Users/largu/Documents/Vietnam/dataset/projects/commons-lang/src/test/java/org/apache/commons/lang3/concurrent/BasicThreadFactoryTest.java,0,0,1,4,0,0,0,0,0,1,1,1,0,0,0,0,0,0,0,0,0,0,0,0,0,0,0,0,0,0,1,0,0,0
commons-lang,org/apache/commons/lang3/concurrent/CallableBackgroundInitializer,CallableBackgroundInitializer,,C:/Users/largu/Documents/Vietnam/dataset/projects/commons-lang/src/test/java/org/apache/commons/lang3/concurrent/CallableBackgroundInitializerTest.java,0,0,1,4,0,0,0,0,0,1,1,1,0,0,0,0,0,0,0,0,0,0,0,0,0,0,0,0,0,0,1,0,0,0
commons-lang,org/apache/commons/lang3/concurrent/CircuitBreakingException,CircuitBreakingException,,C:/Users/largu/Documents/Vietnam/dataset/projects/commons-lang/src/test/java/org/apache/commons/lang3/concurrent/CircuitBreakingExceptionTest.java,0,0,1,4,0,0,0,0,0,1,1,1,0,0,0,0,0,0,0,0,0,0,0,0,0,0,0,0,0,0,1,0,0,0
commons-lang,org/apache/commons/lang3/concurrent/ConcurrentException,ConcurrentException,,C:/Users/largu/Documents/Vietnam/dataset/projects/commons-lang/src/test/java/org/apache/commons/lang3/concurrent/ConcurrentExceptionTest.java,0,0,1,4,0,0,0,0,0,1,1,1,0,0,0,0,0,0,0,0,0,0,0,0,0,0,0,0,0,0,1,0,0,0
commons-lang,org/apache/commons/lang3/concurrent/ConcurrentRuntimeException,ConcurrentRuntimeException,,C:/Users/largu/Documents/Vietnam/dataset/projects/commons-lang/src/test/java/org/apache/commons/lang3/concurrent/ConcurrentRuntimeExceptionTest.java,0,0,1,4,0,0,0,0,0,1,1,1,0,0,0,0,0,0,0,0,0,0,0,0,0,0,0,0,0,0,1,0,0,0
commons-lang,org/apache/commons/lang3/concurrent/ConcurrentUtils,ConcurrentUtils,../dataset/projects/commons-lang/src/main/java/org/apache/commons/lang3/concurrent/ConcurrentUtils.java,C:/Users/largu/Documents/Vietnam/dataset/projects/commons-lang/src/test/java/org/apache/commons/lang3/concurrent/ConcurrentUtilsTest.java,1,2,1,4,1,0,0,0,1,1,1,1,0,0,0,0,0,0,0,0,0,0,0,0,0,0,0,0,0,0,1,0,0,0
commons-lang,org/apache/commons/lang3/concurrent/ConstantInitializer,ConstantInitializer,,C:/Users/largu/Documents/Vietnam/dataset/projects/commons-lang/src/test/java/org/apache/commons/lang3/concurrent/ConstantInitializerTest.java,0,0,1,4,0,0,0,0,0,1,1,1,0,0,0,0,0,0,0,0,0,0,0,0,0,0,0,0,0,0,1,0,0,0
commons-lang,org/apache/commons/lang3/concurrent/EventCountCircuitBreaker,EventCountCircuitBreaker,../dataset/projects/commons-lang/src/main/java/org/apache/commons/lang3/concurrent/EventCountCircuitBreaker.java,C:/Users/largu/Documents/Vietnam/dataset/projects/commons-lang/src/test/java/org/apache/commons/lang3/concurrent/EventCountCircuitBreakerTest.java,1,1,1,4,0,0,0,0,1,1,1,1,0,0,0,0,0,0,0,0,0,0,0,0,0,0,0,0,0,0,1,0,0,0
commons-lang,org/apache/commons/lang3/concurrent/FutureTasks,FutureTasks,,C:/Users/largu/Documents/Vietnam/dataset/projects/commons-lang/src/test/java/org/apache/commons/lang3/concurrent/FutureTasksTest.java,0,0,1,4,0,0,0,0,0,1,1,1,0,0,0,0,0,0,0,0,0,0,0,0,0,0,0,0,0,0,1,0,0,0
commons-lang,org/apache/commons/lang3/concurrent/LazyInitializerAnonClass,LazyInitializerAnonClass,,C:/Users/largu/Documents/Vietnam/dataset/projects/commons-lang/src/test/java/org/apache/commons/lang3/concurrent/LazyInitializerAnonClassTest.java,0,0,1,4,0,0,0,0,0,1,1,1,0,0,0,0,0,0,0,0,0,0,0,0,0,0,0,0,0,0,1,0,0,0
commons-lang,org/apache/commons/lang3/concurrent/LazyInitializerCloser,LazyInitializerCloser,,C:/Users/largu/Documents/Vietnam/dataset/projects/commons-lang/src/test/java/org/apache/commons/lang3/concurrent/LazyInitializerCloserTest.java,0,0,1,4,0,0,0,0,0,1,1,1,0,0,0,0,0,0,0,0,0,0,0,0,0,0,0,0,0,0,1,0,0,0
commons-lang,org/apache/commons/lang3/concurrent/LazyInitializerFailableCloser,LazyInitializerFailableCloser,,C:/Users/largu/Documents/Vietnam/dataset/projects/commons-lang/src/test/java/org/apache/commons/lang3/concurrent/LazyInitializerFailableCloserTest.java,0,0,1,4,0,0,0,0,0,1,1,1,0,0,0,0,0,0,0,0,0,0,0,0,0,0,0,0,0,0,1,0,0,0
commons-lang,org/apache/commons/lang3/concurrent/LazyInitializerSimple,LazyInitializerSimple,,C:/Users/largu/Documents/Vietnam/dataset/projects/commons-lang/src/test/java/org/apache/commons/lang3/concurrent/LazyInitializerSimpleTest.java,0,0,1,4,0,0,0,0,0,1,1,1,0,0,0,0,0,0,0,0,0,0,0,0,0,0,0,0,0,0,1,0,0,0
commons-lang,org/apache/commons/lang3/concurrent/LazyInitializerSingleInstance,LazyInitializerSingleInstance,,C:/Users/largu/Documents/Vietnam/dataset/projects/commons-lang/src/test/java/org/apache/commons/lang3/concurrent/LazyInitializerSingleInstanceTest.java,0,0,1,4,0,0,0,0,0,1,1,1,0,0,0,0,0,0,0,0,0,0,0,0,0,0,0,0,0,0,1,0,0,0
commons-lang,org/apache/commons/lang3/concurrent/LazyInitializerSupplier,LazyInitializerSupplier,,C:/Users/largu/Documents/Vietnam/dataset/projects/commons-lang/src/test/java/org/apache/commons/lang3/concurrent/LazyInitializerSupplierTest.java,0,0,1,3,0,0,0,0,0,1,1,1,0,0,0,0,0,0,0,0,0,0,0,0,0,0,0,0,0,0,0,0,0,0
commons-lang,org/apache/commons/lang3/concurrent/MemoizerComputable,MemoizerComputable,,C:/Users/largu/Documents/Vietnam/dataset/projects/commons-lang/src/test/java/org/apache/commons/lang3/concurrent/MemoizerComputableTest.java,0,0,1,4,0,0,0,0,0,1,1,1,0,0,0,0,0,0,0,0,0,0,0,0,0,0,0,0,0,0,1,0,0,0
commons-lang,org/apache/commons/lang3/concurrent/MemoizerFunction,MemoizerFunction,,C:/Users/largu/Documents/Vietnam/dataset/projects/commons-lang/src/test/java/org/apache/commons/lang3/concurrent/MemoizerFunctionTest.java,0,0,1,4,0,0,0,0,0,1,1,1,0,0,0,0,0,0,0,0,0,0,0,0,0,0,0,0,0,0,1,0,0,0
commons-lang,org/apache/commons/lang3/concurrent/MultiBackgroundInitializer,MultiBackgroundInitializer,,C:/Users/largu/Documents/Vietnam/dataset/projects/commons-lang/src/test/java/org/apache/commons/lang3/concurrent/MultiBackgroundInitializerTest.java,0,0,1,4,0,0,0,0,0,1,1,1,0,0,0,0,0,0,0,0,0,0,0,0,0,0,0,0,0,0,1,0,0,0
commons-lang,org/apache/commons/lang3/concurrent/MultiBackgroundInitializerSupplier,MultiBackgroundInitializerSupplier,,C:/Users/largu/Documents/Vietnam/dataset/projects/commons-lang/src/test/java/org/apache/commons/lang3/concurrent/MultiBackgroundInitializerSupplierTest.java,0,0,1,4,0,0,0,0,0,1,1,1,0,0,0,0,0,0,0,0,0,0,0,0,0,0,0,0,0,0,1,0,0,0
commons-lang,org/apache/commons/lang3/concurrent/ThresholdCircuitBreaker,ThresholdCircuitBreaker,,C:/Users/largu/Documents/Vietnam/dataset/projects/commons-lang/src/test/java/org/apache/commons/lang3/concurrent/ThresholdCircuitBreakerTest.java,0,0,1,4,0,0,0,0,0,1,1,1,0,0,0,0,0,0,0,0,0,0,0,0,0,0,0,0,0,0,1,0,0,0
commons-lang,org/apache/commons/lang3/concurrent/TimedSemaphore,TimedSemaphore,,C:/Users/largu/Documents/Vietnam/dataset/projects/commons-lang/src/test/java/org/apache/commons/lang3/concurrent/TimedSemaphoreTest.java,0,0,1,7,0,0,0,0,0,1,1,1,0,0,1,0,0,0,1,0,0,0,0,0,0,1,0,0,0,0,1,0,0,0
commons-lang,org/apache/commons/lang3/concurrent/UncheckedExecutionException,UncheckedExecutionException,,C:/Users/largu/Documents/Vietnam/dataset/projects/commons-lang/src/test/java/org/apache/commons/lang3/concurrent/UncheckedExecutionExceptionTest.java,0,0,1,4,0,0,0,0,0,1,1,1,0,0,0,0,0,0,0,0,0,0,0,0,0,0,0,0,0,0,1,0,0,0
commons-lang,org/apache/commons/lang3/concurrent/UncheckedFuture,UncheckedFuture,,C:/Users/largu/Documents/Vietnam/dataset/projects/commons-lang/src/test/java/org/apache/commons/lang3/concurrent/UncheckedFutureTest.java,0,0,1,4,0,0,0,0,0,1,1,1,0,0,0,0,0,0,0,0,0,0,0,0,0,0,0,0,0,0,1,0,0,0
commons-lang,org/apache/commons/lang3/concurrent/UncheckedTimeoutException,UncheckedTimeoutException,,C:/Users/largu/Documents/Vietnam/dataset/projects/commons-lang/src/test/java/org/apache/commons/lang3/concurrent/UncheckedTimeoutExceptionTest.java,0,0,1,4,0,0,0,0,0,1,1,1,0,0,0,0,0,0,0,0,0,0,0,0,0,0,0,0,0,0,1,0,0,0
commons-lang,org/apache/commons/lang3/concurrent/locks/LockingVisitors,LockingVisitors,../dataset/projects/commons-lang/src/main/java/org/apache/commons/lang3/concurrent/locks/LockingVisitors.java,C:/Users/largu/Documents/Vietnam/dataset/projects/commons-lang/src/test/java/org/apache/commons/lang3/concurrent/locks/LockingVisitorsTest.java,1,1,1,4,1,0,0,0,0,1,1,1,0,0,0,0,0,0,0,0,0,0,0,0,0,0,0,0,0,0,1,0,0,0
commons-lang,org/apache/commons/lang3/event/EventListenerSupport,EventListenerSupport,,C:/Users/largu/Documents/Vietnam/dataset/projects/commons-lang/src/test/java/org/apache/commons/lang3/event/EventListenerSupportTest.java,0,0,1,4,0,0,0,0,0,1,1,1,0,0,0,0,0,0,0,0,0,0,0,0,0,0,0,0,0,0,1,0,0,0
commons-lang,org/apache/commons/lang3/event/EventUtils,EventUtils,,C:/Users/largu/Documents/Vietnam/dataset/projects/commons-lang/src/test/java/org/apache/commons/lang3/event/EventUtilsTest.java,0,0,1,4,0,0,0,0,0,1,1,1,0,0,0,0,0,0,0,0,0,0,0,0,0,0,0,0,0,0,1,0,0,0
commons-lang,org/apache/commons/lang3/exception/AbstractException,AbstractException,,C:/Users/largu/Documents/Vietnam/dataset/projects/commons-lang/src/test/java/org/apache/commons/lang3/exception/AbstractExceptionTest.java,0,0,1,3,0,0,0,0,0,1,1,1,0,0,0,0,0,0,0,0,0,0,0,0,0,0,0,0,0,0,0,0,0,0
commons-lang,org/apache/commons/lang3/exception/AbstractExceptionContext,AbstractExceptionContext,,C:/Users/largu/Documents/Vietnam/dataset/projects/commons-lang/src/test/java/org/apache/commons/lang3/exception/AbstractExceptionContextTest.java,0,0,1,4,0,0,0,0,0,1,1,1,0,0,0,0,0,0,0,0,0,0,0,0,0,0,0,0,0,0,1,0,0,0
commons-lang,org/apache/commons/lang3/exception/CloneFailedException,CloneFailedException,,C:/Users/largu/Documents/Vietnam/dataset/projects/commons-lang/src/test/java/org/apache/commons/lang3/exception/CloneFailedExceptionTest.java,0,0,1,4,0,0,0,0,0,1,1,1,0,0,0,0,0,0,0,0,0,0,0,0,0,0,0,0,0,0,1,0,0,0
commons-lang,org/apache/commons/lang3/exception/ContextedException,ContextedException,,C:/Users/largu/Documents/Vietnam/dataset/projects/commons-lang/src/test/java/org/apache/commons/lang3/exception/ContextedExceptionTest.java,0,0,1,4,0,0,0,0,0,1,1,1,0,0,0,0,0,0,0,0,0,0,0,0,0,0,0,0,0,0,1,0,0,0
commons-lang,org/apache/commons/lang3/exception/ContextedRuntimeException,ContextedRuntimeException,,C:/Users/largu/Documents/Vietnam/dataset/projects/commons-lang/src/test/java/org/apache/commons/lang3/exception/ContextedRuntimeExceptionTest.java,0,0,1,4,0,0,0,0,0,1,1,1,0,0,0,0,0,0,0,0,0,0,0,0,0,0,0,0,0,0,1,0,0,0
commons-lang,org/apache/commons/lang3/exception/DefaultExceptionContext,DefaultExceptionContext,,C:/Users/largu/Documents/Vietnam/dataset/projects/commons-lang/src/test/java/org/apache/commons/lang3/exception/DefaultExceptionContextTest.java,0,0,1,4,0,0,0,0,0,1,1,1,0,0,0,0,0,0,0,0,0,0,0,0,0,0,0,0,0,0,1,0,0,0
commons-lang,org/apache/commons/lang3/exception/ExceptionUtils,ExceptionUtils,../dataset/projects/commons-lang/src/main/java/org/apache/commons/lang3/exception/ExceptionUtils.java,C:/Users/largu/Documents/Vietnam/dataset/projects/commons-lang/src/test/java/org/apache/commons/lang3/exception/ExceptionUtilsTest.java,1,5,1,4,0,3,1,0,1,1,1,1,0,0,0,0,0,0,0,0,0,0,0,0,0,0,0,0,0,0,1,0,0,0
commons-lang,org/apache/commons/lang3/exception/UncheckedException,UncheckedException,,C:/Users/largu/Documents/Vietnam/dataset/projects/commons-lang/src/test/java/org/apache/commons/lang3/exception/UncheckedExceptionTest.java,0,0,1,4,0,0,0,0,0,1,1,1,0,0,0,0,0,0,0,0,0,0,0,0,0,0,0,0,0,0,1,0,0,0
commons-lang,org/apache/commons/lang3/exception/UncheckedIllegalAccessException,UncheckedIllegalAccessException,,C:/Users/largu/Documents/Vietnam/dataset/projects/commons-lang/src/test/java/org/apache/commons/lang3/exception/UncheckedIllegalAccessExceptionTest.java,0,0,1,4,0,0,0,0,0,1,1,1,0,0,0,0,0,0,0,0,0,0,0,0,0,0,0,0,0,0,1,0,0,0
commons-lang,org/apache/commons/lang3/exception/UncheckedInterruptedException,UncheckedInterruptedException,,C:/Users/largu/Documents/Vietnam/dataset/projects/commons-lang/src/test/java/org/apache/commons/lang3/exception/UncheckedInterruptedExceptionTest.java,0,0,1,4,0,0,0,0,0,1,1,1,0,0,0,0,0,0,0,0,0,0,0,0,0,0,0,0,0,0,1,0,0,0
commons-lang,org/apache/commons/lang3/exception/UncheckedReflectiveOperationException,UncheckedReflectiveOperationException,,C:/Users/largu/Documents/Vietnam/dataset/projects/commons-lang/src/test/java/org/apache/commons/lang3/exception/UncheckedReflectiveOperationExceptionTest.java,0,0,1,4,0,0,0,0,0,1,1,1,0,0,0,0,0,0,0,0,0,0,0,0,0,0,0,0,0,0,1,0,0,0
commons-lang,org/apache/commons/lang3/function/BooleanConsumer,BooleanConsumer,,C:/Users/largu/Documents/Vietnam/dataset/projects/commons-lang/src/test/java/org/apache/commons/lang3/function/BooleanConsumerTest.java,0,0,1,4,0,0,0,0,0,1,1,1,0,0,0,0,0,0,0,0,0,0,0,0,0,0,0,0,0,0,1,0,0,0
commons-lang,org/apache/commons/lang3/function/ByteConsumer,ByteConsumer,,C:/Users/largu/Documents/Vietnam/dataset/projects/commons-lang/src/test/java/org/apache/commons/lang3/function/ByteConsumerTest.java,0,0,1,4,0,0,0,0,0,1,1,1,0,0,0,0,0,0,0,0,0,0,0,0,0,0,0,0,0,0,1,0,0,0
commons-lang,org/apache/commons/lang3/function/ByteSupplier,ByteSupplier,,C:/Users/largu/Documents/Vietnam/dataset/projects/commons-lang/src/test/java/org/apache/commons/lang3/function/ByteSupplierTest.java,0,0,1,4,0,0,0,0,0,1,1,1,0,0,0,0,0,0,0,0,0,0,0,0,0,0,0,0,0,0,1,0,0,0
commons-lang,org/apache/commons/lang3/function/Consumers,Consumers,,C:/Users/largu/Documents/Vietnam/dataset/projects/commons-lang/src/test/java/org/apache/commons/lang3/function/ConsumersTest.java,0,0,1,4,0,0,0,0,0,1,1,1,0,0,0,0,0,0,0,0,0,0,0,0,0,0,0,0,0,0,1,0,0,0
commons-lang,org/apache/commons/lang3/function/Failable,Failable,../dataset/projects/commons-lang/src/main/java/org/apache/commons/lang3/function/Failable.java,C:/Users/largu/Documents/Vietnam/dataset/projects/commons-lang/src/test/java/org/apache/commons/lang3/function/FailableTest.java,1,3,1,7,1,1,0,0,1,1,1,1,0,0,1,0,0,0,1,0,0,0,0,0,0,0,0,0,0,1,1,0,0,0
commons-lang,org/apache/commons/lang3/function/FailableBiFunction,FailableBiFunction,,C:/Users/largu/Documents/Vietnam/dataset/projects/commons-lang/src/test/java/org/apache/commons/lang3/function/FailableBiFunctionTest.java,0,0,1,4,0,0,0,0,0,1,1,1,0,0,0,0,0,0,0,0,0,0,0,0,0,0,0,0,0,0,1,0,0,0
commons-lang,org/apache/commons/lang3/function/FailableBiPredicate,FailableBiPredicate,,C:/Users/largu/Documents/Vietnam/dataset/projects/commons-lang/src/test/java/org/apache/commons/lang3/function/FailableBiPredicateTest.java,0,0,1,4,0,0,0,0,0,1,1,1,0,0,0,0,0,0,0,0,0,0,0,0,0,0,0,0,0,0,1,0,0,0
commons-lang,org/apache/commons/lang3/function/FailableBooleanSupplier,FailableBooleanSupplier,,C:/Users/largu/Documents/Vietnam/dataset/projects/commons-lang/src/test/java/org/apache/commons/lang3/function/FailableBooleanSupplierTest.java,0,0,1,4,0,0,0,0,0,1,1,1,0,0,0,0,0,0,0,0,0,0,0,0,0,0,0,0,0,0,1,0,0,0
commons-lang,org/apache/commons/lang3/function/FailableByteConsumer,FailableByteConsumer,,C:/Users/largu/Documents/Vietnam/dataset/projects/commons-lang/src/test/java/org/apache/commons/lang3/function/FailableByteConsumerTest.java,0,0,1,4,0,0,0,0,0,1,1,1,0,0,0,0,0,0,0,0,0,0,0,0,0,0,0,0,0,0,1,0,0,0
commons-lang,org/apache/commons/lang3/function/FailableByteSupplier,FailableByteSupplier,,C:/Users/largu/Documents/Vietnam/dataset/projects/commons-lang/src/test/java/org/apache/commons/lang3/function/FailableByteSupplierTest.java,0,0,1,4,0,0,0,0,0,1,1,1,0,0,0,0,0,0,0,0,0,0,0,0,0,0,0,0,0,0,1,0,0,0
commons-lang,org/apache/commons/lang3/function/FailableCallable,FailableCallable,,C:/Users/largu/Documents/Vietnam/dataset/projects/commons-lang/src/test/java/org/apache/commons/lang3/function/FailableCallableTest.java,0,0,1,4,0,0,0,0,0,1,1,1,0,0,0,0,0,0,0,0,0,0,0,0,0,0,0,0,0,0,1,0,0,0
commons-lang,org/apache/commons/lang3/function/FailableConsumer,FailableConsumer,,C:/Users/largu/Documents/Vietnam/dataset/projects/commons-lang/src/test/java/org/apache/commons/lang3/function/FailableConsumerTest.java,0,0,1,4,0,0,0,0,0,1,1,1,0,0,0,0,0,0,0,0,0,0,0,0,0,0,0,0,0,0,1,0,0,0
commons-lang,org/apache/commons/lang3/function/FailableDoubleBinaryOperator,FailableDoubleBinaryOperator,,C:/Users/largu/Documents/Vietnam/dataset/projects/commons-lang/src/test/java/org/apache/commons/lang3/function/FailableDoubleBinaryOperatorTest.java,0,0,1,4,0,0,0,0,0,1,1,1,0,0,0,0,0,0,0,0,0,0,0,0,0,0,0,0,0,0,1,0,0,0
commons-lang,org/apache/commons/lang3/function/FailableDoubleConsumer,FailableDoubleConsumer,,C:/Users/largu/Documents/Vietnam/dataset/projects/commons-lang/src/test/java/org/apache/commons/lang3/function/FailableDoubleConsumerTest.java,0,0,1,4,0,0,0,0,0,1,1,1,0,0,0,0,0,0,0,0,0,0,0,0,0,0,0,0,0,0,1,0,0,0
commons-lang,org/apache/commons/lang3/function/FailableDoubleFunction,FailableDoubleFunction,,C:/Users/largu/Documents/Vietnam/dataset/projects/commons-lang/src/test/java/org/apache/commons/lang3/function/FailableDoubleFunctionTest.java,0,0,1,4,0,0,0,0,0,1,1,1,0,0,0,0,0,0,0,0,0,0,0,0,0,0,0,0,0,0,1,0,0,0
commons-lang,org/apache/commons/lang3/function/FailableDoublePredicate,FailableDoublePredicate,,C:/Users/largu/Documents/Vietnam/dataset/projects/commons-lang/src/test/java/org/apache/commons/lang3/function/FailableDoublePredicateTest.java,0,0,1,4,0,0,0,0,0,1,1,1,0,0,0,0,0,0,0,0,0,0,0,0,0,0,0,0,0,0,1,0,0,0
commons-lang,org/apache/commons/lang3/function/FailableDoubleSupplier,FailableDoubleSupplier,,C:/Users/largu/Documents/Vietnam/dataset/projects/commons-lang/src/test/java/org/apache/commons/lang3/function/FailableDoubleSupplierTest.java,0,0,1,4,0,0,0,0,0,1,1,1,0,0,0,0,0,0,0,0,0,0,0,0,0,0,0,0,0,0,1,0,0,0
commons-lang,org/apache/commons/lang3/function/FailableDoubleToIntFunction,FailableDoubleToIntFunction,,C:/Users/largu/Documents/Vietnam/dataset/projects/commons-lang/src/test/java/org/apache/commons/lang3/function/FailableDoubleToIntFunctionTest.java,0,0,1,4,0,0,0,0,0,1,1,1,0,0,0,0,0,0,0,0,0,0,0,0,0,0,0,0,0,0,1,0,0,0
commons-lang,org/apache/commons/lang3/function/FailableDoubleToLongFunction,FailableDoubleToLongFunction,,C:/Users/largu/Documents/Vietnam/dataset/projects/commons-lang/src/test/java/org/apache/commons/lang3/function/FailableDoubleToLongFunctionTest.java,0,0,1,4,0,0,0,0,0,1,1,1,0,0,0,0,0,0,0,0,0,0,0,0,0,0,0,0,0,0,1,0,0,0
commons-lang,org/apache/commons/lang3/function/FailableDoubleUnaryOperator,FailableDoubleUnaryOperator,,C:/Users/largu/Documents/Vietnam/dataset/projects/commons-lang/src/test/java/org/apache/commons/lang3/function/FailableDoubleUnaryOperatorTest.java,0,0,1,4,0,0,0,0,0,1,1,1,0,0,0,0,0,0,0,0,0,0,0,0,0,0,0,0,0,0,1,0,0,0
commons-lang,org/apache/commons/lang3/function/FailableFunction,FailableFunction,,C:/Users/largu/Documents/Vietnam/dataset/projects/commons-lang/src/test/java/org/apache/commons/lang3/function/FailableFunctionTest.java,0,0,1,4,0,0,0,0,0,1,1,1,0,0,0,0,0,0,0,0,0,0,0,0,0,0,0,0,0,0,1,0,0,0
commons-lang,org/apache/commons/lang3/function/FailableIntBinaryOperator,FailableIntBinaryOperator,,C:/Users/largu/Documents/Vietnam/dataset/projects/commons-lang/src/test/java/org/apache/commons/lang3/function/FailableIntBinaryOperatorTest.java,0,0,1,4,0,0,0,0,0,1,1,1,0,0,0,0,0,0,0,0,0,0,0,0,0,0,0,0,0,0,1,0,0,0
commons-lang,org/apache/commons/lang3/function/FailableIntConsumer,FailableIntConsumer,,C:/Users/largu/Documents/Vietnam/dataset/projects/commons-lang/src/test/java/org/apache/commons/lang3/function/FailableIntConsumerTest.java,0,0,1,4,0,0,0,0,0,1,1,1,0,0,0,0,0,0,0,0,0,0,0,0,0,0,0,0,0,0,1,0,0,0
commons-lang,org/apache/commons/lang3/function/FailableIntFunction,FailableIntFunction,,C:/Users/largu/Documents/Vietnam/dataset/projects/commons-lang/src/test/java/org/apache/commons/lang3/function/FailableIntFunctionTest.java,0,0,1,4,0,0,0,0,0,1,1,1,0,0,0,0,0,0,0,0,0,0,0,0,0,0,0,0,0,0,1,0,0,0
commons-lang,org/apache/commons/lang3/function/FailableIntPredicate,FailableIntPredicate,,C:/Users/largu/Documents/Vietnam/dataset/projects/commons-lang/src/test/java/org/apache/commons/lang3/function/FailableIntPredicateTest.java,0,0,1,4,0,0,0,0,0,1,1,1,0,0,0,0,0,0,0,0,0,0,0,0,0,0,0,0,0,0,1,0,0,0
commons-lang,org/apache/commons/lang3/function/FailableIntSupplier,FailableIntSupplier,,C:/Users/largu/Documents/Vietnam/dataset/projects/commons-lang/src/test/java/org/apache/commons/lang3/function/FailableIntSupplierTest.java,0,0,1,4,0,0,0,0,0,1,1,1,0,0,0,0,0,0,0,0,0,0,0,0,0,0,0,0,0,0,1,0,0,0
commons-lang,org/apache/commons/lang3/function/FailableIntToDoubleFunction,FailableIntToDoubleFunction,,C:/Users/largu/Documents/Vietnam/dataset/projects/commons-lang/src/test/java/org/apache/commons/lang3/function/FailableIntToDoubleFunctionTest.java,0,0,1,4,0,0,0,0,0,1,1,1,0,0,0,0,0,0,0,0,0,0,0,0,0,0,0,0,0,0,1,0,0,0
commons-lang,org/apache/commons/lang3/function/FailableIntToFloatFunction,FailableIntToFloatFunction,,C:/Users/largu/Documents/Vietnam/dataset/projects/commons-lang/src/test/java/org/apache/commons/lang3/function/FailableIntToFloatFunctionTest.java,0,0,1,4,0,0,0,0,0,1,1,1,0,0,0,0,0,0,0,0,0,0,0,0,0,0,0,0,0,0,1,0,0,0
commons-lang,org/apache/commons/lang3/function/FailableIntToLongFunction,FailableIntToLongFunction,,C:/Users/largu/Documents/Vietnam/dataset/projects/commons-lang/src/test/java/org/apache/commons/lang3/function/FailableIntToLongFunctionTest.java,0,0,1,4,0,0,0,0,0,1,1,1,0,0,0,0,0,0,0,0,0,0,0,0,0,0,0,0,0,0,1,0,0,0
commons-lang,org/apache/commons/lang3/function/FailableIntUnaryOperator,FailableIntUnaryOperator,,C:/Users/largu/Documents/Vietnam/dataset/projects/commons-lang/src/test/java/org/apache/commons/lang3/function/FailableIntUnaryOperatorTest.java,0,0,1,4,0,0,0,0,0,1,1,1,0,0,0,0,0,0,0,0,0,0,0,0,0,0,0,0,0,0,1,0,0,0
commons-lang,org/apache/commons/lang3/function/FailableLongBinaryOperator,FailableLongBinaryOperator,,C:/Users/largu/Documents/Vietnam/dataset/projects/commons-lang/src/test/java/org/apache/commons/lang3/function/FailableLongBinaryOperatorTest.java,0,0,1,4,0,0,0,0,0,1,1,1,0,0,0,0,0,0,0,0,0,0,0,0,0,0,0,0,0,0,1,0,0,0
commons-lang,org/apache/commons/lang3/function/FailableLongConsumer,FailableLongConsumer,,C:/Users/largu/Documents/Vietnam/dataset/projects/commons-lang/src/test/java/org/apache/commons/lang3/function/FailableLongConsumerTest.java,0,0,1,4,0,0,0,0,0,1,1,1,0,0,0,0,0,0,0,0,0,0,0,0,0,0,0,0,0,0,1,0,0,0
commons-lang,org/apache/commons/lang3/function/FailableLongFunction,FailableLongFunction,,C:/Users/largu/Documents/Vietnam/dataset/projects/commons-lang/src/test/java/org/apache/commons/lang3/function/FailableLongFunctionTest.java,0,0,1,4,0,0,0,0,0,1,1,1,0,0,0,0,0,0,0,0,0,0,0,0,0,0,0,0,0,0,1,0,0,0
commons-lang,org/apache/commons/lang3/function/FailableLongPredicate,FailableLongPredicate,,C:/Users/largu/Documents/Vietnam/dataset/projects/commons-lang/src/test/java/org/apache/commons/lang3/function/FailableLongPredicateTest.java,0,0,1,4,0,0,0,0,0,1,1,1,0,0,0,0,0,0,0,0,0,0,0,0,0,0,0,0,0,0,1,0,0,0
commons-lang,org/apache/commons/lang3/function/FailableLongSupplier,FailableLongSupplier,,C:/Users/largu/Documents/Vietnam/dataset/projects/commons-lang/src/test/java/org/apache/commons/lang3/function/FailableLongSupplierTest.java,0,0,1,4,0,0,0,0,0,1,1,1,0,0,0,0,0,0,0,0,0,0,0,0,0,0,0,0,0,0,1,0,0,0
commons-lang,org/apache/commons/lang3/function/FailableLongToDoubleFunction,FailableLongToDoubleFunction,,C:/Users/largu/Documents/Vietnam/dataset/projects/commons-lang/src/test/java/org/apache/commons/lang3/function/FailableLongToDoubleFunctionTest.java,0,0,1,4,0,0,0,0,0,1,1,1,0,0,0,0,0,0,0,0,0,0,0,0,0,0,0,0,0,0,1,0,0,0
commons-lang,org/apache/commons/lang3/function/FailableLongToIntFunction,FailableLongToIntFunction,,C:/Users/largu/Documents/Vietnam/dataset/projects/commons-lang/src/test/java/org/apache/commons/lang3/function/FailableLongToIntFunctionTest.java,0,0,1,4,0,0,0,0,0,1,1,1,0,0,0,0,0,0,0,0,0,0,0,0,0,0,0,0,0,0,1,0,0,0
commons-lang,org/apache/commons/lang3/function/FailableLongUnaryOperator,FailableLongUnaryOperator,,C:/Users/largu/Documents/Vietnam/dataset/projects/commons-lang/src/test/java/org/apache/commons/lang3/function/FailableLongUnaryOperatorTest.java,0,0,1,4,0,0,0,0,0,1,1,1,0,0,0,0,0,0,0,0,0,0,0,0,0,0,0,0,0,0,1,0,0,0
commons-lang,org/apache/commons/lang3/function/FailableObjDoubleConsumer,FailableObjDoubleConsumer,,C:/Users/largu/Documents/Vietnam/dataset/projects/commons-lang/src/test/java/org/apache/commons/lang3/function/FailableObjDoubleConsumerTest.java,0,0,1,4,0,0,0,0,0,1,1,1,0,0,0,0,0,0,0,0,0,0,0,0,0,0,0,0,0,0,1,0,0,0
commons-lang,org/apache/commons/lang3/function/FailableObjIntConsumer,FailableObjIntConsumer,,C:/Users/largu/Documents/Vietnam/dataset/projects/commons-lang/src/test/java/org/apache/commons/lang3/function/FailableObjIntConsumerTest.java,0,0,1,4,0,0,0,0,0,1,1,1,0,0,0,0,0,0,0,0,0,0,0,0,0,0,0,0,0,0,1,0,0,0
commons-lang,org/apache/commons/lang3/function/FailableObjLongConsumer,FailableObjLongConsumer,,C:/Users/largu/Documents/Vietnam/dataset/projects/commons-lang/src/test/java/org/apache/commons/lang3/function/FailableObjLongConsumerTest.java,0,0,1,4,0,0,0,0,0,1,1,1,0,0,0,0,0,0,0,0,0,0,0,0,0,0,0,0,0,0,1,0,0,0
commons-lang,org/apache/commons/lang3/function/FailablePredicate,FailablePredicate,,C:/Users/largu/Documents/Vietnam/dataset/projects/commons-lang/src/test/java/org/apache/commons/lang3/function/FailablePredicateTest.java,0,0,1,4,0,0,0,0,0,1,1,1,0,0,0,0,0,0,0,0,0,0,0,0,0,0,0,0,0,0,1,0,0,0
commons-lang,org/apache/commons/lang3/function/FailableRunnable,FailableRunnable,,C:/Users/largu/Documents/Vietnam/dataset/projects/commons-lang/src/test/java/org/apache/commons/lang3/function/FailableRunnableTest.java,0,0,1,4,0,0,0,0,0,1,1,1,0,0,0,0,0,0,0,0,0,0,0,0,0,0,0,0,0,0,1,0,0,0
commons-lang,org/apache/commons/lang3/function/FailableShortSupplier,FailableShortSupplier,,C:/Users/largu/Documents/Vietnam/dataset/projects/commons-lang/src/test/java/org/apache/commons/lang3/function/FailableShortSupplierTest.java,0,0,1,4,0,0,0,0,0,1,1,1,0,0,0,0,0,0,0,0,0,0,0,0,0,0,0,0,0,0,1,0,0,0
commons-lang,org/apache/commons/lang3/function/FailableSupplier,FailableSupplier,,C:/Users/largu/Documents/Vietnam/dataset/projects/commons-lang/src/test/java/org/apache/commons/lang3/function/FailableSupplierTest.java,0,0,1,4,0,0,0,0,0,1,1,1,0,0,0,0,0,0,0,0,0,0,0,0,0,0,0,0,0,0,1,0,0,0
commons-lang,org/apache/commons/lang3/function/FailableToBooleanFunction,FailableToBooleanFunction,,C:/Users/largu/Documents/Vietnam/dataset/projects/commons-lang/src/test/java/org/apache/commons/lang3/function/FailableToBooleanFunctionTest.java,0,0,1,4,0,0,0,0,0,1,1,1,0,0,0,0,0,0,0,0,0,0,0,0,0,0,0,0,0,0,1,0,0,0
commons-lang,org/apache/commons/lang3/function/FailableToDoubleBiFunction,FailableToDoubleBiFunction,,C:/Users/largu/Documents/Vietnam/dataset/projects/commons-lang/src/test/java/org/apache/commons/lang3/function/FailableToDoubleBiFunctionTest.java,0,0,1,4,0,0,0,0,0,1,1,1,0,0,0,0,0,0,0,0,0,0,0,0,0,0,0,0,0,0,1,0,0,0
commons-lang,org/apache/commons/lang3/function/FailableToDoubleFunction,FailableToDoubleFunction,,C:/Users/largu/Documents/Vietnam/dataset/projects/commons-lang/src/test/java/org/apache/commons/lang3/function/FailableToDoubleFunctionTest.java,0,0,1,4,0,0,0,0,0,1,1,1,0,0,0,0,0,0,0,0,0,0,0,0,0,0,0,0,0,0,1,0,0,0
commons-lang,org/apache/commons/lang3/function/FailableToIntBiFunction,FailableToIntBiFunction,,C:/Users/largu/Documents/Vietnam/dataset/projects/commons-lang/src/test/java/org/apache/commons/lang3/function/FailableToIntBiFunctionTest.java,0,0,1,4,0,0,0,0,0,1,1,1,0,0,0,0,0,0,0,0,0,0,0,0,0,0,0,0,0,0,1,0,0,0
commons-lang,org/apache/commons/lang3/function/FailableToIntFunction,FailableToIntFunction,,C:/Users/largu/Documents/Vietnam/dataset/projects/commons-lang/src/test/java/org/apache/commons/lang3/function/FailableToIntFunctionTest.java,0,0,1,4,0,0,0,0,0,1,1,1,0,0,0,0,0,0,0,0,0,0,0,0,0,0,0,0,0,0,1,0,0,0
commons-lang,org/apache/commons/lang3/function/FailableToLongBiFunction,FailableToLongBiFunction,,C:/Users/largu/Documents/Vietnam/dataset/projects/commons-lang/src/test/java/org/apache/commons/lang3/function/FailableToLongBiFunctionTest.java,0,0,1,4,0,0,0,0,0,1,1,1,0,0,0,0,0,0,0,0,0,0,0,0,0,0,0,0,0,0,1,0,0,0
commons-lang,org/apache/commons/lang3/function/FailableToLongFunction,FailableToLongFunction,,C:/Users/largu/Documents/Vietnam/dataset/projects/commons-lang/src/test/java/org/apache/commons/lang3/function/FailableToLongFunctionTest.java,0,0,1,4,0,0,0,0,0,1,1,1,0,0,0,0,0,0,0,0,0,0,0,0,0,0,0,0,0,0,1,0,0,0
commons-lang,org/apache/commons/lang3/function/Functions,Functions,,C:/Users/largu/Documents/Vietnam/dataset/projects/commons-lang/src/test/java/org/apache/commons/lang3/function/FunctionsTest.java,0,0,1,4,0,0,0,0,0,1,1,1,0,0,0,0,0,0,0,0,0,0,0,0,0,0,0,0,0,0,1,0,0,0
commons-lang,org/apache/commons/lang3/function/IntToCharFunction,IntToCharFunction,,C:/Users/largu/Documents/Vietnam/dataset/projects/commons-lang/src/test/java/org/apache/commons/lang3/function/IntToCharFunctionTest.java,0,0,1,4,0,0,0,0,0,1,1,1,0,0,0,0,0,0,0,0,0,0,0,0,0,0,0,0,0,0,1,0,0,0
commons-lang,org/apache/commons/lang3/function/MethodInvokers,MethodInvokers,../dataset/projects/commons-lang/src/main/java/org/apache/commons/lang3/function/MethodInvokers.java,,1,1,0,0,0,0,0,0,1,0,0,0,0,0,0,0,0,0,0,0,0,0,0,0,0,0,0,0,0,0,0,0,0,0
commons-lang,org/apache/commons/lang3/function/MethodInvokersBiConsumer,MethodInvokersBiConsumer,,C:/Users/largu/Documents/Vietnam/dataset/projects/commons-lang/src/test/java/org/apache/commons/lang3/function/MethodInvokersBiConsumerTest.java,0,0,1,4,0,0,0,0,0,1,1,1,0,0,0,0,0,0,0,0,0,0,0,0,0,0,0,0,0,0,1,0,0,0
commons-lang,org/apache/commons/lang3/function/MethodInvokersBiFunction,MethodInvokersBiFunction,,C:/Users/largu/Documents/Vietnam/dataset/projects/commons-lang/src/test/java/org/apache/commons/lang3/function/MethodInvokersBiFunctionTest.java,0,0,1,4,0,0,0,0,0,1,1,1,0,0,0,0,0,0,0,0,0,0,0,0,0,0,0,0,0,0,1,0,0,0
commons-lang,org/apache/commons/lang3/function/MethodInvokersFailableBiConsumer,MethodInvokersFailableBiConsumer,,C:/Users/largu/Documents/Vietnam/dataset/projects/commons-lang/src/test/java/org/apache/commons/lang3/function/MethodInvokersFailableBiConsumerTest.java,0,0,1,4,0,0,0,0,0,1,1,1,0,0,0,0,0,0,0,0,0,0,0,0,0,0,0,0,0,0,1,0,0,0
commons-lang,org/apache/commons/lang3/function/MethodInvokersFailableBiFunction,MethodInvokersFailableBiFunction,,C:/Users/largu/Documents/Vietnam/dataset/projects/commons-lang/src/test/java/org/apache/commons/lang3/function/MethodInvokersFailableBiFunctionTest.java,0,0,1,4,0,0,0,0,0,1,1,1,0,0,0,0,0,0,0,0,0,0,0,0,0,0,0,0,0,0,1,0,0,0
commons-lang,org/apache/commons/lang3/function/MethodInvokersFailableFunction,MethodInvokersFailableFunction,,C:/Users/largu/Documents/Vietnam/dataset/projects/commons-lang/src/test/java/org/apache/commons/lang3/function/MethodInvokersFailableFunctionTest.java,0,0,1,4,0,0,0,0,0,1,1,1,0,0,0,0,0,0,0,0,0,0,0,0,0,0,0,0,0,0,1,0,0,0
commons-lang,org/apache/commons/lang3/function/MethodInvokersFailableSupplier,MethodInvokersFailableSupplier,,C:/Users/largu/Documents/Vietnam/dataset/projects/commons-lang/src/test/java/org/apache/commons/lang3/function/MethodInvokersFailableSupplierTest.java,0,0,1,4,0,0,0,0,0,1,1,1,0,0,0,0,0,0,0,0,0,0,0,0,0,0,0,0,0,0,1,0,0,0
commons-lang,org/apache/commons/lang3/function/MethodInvokersFunction,MethodInvokersFunction,,C:/Users/largu/Documents/Vietnam/dataset/projects/commons-lang/src/test/java/org/apache/commons/lang3/function/MethodInvokersFunctionTest.java,0,0,1,4,0,0,0,0,0,1,1,1,0,0,0,0,0,0,0,0,0,0,0,0,0,0,0,0,0,0,1,0,0,0
commons-lang,org/apache/commons/lang3/function/MethodInvokersSupplier,MethodInvokersSupplier,,C:/Users/largu/Documents/Vietnam/dataset/projects/commons-lang/src/test/java/org/apache/commons/lang3/function/MethodInvokersSupplierTest.java,0,0,1,4,0,0,0,0,0,1,1,1,0,0,0,0,0,0,0,0,0,0,0,0,0,0,0,0,0,0,1,0,0,0
commons-lang,org/apache/commons/lang3/function/Predicates,Predicates,,C:/Users/largu/Documents/Vietnam/dataset/projects/commons-lang/src/test/java/org/apache/commons/lang3/function/PredicatesTest.java,0,0,1,4,0,0,0,0,0,1,1,1,0,0,0,0,0,0,0,0,0,0,0,0,0,0,0,0,0,0,1,0,0,0
commons-lang,org/apache/commons/lang3/function/Suppliers,Suppliers,,C:/Users/largu/Documents/Vietnam/dataset/projects/commons-lang/src/test/java/org/apache/commons/lang3/function/SuppliersTest.java,0,0,1,4,0,0,0,0,0,1,1,1,0,0,0,0,0,0,0,0,0,0,0,0,0,0,0,0,0,0,1,0,0,0
commons-lang,org/apache/commons/lang3/function/ToBooleanBiFunction,ToBooleanBiFunction,,C:/Users/largu/Documents/Vietnam/dataset/projects/commons-lang/src/test/java/org/apache/commons/lang3/function/ToBooleanBiFunctionTest.java,0,0,1,4,0,0,0,0,0,1,1,1,0,0,0,0,0,0,0,0,0,0,0,0,0,0,0,0,0,0,1,0,0,0
commons-lang,org/apache/commons/lang3/function/TriConsumer,TriConsumer,,C:/Users/largu/Documents/Vietnam/dataset/projects/commons-lang/src/test/java/org/apache/commons/lang3/function/TriConsumerTest.java,0,0,1,4,0,0,0,0,0,1,1,1,0,0,0,0,0,0,0,0,0,0,0,0,0,0,0,0,0,0,1,0,0,0
commons-lang,org/apache/commons/lang3/function/TriFunction,TriFunction,,C:/Users/largu/Documents/Vietnam/dataset/projects/commons-lang/src/test/java/org/apache/commons/lang3/function/TriFunctionTest.java,0,0,1,4,0,0,0,0,0,1,1,1,0,0,0,0,0,0,0,0,0,0,0,0,0,0,0,0,0,0,1,0,0,0
commons-lang,org/apache/commons/lang3/math/Fraction,Fraction,../dataset/projects/commons-lang/src/main/java/org/apache/commons/lang3/math/Fraction.java,C:/Users/largu/Documents/Vietnam/dataset/projects/commons-lang/src/test/java/org/apache/commons/lang3/math/FractionTest.java,1,7,1,4,0,6,0,0,1,1,1,1,0,0,0,0,0,0,0,0,0,0,0,0,0,0,0,0,0,0,1,0,0,0
commons-lang,org/apache/commons/lang3/math/FractionReadObject,FractionReadObject,,C:/Users/largu/Documents/Vietnam/dataset/projects/commons-lang/src/test/java/org/apache/commons/lang3/math/FractionReadObjectTest.java,0,0,1,5,0,0,0,0,0,1,1,1,0,1,0,0,0,0,1,0,0,0,0,0,0,0,0,0,0,0,0,0,0,0
commons-lang,org/apache/commons/lang3/math/IEEE754rUtils,IEEE754rUtils,../dataset/projects/commons-lang/src/main/java/org/apache/commons/lang3/math/IEEE754rUtils.java,C:/Users/largu/Documents/Vietnam/dataset/projects/commons-lang/src/test/java/org/apache/commons/lang3/math/IEEE754rUtilsTest.java,1,1,1,4,0,0,0,0,1,1,1,1,0,0,0,0,0,0,0,0,0,0,0,0,0,0,0,0,0,0,1,0,0,0
commons-lang,org/apache/commons/lang3/math/NumberUtils,NumberUtils,../dataset/projects/commons-lang/src/main/java/org/apache/commons/lang3/math/NumberUtils.java,C:/Users/largu/Documents/Vietnam/dataset/projects/commons-lang/src/test/java/org/apache/commons/lang3/math/NumberUtilsTest.java,1,5,1,6,0,3,1,0,1,1,1,1,0,1,0,0,0,0,0,0,0,0,0,0,0,0,0,0,0,0,1,0,1,0
commons-lang,org/apache/commons/lang3/mutable/MutableBoolean,MutableBoolean,,C:/Users/largu/Documents/Vietnam/dataset/projects/commons-lang/src/test/java/org/apache/commons/lang3/mutable/MutableBooleanTest.java,0,0,1,4,0,0,0,0,0,1,1,1,0,0,0,0,0,0,0,0,0,0,0,0,0,0,0,0,0,0,1,0,0,0
commons-lang,org/apache/commons/lang3/mutable/MutableByte,MutableByte,../dataset/projects/commons-lang/src/main/java/org/apache/commons/lang3/mutable/MutableByte.java,C:/Users/largu/Documents/Vietnam/dataset/projects/commons-lang/src/test/java/org/apache/commons/lang3/mutable/MutableByteTest.java,1,1,1,4,0,0,0,0,1,1,1,1,0,0,0,0,0,0,0,0,0,0,0,0,0,0,0,0,0,0,1,0,0,0
commons-lang,org/apache/commons/lang3/mutable/MutableDouble,MutableDouble,../dataset/projects/commons-lang/src/main/java/org/apache/commons/lang3/mutable/MutableDouble.java,C:/Users/largu/Documents/Vietnam/dataset/projects/commons-lang/src/test/java/org/apache/commons/lang3/mutable/MutableDoubleTest.java,1,1,1,4,0,0,0,0,1,1,1,1,0,0,0,0,0,0,0,0,0,0,0,0,0,0,0,0,0,0,1,0,0,0
commons-lang,org/apache/commons/lang3/mutable/MutableFloat,MutableFloat,../dataset/projects/commons-lang/src/main/java/org/apache/commons/lang3/mutable/MutableFloat.java,C:/Users/largu/Documents/Vietnam/dataset/projects/commons-lang/src/test/java/org/apache/commons/lang3/mutable/MutableFloatTest.java,1,1,1,4,0,0,0,0,1,1,1,1,0,0,0,0,0,0,0,0,0,0,0,0,0,0,0,0,0,0,1,0,0,0
commons-lang,org/apache/commons/lang3/mutable/MutableInt,MutableInt,../dataset/projects/commons-lang/src/main/java/org/apache/commons/lang3/mutable/MutableInt.java,C:/Users/largu/Documents/Vietnam/dataset/projects/commons-lang/src/test/java/org/apache/commons/lang3/mutable/MutableIntTest.java,1,1,1,4,0,0,0,0,1,1,1,1,0,0,0,0,0,0,0,0,0,0,0,0,0,0,0,0,0,0,1,0,0,0
commons-lang,org/apache/commons/lang3/mutable/MutableLong,MutableLong,../dataset/projects/commons-lang/src/main/java/org/apache/commons/lang3/mutable/MutableLong.java,C:/Users/largu/Documents/Vietnam/dataset/projects/commons-lang/src/test/java/org/apache/commons/lang3/mutable/MutableLongTest.java,1,1,1,4,0,0,0,0,1,1,1,1,0,0,0,0,0,0,0,0,0,0,0,0,0,0,0,0,0,0,1,0,0,0
commons-lang,org/apache/commons/lang3/mutable/MutableObject,MutableObject,,C:/Users/largu/Documents/Vietnam/dataset/projects/commons-lang/src/test/java/org/apache/commons/lang3/mutable/MutableObjectTest.java,0,0,1,4,0,0,0,0,0,1,1,1,0,0,0,0,0,0,0,0,0,0,0,0,0,0,0,0,0,0,1,0,0,0
commons-lang,org/apache/commons/lang3/mutable/MutableShort,MutableShort,../dataset/projects/commons-lang/src/main/java/org/apache/commons/lang3/mutable/MutableShort.java,C:/Users/largu/Documents/Vietnam/dataset/projects/commons-lang/src/test/java/org/apache/commons/lang3/mutable/MutableShortTest.java,1,1,1,4,0,0,0,0,1,1,1,1,0,0,0,0,0,0,0,0,0,0,0,0,0,0,0,0,0,0,1,0,0,0
commons-lang,org/apache/commons/lang3/reflect/ConstructorUtils,ConstructorUtils,,C:/Users/largu/Documents/Vietnam/dataset/projects/commons-lang/src/test/java/org/apache/commons/lang3/reflect/ConstructorUtilsTest.java,0,0,1,5,0,0,0,0,0,1,1,1,0,0,0,1,0,0,0,0,0,0,0,0,0,0,0,0,0,0,1,0,0,0
commons-lang,org/apache/commons/lang3/reflect/FieldUtils,FieldUtils,../dataset/projects/commons-lang/src/main/java/org/apache/commons/lang3/reflect/FieldUtils.java,C:/Users/largu/Documents/Vietnam/dataset/projects/commons-lang/src/test/java/org/apache/commons/lang3/reflect/FieldUtilsTest.java,1,2,1,4,0,0,1,0,1,1,1,1,0,0,0,0,0,0,0,0,0,0,0,0,0,0,0,0,0,0,1,0,0,0
commons-lang,org/apache/commons/lang3/reflect/InheritanceUtils,InheritanceUtils,,C:/Users/largu/Documents/Vietnam/dataset/projects/commons-lang/src/test/java/org/apache/commons/lang3/reflect/InheritanceUtilsTest.java,0,0,1,4,0,0,0,0,0,1,1,1,0,0,0,0,0,0,0,0,0,0,0,0,0,0,0,0,0,0,1,0,0,0
commons-lang,org/apache/commons/lang3/reflect/Lang1703,Lang1703,,C:/Users/largu/Documents/Vietnam/dataset/projects/commons-lang/src/test/java/org/apache/commons/lang3/reflect/Lang1703Test.java,0,0,1,4,0,0,0,0,0,1,1,1,0,0,0,0,0,0,0,0,0,0,0,0,0,0,0,0,0,0,1,0,0,0
commons-lang,org/apache/commons/lang3/reflect/Lang1792,Lang1792,,C:/Users/largu/Documents/Vietnam/dataset/projects/commons-lang/src/test/java/org/apache/commons/lang3/reflect/Lang1792Test.java,0,0,1,4,0,0,0,0,0,1,1,1,0,0,0,0,0,0,0,0,0,0,0,0,0,0,0,0,0,0,1,0,0,0
commons-lang,org/apache/commons/lang3/reflect/MethodUtils,MethodUtils,../dataset/projects/commons-lang/src/main/java/org/apache/commons/lang3/reflect/MethodUtils.java,C:/Users/largu/Documents/Vietnam/dataset/projects/commons-lang/src/test/java/org/apache/commons/lang3/reflect/MethodUtilsTest.java,1,5,1,10,0,3,1,0,1,1,1,1,0,1,0,0,0,1,1,1,0,0,0,0,0,0,0,0,0,1,1,0,1,0
commons-lang,org/apache/commons/lang3/reflect/MethodUtilsAnnotations,MethodUtilsAnnotations,,C:/Users/largu/Documents/Vietnam/dataset/projects/commons-lang/src/test/java/org/apache/commons/lang3/reflect/MethodUtilsAnnotationsTest.java,0,0,1,5,0,0,0,0,0,1,1,1,0,1,0,0,0,0,1,0,0,0,0,0,0,0,0,0,0,0,0,0,0,0
commons-lang,org/apache/commons/lang3/reflect/TypeLiteral,TypeLiteral,,C:/Users/largu/Documents/Vietnam/dataset/projects/commons-lang/src/test/java/org/apache/commons/lang3/reflect/TypeLiteralTest.java,0,0,1,4,0,0,0,0,0,1,1,1,0,0,0,0,0,0,0,0,0,0,0,0,0,0,0,0,0,0,1,0,0,0
commons-lang,org/apache/commons/lang3/reflect/TypeUtils,TypeUtils,../dataset/projects/commons-lang/src/main/java/org/apache/commons/lang3/reflect/TypeUtils.java,C:/Users/largu/Documents/Vietnam/dataset/projects/commons-lang/src/test/java/org/apache/commons/lang3/reflect/TypeUtilsTest.java,1,10,1,6,0,8,1,0,1,1,1,1,0,0,0,0,0,0,1,0,0,0,0,1,0,0,0,0,0,0,1,0,0,0
commons-lang,org/apache/commons/lang3/stream/FailableStream,FailableStream,,C:/Users/largu/Documents/Vietnam/dataset/projects/commons-lang/src/test/java/org/apache/commons/lang3/stream/FailableStreamTest.java,0,0,1,4,0,0,0,0,0,1,1,1,0,0,0,0,0,0,0,0,0,0,0,0,0,0,0,0,0,0,1,0,0,0
commons-lang,org/apache/commons/lang3/stream/IntStreams,IntStreams,,C:/Users/largu/Documents/Vietnam/dataset/projects/commons-lang/src/test/java/org/apache/commons/lang3/stream/IntStreamsTest.java,0,0,1,4,0,0,0,0,0,1,1,1,0,0,0,0,0,0,0,0,0,0,0,0,0,0,0,0,0,0,1,0,0,0
commons-lang,org/apache/commons/lang3/stream/LangCollectors,LangCollectors,,C:/Users/largu/Documents/Vietnam/dataset/projects/commons-lang/src/test/java/org/apache/commons/lang3/stream/LangCollectorsTest.java,0,0,1,4,0,0,0,0,0,1,1,1,0,0,0,0,0,0,0,0,0,0,0,0,0,0,0,0,0,0,1,0,0,0
commons-lang,org/apache/commons/lang3/stream/Streams,Streams,../dataset/projects/commons-lang/src/main/java/org/apache/commons/lang3/stream/Streams.java,C:/Users/largu/Documents/Vietnam/dataset/projects/commons-lang/src/test/java/org/apache/commons/lang3/stream/StreamsTest.java,1,3,1,4,1,0,0,0,2,1,1,1,0,0,0,0,0,0,0,0,0,0,0,0,0,0,0,0,0,0,1,0,0,0
commons-lang,org/apache/commons/lang3/text/CompositeFormat,CompositeFormat,,C:/Users/largu/Documents/Vietnam/dataset/projects/commons-lang/src/test/java/org/apache/commons/lang3/text/CompositeFormatTest.java,0,0,1,4,0,0,0,0,0,1,1,1,0,0,0,0,0,0,0,0,0,0,0,0,0,0,0,0,0,0,1,0,0,0
commons-lang,org/apache/commons/lang3/text/ExtendedMessageFormat,ExtendedMessageFormat,../dataset/projects/commons-lang/src/main/java/org/apache/commons/lang3/text/ExtendedMessageFormat.java,C:/Users/largu/Documents/Vietnam/dataset/projects/commons-lang/src/test/java/org/apache/commons/lang3/text/ExtendedMessageFormatTest.java,1,4,1,4,0,2,1,0,1,1,1,1,0,0,0,0,0,0,0,0,0,0,0,0,0,0,0,0,0,0,1,0,0,0
commons-lang,org/apache/commons/lang3/text/FormattableUtils,FormattableUtils,,C:/Users/largu/Documents/Vietnam/dataset/projects/commons-lang/src/test/java/org/apache/commons/lang3/text/FormattableUtilsTest.java,0,0,1,4,0,0,0,0,0,1,1,1,0,0,0,0,0,0,0,0,0,0,0,0,0,0,0,0,0,0,1,0,0,0
commons-lang,org/apache/commons/lang3/text/StrBuilder,StrBuilder,../dataset/projects/commons-lang/src/main/java/org/apache/commons/lang3/text/StrBuilder.java,C:/Users/largu/Documents/Vietnam/dataset/projects/commons-lang/src/test/java/org/apache/commons/lang3/text/StrBuilderTest.java,1,4,1,4,0,2,1,0,1,1,1,1,0,0,0,0,0,0,0,0,0,0,0,0,0,0,0,0,0,0,1,0,0,0
commons-lang,org/apache/commons/lang3/text/StrBuilderAppendInsert,StrBuilderAppendInsert,,C:/Users/largu/Documents/Vietnam/dataset/projects/commons-lang/src/test/java/org/apache/commons/lang3/text/StrBuilderAppendInsertTest.java,0,0,1,4,0,0,0,0,0,1,1,1,0,0,0,0,0,0,0,0,0,0,0,0,0,0,0,0,0,0,1,0,0,0
commons-lang,org/apache/commons/lang3/text/StrBuilderClear,StrBuilderClear,,C:/Users/largu/Documents/Vietnam/dataset/projects/commons-lang/src/test/java/org/apache/commons/lang3/text/StrBuilderClearTest.java,0,0,1,5,0,0,0,0,0,1,1,1,0,0,0,0,0,0,1,0,0,0,0,0,0,0,0,0,0,0,1,0,0,0
commons-lang,org/apache/commons/lang3/text/StrLookup,StrLookup,,C:/Users/largu/Documents/Vietnam/dataset/projects/commons-lang/src/test/java/org/apache/commons/lang3/text/StrLookupTest.java,0,0,1,4,0,0,0,0,0,1,1,1,0,0,0,0,0,0,0,0,0,0,0,0,0,0,0,0,0,0,1,0,0,0
commons-lang,org/apache/commons/lang3/text/StrMatcher,StrMatcher,../dataset/projects/commons-lang/src/main/java/org/apache/commons/lang3/text/StrMatcher.java,C:/Users/largu/Documents/Vietnam/dataset/projects/commons-lang/src/test/java/org/apache/commons/lang3/text/StrMatcherTest.java,1,1,1,4,0,0,0,0,1,1,1,1,0,0,0,0,0,0,0,0,0,0,0,0,0,0,0,0,0,0,1,0,0,0
commons-lang,org/apache/commons/lang3/text/StrSubstitutor,StrSubstitutor,../dataset/projects/commons-lang/src/main/java/org/apache/commons/lang3/text/StrSubstitutor.java,C:/Users/largu/Documents/Vietnam/dataset/projects/commons-lang/src/test/java/org/apache/commons/lang3/text/StrSubstitutorTest.java,1,4,1,4,0,2,1,0,1,1,1,1,0,0,0,0,0,0,0,0,0,0,0,0,0,0,0,0,0,0,1,0,0,0
commons-lang,org/apache/commons/lang3/text/StrTokenizer,StrTokenizer,../dataset/projects/commons-lang/src/main/java/org/apache/commons/lang3/text/StrTokenizer.java,C:/Users/largu/Documents/Vietnam/dataset/projects/commons-lang/src/test/java/org/apache/commons/lang3/text/StrTokenizerTest.java,1,4,1,4,0,2,1,0,1,1,1,1,0,0,0,0,0,0,0,0,0,0,0,0,0,0,0,0,0,0,1,0,0,0
commons-lang,org/apache/commons/lang3/text/WordUtils,WordUtils,../dataset/projects/commons-lang/src/main/java/org/apache/commons/lang3/text/WordUtils.java,C:/Users/largu/Documents/Vietnam/dataset/projects/commons-lang/src/test/java/org/apache/commons/lang3/text/WordUtilsTest.java,1,3,1,4,0,1,1,0,1,1,1,1,0,0,0,0,0,0,0,0,0,0,0,0,0,0,0,0,0,0,1,0,0,0
commons-lang,org/apache/commons/lang3/text/translate/EntityArrays,EntityArrays,../dataset/projects/commons-lang/src/main/java/org/apache/commons/lang3/text/translate/EntityArrays.java,C:/Users/largu/Documents/Vietnam/dataset/projects/commons-lang/src/test/java/org/apache/commons/lang3/text/translate/EntityArraysTest.java,1,1,1,4,0,0,0,0,1,1,1,1,0,0,0,0,0,0,0,0,0,0,0,0,0,0,0,0,0,0,1,0,0,0
commons-lang,org/apache/commons/lang3/text/translate/LookupTranslator,LookupTranslator,,C:/Users/largu/Documents/Vietnam/dataset/projects/commons-lang/src/test/java/org/apache/commons/lang3/text/translate/LookupTranslatorTest.java,0,0,1,4,0,0,0,0,0,1,1,1,0,0,0,0,0,0,0,0,0,0,0,0,0,0,0,0,0,0,1,0,0,0
commons-lang,org/apache/commons/lang3/text/translate/NumericEntityEscaper,NumericEntityEscaper,,C:/Users/largu/Documents/Vietnam/dataset/projects/commons-lang/src/test/java/org/apache/commons/lang3/text/translate/NumericEntityEscaperTest.java,0,0,1,4,0,0,0,0,0,1,1,1,0,0,0,0,0,0,0,0,0,0,0,0,0,0,0,0,0,0,1,0,0,0
commons-lang,org/apache/commons/lang3/text/translate/NumericEntityUnescaper,NumericEntityUnescaper,../dataset/projects/commons-lang/src/main/java/org/apache/commons/lang3/text/translate/NumericEntityUnescaper.java,C:/Users/largu/Documents/Vietnam/dataset/projects/commons-lang/src/test/java/org/apache/commons/lang3/text/translate/NumericEntityUnescaperTest.java,1,1,1,4,0,1,0,0,0,1,1,1,0,0,0,0,0,0,0,0,0,0,0,0,0,0,0,0,0,0,1,0,0,0
commons-lang,org/apache/commons/lang3/text/translate/OctalUnescaper,OctalUnescaper,,C:/Users/largu/Documents/Vietnam/dataset/projects/commons-lang/src/test/java/org/apache/commons/lang3/text/translate/OctalUnescaperTest.java,0,0,1,4,0,0,0,0,0,1,1,1,0,0,0,0,0,0,0,0,0,0,0,0,0,0,0,0,0,0,1,0,0,0
commons-lang,org/apache/commons/lang3/text/translate/UnicodeEscaper,UnicodeEscaper,,C:/Users/largu/Documents/Vietnam/dataset/projects/commons-lang/src/test/java/org/apache/commons/lang3/text/translate/UnicodeEscaperTest.java,0,0,1,4,0,0,0,0,0,1,1,1,0,0,0,0,0,0,0,0,0,0,0,0,0,0,0,0,0,0,1,0,0,0
commons-lang,org/apache/commons/lang3/text/translate/UnicodeUnescaper,UnicodeUnescaper,../dataset/projects/commons-lang/src/main/java/org/apache/commons/lang3/text/translate/UnicodeUnescaper.java,C:/Users/largu/Documents/Vietnam/dataset/projects/commons-lang/src/test/java/org/apache/commons/lang3/text/translate/UnicodeUnescaperTest.java,1,1,1,4,0,1,0,0,0,1,1,1,0,0,0,0,0,0,0,0,0,0,0,0,0,0,0,0,0,0,1,0,0,0
commons-lang,org/apache/commons/lang3/text/translate/UnicodeUnpairedSurrogateRemover,UnicodeUnpairedSurrogateRemover,,C:/Users/largu/Documents/Vietnam/dataset/projects/commons-lang/src/test/java/org/apache/commons/lang3/text/translate/UnicodeUnpairedSurrogateRemoverTest.java,0,0,1,4,0,0,0,0,0,1,1,1,0,0,0,0,0,0,0,0,0,0,0,0,0,0,0,0,0,0,1,0,0,0
commons-lang,org/apache/commons/lang3/time/CalendarUtils,CalendarUtils,,C:/Users/largu/Documents/Vietnam/dataset/projects/commons-lang/src/test/java/org/apache/commons/lang3/time/CalendarUtilsTest.java,0,0,1,4,0,0,0,0,0,1,1,1,0,0,0,0,0,0,0,0,0,0,0,0,0,0,0,0,0,0,1,0,0,0
commons-lang,org/apache/commons/lang3/time/DateFormatUtils,DateFormatUtils,../dataset/projects/commons-lang/src/main/java/org/apache/commons/lang3/time/DateFormatUtils.java,C:/Users/largu/Documents/Vietnam/dataset/projects/commons-lang/src/test/java/org/apache/commons/lang3/time/DateFormatUtilsTest.java,1,1,1,4,0,0,0,0,1,1,1,1,0,0,0,0,0,0,0,0,0,0,0,0,0,0,0,0,0,0,1,0,0,0
commons-lang,org/apache/commons/lang3/time/DateUtils,DateUtils,../dataset/projects/commons-lang/src/main/java/org/apache/commons/lang3/time/DateUtils.java,C:/Users/largu/Documents/Vietnam/dataset/projects/commons-lang/src/test/java/org/apache/commons/lang3/time/DateUtilsTest.java,1,6,1,6,0,4,1,0,1,1,1,1,0,0,0,0,0,0,1,1,0,0,0,0,0,0,0,0,0,0,1,0,0,0
commons-lang,org/apache/commons/lang3/time/DateUtilsFragment,DateUtilsFragment,,C:/Users/largu/Documents/Vietnam/dataset/projects/commons-lang/src/test/java/org/apache/commons/lang3/time/DateUtilsFragmentTest.java,0,0,1,4,0,0,0,0,0,1,1,1,0,0,0,0,0,0,0,0,0,0,0,0,0,0,0,0,0,0,1,0,0,0
commons-lang,org/apache/commons/lang3/time/DateUtilsRounding,DateUtilsRounding,,C:/Users/largu/Documents/Vietnam/dataset/projects/commons-lang/src/test/java/org/apache/commons/lang3/time/DateUtilsRoundingTest.java,0,0,1,4,0,0,0,0,0,1,1,1,0,0,0,0,0,0,0,0,0,0,0,0,0,0,0,0,0,0,1,0,0,0
commons-lang,org/apache/commons/lang3/time/DurationFormatUtils,DurationFormatUtils,../dataset/projects/commons-lang/src/main/java/org/apache/commons/lang3/time/DurationFormatUtils.java,C:/Users/largu/Documents/Vietnam/dataset/projects/commons-lang/src/test/java/org/apache/commons/lang3/time/DurationFormatUtilsTest.java,1,6,1,4,0,4,1,0,1,1,1,1,0,0,0,0,0,0,0,0,0,0,0,0,0,0,0,0,0,0,1,0,0,0
commons-lang,org/apache/commons/lang3/time/DurationUtils,DurationUtils,,C:/Users/largu/Documents/Vietnam/dataset/projects/commons-lang/src/test/java/org/apache/commons/lang3/time/DurationUtilsTest.java,0,0,1,4,0,0,0,0,0,1,1,1,0,0,0,0,0,0,0,0,0,0,0,0,0,0,0,0,0,0,1,0,0,0
commons-lang,org/apache/commons/lang3/time/FastDateFormat,FastDateFormat,../dataset/projects/commons-lang/src/main/java/org/apache/commons/lang3/time/FastDateFormat.java,C:/Users/largu/Documents/Vietnam/dataset/projects/commons-lang/src/test/java/org/apache/commons/lang3/time/FastDateFormatTest.java,1,1,1,4,0,0,0,0,1,1,1,1,0,0,0,0,0,0,0,0,0,0,0,0,0,0,0,0,0,0,1,0,0,0
commons-lang,org/apache/commons/lang3/time/FastDateFormat_Printer,FastDateFormat_Printer,,C:/Users/largu/Documents/Vietnam/dataset/projects/commons-lang/src/test/java/org/apache/commons/lang3/time/FastDateFormat_PrinterTest.java,0,0,1,3,0,0,0,0,0,1,1,1,0,0,0,0,0,0,0,0,0,0,0,0,0,0,0,0,0,0,0,0,0,0
commons-lang,org/apache/commons/lang3/time/FastDateParser,FastDateParser,../dataset/projects/commons-lang/src/main/java/org/apache/commons/lang3/time/FastDateParser.java,C:/Users/largu/Documents/Vietnam/dataset/projects/commons-lang/src/test/java/org/apache/commons/lang3/time/FastDateParserTest.java,1,6,1,4,1,3,1,0,1,1,1,1,0,0,0,0,0,0,0,0,0,0,0,0,0,0,0,0,0,0,1,0,0,0
commons-lang,org/apache/commons/lang3/time/FastDateParserJava15Bug,FastDateParserJava15Bug,,C:/Users/largu/Documents/Vietnam/dataset/projects/commons-lang/src/test/java/org/apache/commons/lang3/time/FastDateParserJava15BugTest.java,0,0,1,4,0,0,0,0,0,1,1,1,0,0,0,0,0,0,0,0,0,0,0,0,0,0,0,0,0,0,1,0,0,0
commons-lang,org/apache/commons/lang3/time/FastDateParserSDF,FastDateParserSDF,,C:/Users/largu/Documents/Vietnam/dataset/projects/commons-lang/src/test/java/org/apache/commons/lang3/time/FastDateParserSDFTest.java,0,0,1,4,0,0,0,0,0,1,1,1,0,0,0,0,0,0,0,0,0,0,0,0,0,0,0,0,0,0,1,0,0,0
commons-lang,org/apache/commons/lang3/time/FastDateParser_MoreOrLess,FastDateParser_MoreOrLess,,C:/Users/largu/Documents/Vietnam/dataset/projects/commons-lang/src/test/java/org/apache/commons/lang3/time/FastDateParser_MoreOrLessTest.java,0,0,1,4,0,0,0,0,0,1,1,1,0,0,0,0,0,0,0,0,0,0,0,0,0,0,0,0,0,0,1,0,0,0
commons-lang,org/apache/commons/lang3/time/FastDateParser_TimeZoneStrategy,FastDateParser_TimeZoneStrategy,,C:/Users/largu/Documents/Vietnam/dataset/projects/commons-lang/src/test/java/org/apache/commons/lang3/time/FastDateParser_TimeZoneStrategyTest.java,0,0,1,4,0,0,0,0,0,1,1,1,0,0,0,0,0,0,0,0,0,0,0,0,0,0,0,0,0,0,1,0,0,0
commons-lang,org/apache/commons/lang3/time/FastDatePrinter,FastDatePrinter,../dataset/projects/commons-lang/src/main/java/org/apache/commons/lang3/time/FastDatePrinter.java,C:/Users/largu/Documents/Vietnam/dataset/projects/commons-lang/src/test/java/org/apache/commons/lang3/time/FastDatePrinterTest.java,1,6,1,4,0,4,1,0,1,1,1,1,0,0,0,0,0,0,0,0,0,0,0,0,0,0,0,0,0,0,1,0,0,0
commons-lang,org/apache/commons/lang3/time/FastDatePrinterTimeZones,FastDatePrinterTimeZones,,C:/Users/largu/Documents/Vietnam/dataset/projects/commons-lang/src/test/java/org/apache/commons/lang3/time/FastDatePrinterTimeZonesTest.java,0,0,1,4,0,0,0,0,0,1,1,1,0,0,0,0,0,0,0,0,0,0,0,0,0,0,0,0,0,0,1,0,0,0
commons-lang,org/apache/commons/lang3/time/FastTimeZone,FastTimeZone,,C:/Users/largu/Documents/Vietnam/dataset/projects/commons-lang/src/test/java/org/apache/commons/lang3/time/FastTimeZoneTest.java,0,0,1,4,0,0,0,0,0,1,1,1,0,0,0,0,0,0,0,0,0,0,0,0,0,0,0,0,0,0,1,0,0,0
commons-lang,org/apache/commons/lang3/time/GmtTimeZone,GmtTimeZone,,C:/Users/largu/Documents/Vietnam/dataset/projects/commons-lang/src/test/java/org/apache/commons/lang3/time/GmtTimeZoneTest.java,0,0,1,4,0,0,0,0,0,1,1,1,0,0,0,0,0,0,0,0,0,0,0,0,0,0,0,0,0,0,1,0,0,0
commons-lang,org/apache/commons/lang3/time/ImmutableTimeZone,ImmutableTimeZone,,C:/Users/largu/Documents/Vietnam/dataset/projects/commons-lang/src/test/java/org/apache/commons/lang3/time/ImmutableTimeZoneTest.java,0,0,1,4,0,0,0,0,0,1,1,1,0,0,0,0,0,0,0,0,0,0,0,0,0,0,0,0,0,0,1,0,0,0
commons-lang,org/apache/commons/lang3/time/Instants,Instants,,C:/Users/largu/Documents/Vietnam/dataset/projects/commons-lang/src/test/java/org/apache/commons/lang3/time/InstantsTest.java,0,0,1,4,0,0,0,0,0,1,1,1,0,0,0,0,0,0,0,0,0,0,0,0,0,0,0,0,0,0,1,0,0,0
commons-lang,org/apache/commons/lang3/time/StopWatch,StopWatch,../dataset/projects/commons-lang/src/main/java/org/apache/commons/lang3/time/StopWatch.java,C:/Users/largu/Documents/Vietnam/dataset/projects/commons-lang/src/test/java/org/apache/commons/lang3/time/StopWatchTest.java,1,2,1,4,0,0,1,0,1,1,1,1,0,0,0,0,0,0,0,0,0,0,0,0,0,0,0,0,0,0,1,0,0,0
commons-lang,org/apache/commons/lang3/time/TimeZones,TimeZones,,C:/Users/largu/Documents/Vietnam/dataset/projects/commons-lang/src/test/java/org/apache/commons/lang3/time/TimeZonesTest.java,0,0,1,4,0,0,0,0,0,1,1,1,0,0,0,0,0,0,0,0,0,0,0,0,0,0,0,0,0,0,1,0,0,0
commons-lang,org/apache/commons/lang3/time/TimeZonesGmt,TimeZonesGmt,,C:/Users/largu/Documents/Vietnam/dataset/projects/commons-lang/src/test/java/org/apache/commons/lang3/time/TimeZonesGmtTest.java,0,0,1,5,0,0,0,0,0,1,1,1,0,0,0,0,0,0,1,0,0,0,0,0,0,0,0,0,0,0,0,0,1,0
commons-lang,org/apache/commons/lang3/time/WeekYear,WeekYear,,C:/Users/largu/Documents/Vietnam/dataset/projects/commons-lang/src/test/java/org/apache/commons/lang3/time/WeekYearTest.java,0,0,1,4,0,0,0,0,0,1,1,1,0,0,0,0,0,0,0,0,0,0,0,0,0,0,0,0,0,0,1,0,0,0
commons-lang,org/apache/commons/lang3/tuple/ImmutablePair,ImmutablePair,,C:/Users/largu/Documents/Vietnam/dataset/projects/commons-lang/src/test/java/org/apache/commons/lang3/tuple/ImmutablePairTest.java,0,0,1,4,0,0,0,0,0,1,1,1,0,0,0,0,0,0,0,0,0,0,0,0,0,0,0,0,0,0,1,0,0,0
commons-lang,org/apache/commons/lang3/tuple/ImmutableTriple,ImmutableTriple,,C:/Users/largu/Documents/Vietnam/dataset/projects/commons-lang/src/test/java/org/apache/commons/lang3/tuple/ImmutableTripleTest.java,0,0,1,4,0,0,0,0,0,1,1,1,0,0,0,0,0,0,0,0,0,0,0,0,0,0,0,0,0,0,1,0,0,0
commons-lang,org/apache/commons/lang3/tuple/MutablePair,MutablePair,,C:/Users/largu/Documents/Vietnam/dataset/projects/commons-lang/src/test/java/org/apache/commons/lang3/tuple/MutablePairTest.java,0,0,1,4,0,0,0,0,0,1,1,1,0,0,0,0,0,0,0,0,0,0,0,0,0,0,0,0,0,0,1,0,0,0
commons-lang,org/apache/commons/lang3/tuple/MutableTriple,MutableTriple,,C:/Users/largu/Documents/Vietnam/dataset/projects/commons-lang/src/test/java/org/apache/commons/lang3/tuple/MutableTripleTest.java,0,0,1,4,0,0,0,0,0,1,1,1,0,0,0,0,0,0,0,0,0,0,0,0,0,0,0,0,0,0,1,0,0,0
commons-lang,org/apache/commons/lang3/tuple/Pair,Pair,../dataset/projects/commons-lang/src/main/java/org/apache/commons/lang3/tuple/Pair.java,C:/Users/largu/Documents/Vietnam/dataset/projects/commons-lang/src/test/java/org/apache/commons/lang3/tuple/PairTest.java,1,1,1,6,0,0,0,0,1,1,1,1,0,0,0,0,0,0,1,0,0,0,0,0,0,0,0,0,0,1,1,0,0,0
commons-lang,org/apache/commons/lang3/tuple/Triple,Triple,,C:/Users/largu/Documents/Vietnam/dataset/projects/commons-lang/src/test/java/org/apache/commons/lang3/tuple/TripleTest.java,0,0,1,4,0,0,0,0,0,1,1,1,0,0,0,0,0,0,0,0,0,0,0,0,0,0,0,0,0,0,1,0,0,0
commons-lang,org/apache/commons/lang3/util/FluentBitSet,FluentBitSet,../dataset/projects/commons-lang/src/main/java/org/apache/commons/lang3/util/FluentBitSet.java,C:/Users/largu/Documents/Vietnam/dataset/projects/commons-lang/src/test/java/org/apache/commons/lang3/util/FluentBitSetTest.java,1,1,1,4,0,0,0,0,1,1,1,1,0,0,0,0,0,0,0,0,0,0,0,0,0,0,0,0,0,0,1,0,0,0
commons-lang,org/apache/commons/lang3/util/IterableStringTokenizer,IterableStringTokenizer,,C:/Users/largu/Documents/Vietnam/dataset/projects/commons-lang/src/test/java/org/apache/commons/lang3/util/IterableStringTokenizerTest.java,0,0,1,4,0,0,0,0,0,1,1,1,0,0,0,0,0,0,0,0,0,0,0,0,0,0,0,0,0,0,1,0,0,0
