project,class_key,class_name,class_file,test_file,has_code_smell,code_smell_total,has_test_smell,test_smell_total,code_smell_CouplingBetweenObjects,code_smell_CyclomaticComplexity,code_smell_ExcessiveParameterList,code_smell_GodClass,code_smell_TooManyFields,code_smell_TooManyMethods,test_smell_App,test_smell_Version,test_smell_RelativeTestFilePath,test_smell_RelativeProductionFilePath,test_smell_Assertion Roulette,test_smell_Conditional Test Logic,test_smell_Constructor Initialization,test_smell_Default Test,test_smell_EmptyTest,test_smell_Exception Catching Throwing,test_smell_General Fixture,test_smell_Mystery Guest,test_smell_Print Statement,test_smell_Redundant Assertion,test_smell_Sensitive Equality,test_smell_Verbose Test,test_smell_Sleepy Test,test_smell_Eager Test,test_smell_Lazy Test,test_smell_Duplicate Assert,test_smell_Unknown Test,test_smell_IgnoredTest,test_smell_Resource Optimism,test_smell_Magic Number Test,test_smell_Dependent Test
guava,collect/testing/features/FeatureEnum,FeatureEnum,,C:/Users/ismak/Documents/GitHub/relation_test_code_smell_ML/dataset/projects/guava/android/guava-testlib/test/com/google/common/collect/testing/features/FeatureEnumTest.java,0,0,1,3,0,0,0,0,0,0,1,1,1,0,0,0,0,0,0,0,0,0,0,0,0,0,0,0,0,0,0,0,0,0,0
guava,collect/testing/features/erRequirements,erRequirements,,C:/Users/ismak/Documents/GitHub/relation_test_code_smell_ML/dataset/projects/guava/android/guava-testlib/src/com/google/common/collect/testing/features/TesterRequirements.java,0,0,1,4,0,0,0,0,0,0,1,1,1,0,0,0,1,0,0,0,0,0,0,0,0,0,0,0,0,0,0,0,0,0,0
guava,collect/testing/google/AbstractMultimapTester,AbstractMultimapTester,dataset/projects/guava/android/guava-testlib/src/com/google/common/collect/testing/google/AbstractMultimapTester.java,,1,2,0,0,0,0,0,0,0,2,0,0,0,0,0,0,0,0,0,0,0,0,0,0,0,0,0,0,0,0,0,0,0,0,0
guava,collect/testing/google/AbstractMultisetSetCountTester,AbstractMultisetSetCountTester,dataset/projects/guava/android/guava-testlib/src/com/google/common/collect/testing/google/AbstractMultisetSetCountTester.java,,1,2,0,0,0,0,0,0,0,2,0,0,0,0,0,0,0,0,0,0,0,0,0,0,0,0,0,0,0,0,0,0,0,0,0
guava,collect/testing/google/BiMapGenerator,BiMapGenerator,,C:/Users/ismak/Documents/GitHub/relation_test_code_smell_ML/dataset/projects/guava/android/guava-testlib/src/com/google/common/collect/testing/google/TestBiMapGenerator.java,0,0,1,3,0,0,0,0,0,0,1,1,1,0,0,0,0,0,0,0,0,0,0,0,0,0,0,0,0,0,0,0,0,0,0
guava,collect/testing/google/DerivedGoogleCollectionGenerators,DerivedGoogleCollectionGenerators,dataset/projects/guava/android/guava-testlib/src/com/google/common/collect/testing/google/DerivedGoogleCollectionGenerators.java,,1,2,0,0,2,0,0,0,0,0,0,0,0,0,0,0,0,0,0,0,0,0,0,0,0,0,0,0,0,0,0,0,0,0,0
guava,collect/testing/google/EnumMultisetGenerator,EnumMultisetGenerator,,C:/Users/ismak/Documents/GitHub/relation_test_code_smell_ML/dataset/projects/guava/android/guava-testlib/src/com/google/common/collect/testing/google/TestEnumMultisetGenerator.java,0,0,1,3,0,0,0,0,0,0,1,1,1,0,0,0,0,0,0,0,0,0,0,0,0,0,0,0,0,0,0,0,0,0,0
guava,collect/testing/google/MapGenerators,MapGenerators,dataset/projects/guava/android/guava-testlib/src/com/google/common/collect/testing/google/MapGenerators.java,,1,2,0,0,2,0,0,0,0,0,0,0,0,0,0,0,0,0,0,0,0,0,0,0,0,0,0,0,0,0,0,0,0,0,0
guava,collect/testing/google/MultimapClearTester,MultimapClearTester,dataset/projects/guava/android/guava-testlib/src/com/google/common/collect/testing/google/MultimapClearTester.java,,1,2,0,0,0,0,0,0,0,2,0,0,0,0,0,0,0,0,0,0,0,0,0,0,0,0,0,0,0,0,0,0,0,0,0
guava,collect/testing/google/MultimapGenerator,MultimapGenerator,,C:/Users/ismak/Documents/GitHub/relation_test_code_smell_ML/dataset/projects/guava/android/guava-testlib/src/com/google/common/collect/testing/google/TestMultimapGenerator.java,0,0,1,3,0,0,0,0,0,0,1,1,1,0,0,0,0,0,0,0,0,0,0,0,0,0,0,0,0,0,0,0,0,0,0
guava,collect/testing/google/MultimapGetTester,MultimapGetTester,dataset/projects/guava/android/guava-testlib/src/com/google/common/collect/testing/google/MultimapGetTester.java,,1,2,0,0,0,0,0,0,0,2,0,0,0,0,0,0,0,0,0,0,0,0,0,0,0,0,0,0,0,0,0,0,0,0,0
guava,collect/testing/google/MultimapPutIterableTester,MultimapPutIterableTester,dataset/projects/guava/android/guava-testlib/src/com/google/common/collect/testing/google/MultimapPutIterableTester.java,,1,2,0,0,0,0,0,0,0,2,0,0,0,0,0,0,0,0,0,0,0,0,0,0,0,0,0,0,0,0,0,0,0,0,0
guava,collect/testing/google/MultimapPutTester,MultimapPutTester,dataset/projects/guava/android/guava-testlib/src/com/google/common/collect/testing/google/MultimapPutTester.java,,1,2,0,0,0,0,0,0,0,2,0,0,0,0,0,0,0,0,0,0,0,0,0,0,0,0,0,0,0,0,0,0,0,0,0
guava,collect/testing/google/MultimapRemoveEntryTester,MultimapRemoveEntryTester,dataset/projects/guava/android/guava-testlib/src/com/google/common/collect/testing/google/MultimapRemoveEntryTester.java,,1,2,0,0,0,0,0,0,0,2,0,0,0,0,0,0,0,0,0,0,0,0,0,0,0,0,0,0,0,0,0,0,0,0,0
guava,collect/testing/google/MultimapTestSuiteBuilder,MultimapTestSuiteBuilder,dataset/projects/guava/android/guava-testlib/src/com/google/common/collect/testing/google/MultimapTestSuiteBuilder.java,,1,4,0,0,2,0,0,0,0,2,0,0,0,0,0,0,0,0,0,0,0,0,0,0,0,0,0,0,0,0,0,0,0,0,0
guava,collect/testing/google/MultisetAddTester,MultisetAddTester,dataset/projects/guava/android/guava-testlib/src/com/google/common/collect/testing/google/MultisetAddTester.java,,1,2,0,0,0,0,0,0,0,2,0,0,0,0,0,0,0,0,0,0,0,0,0,0,0,0,0,0,0,0,0,0,0,0,0
guava,collect/testing/google/MultisetEntrySetTester,MultisetEntrySetTester,dataset/projects/guava/android/guava-testlib/src/com/google/common/collect/testing/google/MultisetEntrySetTester.java,,1,2,0,0,0,0,0,0,0,2,0,0,0,0,0,0,0,0,0,0,0,0,0,0,0,0,0,0,0,0,0,0,0,0,0
guava,collect/testing/google/MultisetGenerator,MultisetGenerator,,C:/Users/ismak/Documents/GitHub/relation_test_code_smell_ML/dataset/projects/guava/android/guava-testlib/src/com/google/common/collect/testing/google/TestMultisetGenerator.java,0,0,1,3,0,0,0,0,0,0,1,1,1,0,0,0,0,0,0,0,0,0,0,0,0,0,0,0,0,0,0,0,0,0,0
guava,collect/testing/google/MultisetNavigationTester,MultisetNavigationTester,dataset/projects/guava/android/guava-testlib/src/com/google/common/collect/testing/google/MultisetNavigationTester.java,,1,4,0,0,2,0,0,0,0,2,0,0,0,0,0,0,0,0,0,0,0,0,0,0,0,0,0,0,0,0,0,0,0,0,0
guava,collect/testing/google/MultisetReadsTester,MultisetReadsTester,dataset/projects/guava/android/guava-testlib/src/com/google/common/collect/testing/google/MultisetReadsTester.java,,1,2,0,0,0,0,0,0,0,2,0,0,0,0,0,0,0,0,0,0,0,0,0,0,0,0,0,0,0,0,0,0,0,0,0
guava,collect/testing/google/MultisetRemoveTester,MultisetRemoveTester,dataset/projects/guava/android/guava-testlib/src/com/google/common/collect/testing/google/MultisetRemoveTester.java,,1,2,0,0,0,0,0,0,0,2,0,0,0,0,0,0,0,0,0,0,0,0,0,0,0,0,0,0,0,0,0,0,0,0,0
guava,collect/testing/google/MultisetTestSuiteBuilder,MultisetTestSuiteBuilder,dataset/projects/guava/android/guava-testlib/src/com/google/common/collect/testing/google/MultisetTestSuiteBuilder.java,,1,2,0,0,2,0,0,0,0,0,0,0,0,0,0,0,0,0,0,0,0,0,0,0,0,0,0,0,0,0,0,0,0,0,0
guava,collect/testing/google/StringBiMapGenerator,StringBiMapGenerator,,C:/Users/ismak/Documents/GitHub/relation_test_code_smell_ML/dataset/projects/guava/android/guava-testlib/src/com/google/common/collect/testing/google/TestStringBiMapGenerator.java,0,0,1,3,0,0,0,0,0,0,1,1,1,0,0,0,0,0,0,0,0,0,0,0,0,0,0,0,0,0,0,0,0,0,0
guava,collect/testing/google/StringListMultimapGenerator,StringListMultimapGenerator,,C:/Users/ismak/Documents/GitHub/relation_test_code_smell_ML/dataset/projects/guava/android/guava-testlib/src/com/google/common/collect/testing/google/TestStringListMultimapGenerator.java,0,0,1,3,0,0,0,0,0,0,1,1,1,0,0,0,0,0,0,0,0,0,0,0,0,0,0,0,0,0,0,0,0,0,0
guava,collect/testing/google/StringMultisetGenerator,StringMultisetGenerator,,C:/Users/ismak/Documents/GitHub/relation_test_code_smell_ML/dataset/projects/guava/android/guava-testlib/src/com/google/common/collect/testing/google/TestStringMultisetGenerator.java,0,0,1,3,0,0,0,0,0,0,1,1,1,0,0,0,0,0,0,0,0,0,0,0,0,0,0,0,0,0,0,0,0,0,0
guava,collect/testing/google/StringSetMultimapGenerator,StringSetMultimapGenerator,,C:/Users/ismak/Documents/GitHub/relation_test_code_smell_ML/dataset/projects/guava/android/guava-testlib/src/com/google/common/collect/testing/google/TestStringSetMultimapGenerator.java,0,0,1,3,0,0,0,0,0,0,1,1,1,0,0,0,0,0,0,0,0,0,0,0,0,0,0,0,0,0,0,0,0,0,0
guava,collect/testing/google/UnmodifiableCollection,UnmodifiableCollection,,C:/Users/ismak/Documents/GitHub/relation_test_code_smell_ML/dataset/projects/guava/android/guava-testlib/src/com/google/common/collect/testing/google/UnmodifiableCollectionTests.java,0,0,1,4,0,0,0,0,0,0,1,1,1,0,0,0,1,0,0,0,0,0,0,0,0,0,0,0,0,0,0,0,0,0,0
guava,collect/testing/testers/CollectionAddAllTester,CollectionAddAllTester,dataset/projects/guava/android/guava-testlib/src/com/google/common/collect/testing/testers/CollectionAddAllTester.java,,1,2,0,0,0,0,0,0,0,2,0,0,0,0,0,0,0,0,0,0,0,0,0,0,0,0,0,0,0,0,0,0,0,0,0
guava,collect/testing/testers/CollectionRemoveAllTester,CollectionRemoveAllTester,dataset/projects/guava/android/guava-testlib/src/com/google/common/collect/testing/testers/CollectionRemoveAllTester.java,,1,2,0,0,0,0,0,0,0,2,0,0,0,0,0,0,0,0,0,0,0,0,0,0,0,0,0,0,0,0,0,0,0,0,0
guava,collect/testing/testers/CollectionRetainAllTester,CollectionRetainAllTester,dataset/projects/guava/android/guava-testlib/src/com/google/common/collect/testing/testers/CollectionRetainAllTester.java,,1,2,0,0,0,0,0,0,0,2,0,0,0,0,0,0,0,0,0,0,0,0,0,0,0,0,0,0,0,0,0,0,0,0,0
guava,collect/testing/testers/CollectionToArrayTester,CollectionToArrayTester,dataset/projects/guava/android/guava-testlib/src/com/google/common/collect/testing/testers/CollectionToArrayTester.java,,1,2,0,0,0,0,0,0,0,2,0,0,0,0,0,0,0,0,0,0,0,0,0,0,0,0,0,0,0,0,0,0,0,0,0
guava,collect/testing/testers/ConcurrentMapReplaceEntryTester,ConcurrentMapReplaceEntryTester,dataset/projects/guava/android/guava-testlib/src/com/google/common/collect/testing/testers/ConcurrentMapReplaceEntryTester.java,,1,2,0,0,0,0,0,0,0,2,0,0,0,0,0,0,0,0,0,0,0,0,0,0,0,0,0,0,0,0,0,0,0,0,0
guava,collect/testing/testers/ListAddAllAtIndexTester,ListAddAllAtIndexTester,dataset/projects/guava/android/guava-testlib/src/com/google/common/collect/testing/testers/ListAddAllAtIndexTester.java,,1,2,0,0,0,0,0,0,0,2,0,0,0,0,0,0,0,0,0,0,0,0,0,0,0,0,0,0,0,0,0,0,0,0,0
guava,collect/testing/testers/ListAddAtIndexTester,ListAddAtIndexTester,dataset/projects/guava/android/guava-testlib/src/com/google/common/collect/testing/testers/ListAddAtIndexTester.java,,1,2,0,0,0,0,0,0,0,2,0,0,0,0,0,0,0,0,0,0,0,0,0,0,0,0,0,0,0,0,0,0,0,0,0
guava,collect/testing/testers/ListSubListTester,ListSubListTester,dataset/projects/guava/android/guava-testlib/src/com/google/common/collect/testing/testers/ListSubListTester.java,,1,2,0,0,0,0,0,0,0,2,0,0,0,0,0,0,0,0,0,0,0,0,0,0,0,0,0,0,0,0,0,0,0,0,0
guava,collect/testing/testers/MapCreationTester,MapCreationTester,dataset/projects/guava/android/guava-testlib/src/com/google/common/collect/testing/testers/MapCreationTester.java,,1,2,0,0,0,0,0,0,0,2,0,0,0,0,0,0,0,0,0,0,0,0,0,0,0,0,0,0,0,0,0,0,0,0,0
guava,collect/testing/testers/MapEntrySetTester,MapEntrySetTester,dataset/projects/guava/android/guava-testlib/src/com/google/common/collect/testing/testers/MapEntrySetTester.java,,1,2,0,0,0,0,0,0,0,2,0,0,0,0,0,0,0,0,0,0,0,0,0,0,0,0,0,0,0,0,0,0,0,0,0
guava,collect/testing/testers/MapPutAllTester,MapPutAllTester,dataset/projects/guava/android/guava-testlib/src/com/google/common/collect/testing/testers/MapPutAllTester.java,,1,2,0,0,0,0,0,0,0,2,0,0,0,0,0,0,0,0,0,0,0,0,0,0,0,0,0,0,0,0,0,0,0,0,0
guava,collect/testing/testers/MapPutTester,MapPutTester,dataset/projects/guava/android/guava-testlib/src/com/google/common/collect/testing/testers/MapPutTester.java,,1,2,0,0,0,0,0,0,0,2,0,0,0,0,0,0,0,0,0,0,0,0,0,0,0,0,0,0,0,0,0,0,0,0,0
guava,collect/testing/testers/MapRemoveTester,MapRemoveTester,dataset/projects/guava/android/guava-testlib/src/com/google/common/collect/testing/testers/MapRemoveTester.java,,1,2,0,0,0,0,0,0,0,2,0,0,0,0,0,0,0,0,0,0,0,0,0,0,0,0,0,0,0,0,0,0,0,0,0
guava,collect/testing/testers/MapReplaceEntryTester,MapReplaceEntryTester,dataset/projects/guava/android/guava-testlib/src/com/google/common/collect/testing/testers/MapReplaceEntryTester.java,,1,2,0,0,0,0,0,0,0,2,0,0,0,0,0,0,0,0,0,0,0,0,0,0,0,0,0,0,0,0,0,0,0,0,0
guava,collect/testing/testers/NavigableMapNavigationTester,NavigableMapNavigationTester,dataset/projects/guava/android/guava-testlib/src/com/google/common/collect/testing/testers/NavigableMapNavigationTester.java,,1,2,0,0,0,0,0,0,0,2,0,0,0,0,0,0,0,0,0,0,0,0,0,0,0,0,0,0,0,0,0,0,0,0,0
guava,collect/testing/testers/NavigableSetNavigationTester,NavigableSetNavigationTester,dataset/projects/guava/android/guava-testlib/src/com/google/common/collect/testing/testers/NavigableSetNavigationTester.java,,1,2,0,0,0,0,0,0,0,2,0,0,0,0,0,0,0,0,0,0,0,0,0,0,0,0,0,0,0,0,0,0,0,0,0
guava,collect/testing/testers/SortedMapNavigationTester,SortedMapNavigationTester,dataset/projects/guava/android/guava-testlib/src/com/google/common/collect/testing/testers/SortedMapNavigationTester.java,,1,2,0,0,0,0,0,0,0,2,0,0,0,0,0,0,0,0,0,0,0,0,0,0,0,0,0,0,0,0,0,0,0,0,0
guava,common/collect/testing/AbstractContainerTester,AbstractContainerTester,dataset/projects/guava/android/guava-testlib/src/com/google/common/collect/testing/AbstractContainerTester.java,,1,2,0,0,0,0,0,0,0,2,0,0,0,0,0,0,0,0,0,0,0,0,0,0,0,0,0,0,0,0,0,0,0,0,0
guava,common/collect/testing/AbstractIteratorTester,AbstractIteratorTester,dataset/projects/guava/android/guava-testlib/src/com/google/common/collect/testing/AbstractIteratorTester.java,,1,8,0,0,2,2,0,0,0,4,0,0,0,0,0,0,0,0,0,0,0,0,0,0,0,0,0,0,0,0,0,0,0,0,0
guava,common/collect/testing/AbstractMapTester,AbstractMapTester,dataset/projects/guava/android/guava-testlib/src/com/google/common/collect/testing/AbstractMapTester.java,,1,2,0,0,0,0,0,0,0,2,0,0,0,0,0,0,0,0,0,0,0,0,0,0,0,0,0,0,0,0,0,0,0,0,0
guava,common/collect/testing/CharacterListGenerator,CharacterListGenerator,,C:/Users/ismak/Documents/GitHub/relation_test_code_smell_ML/dataset/projects/guava/android/guava-testlib/src/com/google/common/collect/testing/TestCharacterListGenerator.java,0,0,1,3,0,0,0,0,0,0,1,1,1,0,0,0,0,0,0,0,0,0,0,0,0,0,0,0,0,0,0,0,0,0,0
guava,common/collect/testing/CollidingSetGenerator,CollidingSetGenerator,,C:/Users/ismak/Documents/GitHub/relation_test_code_smell_ML/dataset/projects/guava/android/guava-testlib/src/com/google/common/collect/testing/TestCollidingSetGenerator.java,0,0,1,3,0,0,0,0,0,0,1,1,1,0,0,0,0,0,0,0,0,0,0,0,0,0,0,0,0,0,0,0,0,0,0
guava,common/collect/testing/ContainerGenerator,ContainerGenerator,,C:/Users/ismak/Documents/GitHub/relation_test_code_smell_ML/dataset/projects/guava/android/guava-testlib/src/com/google/common/collect/testing/TestContainerGenerator.java,0,0,1,3,0,0,0,0,0,0,1,1,1,0,0,0,0,0,0,0,0,0,0,0,0,0,0,0,0,0,0,0,0,0,0
guava,common/collect/testing/DerivedCollectionGenerators,DerivedCollectionGenerators,dataset/projects/guava/android/guava-testlib/src/com/google/common/collect/testing/DerivedCollectionGenerators.java,,1,2,0,0,2,0,0,0,0,0,0,0,0,0,0,0,0,0,0,0,0,0,0,0,0,0,0,0,0,0,0,0,0,0,0
guava,common/collect/testing/EnumMapGenerator,EnumMapGenerator,,C:/Users/ismak/Documents/GitHub/relation_test_code_smell_ML/dataset/projects/guava/android/guava-testlib/src/com/google/common/collect/testing/TestEnumMapGenerator.java,0,0,1,3,0,0,0,0,0,0,1,1,1,0,0,0,0,0,0,0,0,0,0,0,0,0,0,0,0,0,0,0,0,0,0
guava,common/collect/testing/EnumSetGenerator,EnumSetGenerator,,C:/Users/ismak/Documents/GitHub/relation_test_code_smell_ML/dataset/projects/guava/android/guava-testlib/src/com/google/common/collect/testing/TestEnumSetGenerator.java,0,0,1,3,0,0,0,0,0,0,1,1,1,0,0,0,0,0,0,0,0,0,0,0,0,0,0,0,0,0,0,0,0,0,0
guava,common/collect/testing/FeatureSpecificTestSuiteBuilder,FeatureSpecificTestSuiteBuilder,dataset/projects/guava/android/guava-testlib/src/com/google/common/collect/testing/FeatureSpecificTestSuiteBuilder.java,,1,6,0,0,2,0,0,2,0,2,0,0,0,0,0,0,0,0,0,0,0,0,0,0,0,0,0,0,0,0,0,0,0,0,0
guava,common/collect/testing/Helpers,Helpers,dataset/projects/guava/android/guava-testlib/src/com/google/common/collect/testing/Helpers.java,,1,6,0,0,2,0,0,2,0,2,0,0,0,0,0,0,0,0,0,0,0,0,0,0,0,0,0,0,0,0,0,0,0,0,0
guava,common/collect/testing/IntegerSetGenerator,IntegerSetGenerator,,C:/Users/ismak/Documents/GitHub/relation_test_code_smell_ML/dataset/projects/guava/android/guava-testlib/src/com/google/common/collect/testing/TestIntegerSetGenerator.java,0,0,1,3,0,0,0,0,0,0,1,1,1,0,0,0,0,0,0,0,0,0,0,0,0,0,0,0,0,0,0,0,0,0,0
guava,common/collect/testing/IntegerSortedSetGenerator,IntegerSortedSetGenerator,,C:/Users/ismak/Documents/GitHub/relation_test_code_smell_ML/dataset/projects/guava/android/guava-testlib/src/com/google/common/collect/testing/TestIntegerSortedSetGenerator.java,0,0,1,3,0,0,0,0,0,0,1,1,1,0,0,0,0,0,0,0,0,0,0,0,0,0,0,0,0,0,0,0,0,0,0
guava,common/collect/testing/IteratorGenerator,IteratorGenerator,,C:/Users/ismak/Documents/GitHub/relation_test_code_smell_ML/dataset/projects/guava/android/guava-testlib/src/com/google/common/collect/testing/TestIteratorGenerator.java,0,0,1,3,0,0,0,0,0,0,1,1,1,0,0,0,0,0,0,0,0,0,0,0,0,0,0,0,0,0,0,0,0,0,0
guava,common/collect/testing/ListGenerator,ListGenerator,,C:/Users/ismak/Documents/GitHub/relation_test_code_smell_ML/dataset/projects/guava/android/guava-testlib/src/com/google/common/collect/testing/TestListGenerator.java,0,0,1,3,0,0,0,0,0,0,1,1,1,0,0,0,0,0,0,0,0,0,0,0,0,0,0,0,0,0,0,0,0,0,0
guava,common/collect/testing/MapEntrySetGenerator,MapEntrySetGenerator,,C:/Users/ismak/Documents/GitHub/relation_test_code_smell_ML/dataset/projects/guava/android/guava-testlib/src/com/google/common/collect/testing/TestMapEntrySetGenerator.java,0,0,1,4,0,0,0,0,0,0,1,1,1,0,0,0,1,0,0,0,0,0,0,0,0,0,0,0,0,0,0,0,0,0,0
guava,common/collect/testing/MapGenerator,MapGenerator,,C:/Users/ismak/Documents/GitHub/relation_test_code_smell_ML/dataset/projects/guava/android/guava-testlib/src/com/google/common/collect/testing/TestMapGenerator.java,0,0,1,3,0,0,0,0,0,0,1,1,1,0,0,0,0,0,0,0,0,0,0,0,0,0,0,0,0,0,0,0,0,0,0
guava,common/collect/testing/MapInterface,MapInterface,,C:/Users/ismak/Documents/GitHub/relation_test_code_smell_ML/dataset/projects/guava/android/guava-testlib/src/com/google/common/collect/testing/MapInterfaceTest.java,0,0,1,9,0,0,0,0,0,0,1,1,1,0,1,1,1,0,0,1,0,0,0,0,0,0,0,0,0,1,0,0,0,1,0
guava,common/collect/testing/MapInterfaceTest,MapInterfaceTest,dataset/projects/guava/android/guava-testlib/src/com/google/common/collect/testing/MapInterfaceTest.java,,1,8,0,0,0,4,0,2,0,2,0,0,0,0,0,0,0,0,0,0,0,0,0,0,0,0,0,0,0,0,0,0,0,0,0
guava,common/collect/testing/MinimalCollection,MinimalCollection,dataset/projects/guava/android/guava-testlib/src/com/google/common/collect/testing/MinimalCollection.java,,1,2,0,0,0,0,0,0,0,2,0,0,0,0,0,0,0,0,0,0,0,0,0,0,0,0,0,0,0,0,0,0,0,0,0
guava,common/collect/testing/NavigableMapTestSuiteBuilder,NavigableMapTestSuiteBuilder,dataset/projects/guava/android/guava-testlib/src/com/google/common/collect/testing/NavigableMapTestSuiteBuilder.java,,1,2,0,0,0,2,0,0,0,0,0,0,0,0,0,0,0,0,0,0,0,0,0,0,0,0,0,0,0,0,0,0,0,0,0
guava,common/collect/testing/NavigableSetTestSuiteBuilder,NavigableSetTestSuiteBuilder,dataset/projects/guava/android/guava-testlib/src/com/google/common/collect/testing/NavigableSetTestSuiteBuilder.java,,1,2,0,0,0,2,0,0,0,0,0,0,0,0,0,0,0,0,0,0,0,0,0,0,0,0,0,0,0,0,0,0,0,0,0
guava,common/collect/testing/QueueGenerator,QueueGenerator,,C:/Users/ismak/Documents/GitHub/relation_test_code_smell_ML/dataset/projects/guava/android/guava-testlib/src/com/google/common/collect/testing/TestQueueGenerator.java,0,0,1,3,0,0,0,0,0,0,1,1,1,0,0,0,0,0,0,0,0,0,0,0,0,0,0,0,0,0,0,0,0,0,0
guava,common/collect/testing/SafeTreeMap,SafeTreeMap,dataset/projects/guava/android/guava-testlib/src/com/google/common/collect/testing/SafeTreeMap.java,,1,2,0,0,0,0,0,0,0,2,0,0,0,0,0,0,0,0,0,0,0,0,0,0,0,0,0,0,0,0,0,0,0,0,0
guava,common/collect/testing/SafeTreeSet,SafeTreeSet,dataset/projects/guava/android/guava-testlib/src/com/google/common/collect/testing/SafeTreeSet.java,,1,2,0,0,0,0,0,0,0,2,0,0,0,0,0,0,0,0,0,0,0,0,0,0,0,0,0,0,0,0,0,0,0,0,0
guava,common/collect/testing/SetGenerator,SetGenerator,,C:/Users/ismak/Documents/GitHub/relation_test_code_smell_ML/dataset/projects/guava/android/guava-testlib/src/com/google/common/collect/testing/TestSetGenerator.java,0,0,1,3,0,0,0,0,0,0,1,1,1,0,0,0,0,0,0,0,0,0,0,0,0,0,0,0,0,0,0,0,0,0,0
guava,common/collect/testing/SortedMapGenerator,SortedMapGenerator,,C:/Users/ismak/Documents/GitHub/relation_test_code_smell_ML/dataset/projects/guava/android/guava-testlib/src/com/google/common/collect/testing/TestSortedMapGenerator.java,0,0,1,3,0,0,0,0,0,0,1,1,1,0,0,0,0,0,0,0,0,0,0,0,0,0,0,0,0,0,0,0,0,0,0
guava,common/collect/testing/SortedMapInterface,SortedMapInterface,,C:/Users/ismak/Documents/GitHub/relation_test_code_smell_ML/dataset/projects/guava/android/guava-testlib/src/com/google/common/collect/testing/SortedMapInterfaceTest.java,0,0,1,7,0,0,0,0,0,0,1,1,1,0,1,1,1,0,0,1,0,0,0,0,0,0,0,0,0,0,0,0,0,0,0
guava,common/collect/testing/SortedSetGenerator,SortedSetGenerator,,C:/Users/ismak/Documents/GitHub/relation_test_code_smell_ML/dataset/projects/guava/android/guava-testlib/src/com/google/common/collect/testing/TestSortedSetGenerator.java,0,0,1,3,0,0,0,0,0,0,1,1,1,0,0,0,0,0,0,0,0,0,0,0,0,0,0,0,0,0,0,0,0,0,0
guava,common/collect/testing/SpliteratorTester,SpliteratorTester,dataset/projects/guava/android/guava-testlib/src/com/google/common/collect/testing/SpliteratorTester.java,,1,2,0,0,2,0,0,0,0,0,0,0,0,0,0,0,0,0,0,0,0,0,0,0,0,0,0,0,0,0,0,0,0,0,0
guava,common/collect/testing/StringCollectionGenerator,StringCollectionGenerator,,C:/Users/ismak/Documents/GitHub/relation_test_code_smell_ML/dataset/projects/guava/android/guava-testlib/src/com/google/common/collect/testing/TestStringCollectionGenerator.java,0,0,1,3,0,0,0,0,0,0,1,1,1,0,0,0,0,0,0,0,0,0,0,0,0,0,0,0,0,0,0,0,0,0,0
guava,common/collect/testing/StringListGenerator,StringListGenerator,,C:/Users/ismak/Documents/GitHub/relation_test_code_smell_ML/dataset/projects/guava/android/guava-testlib/src/com/google/common/collect/testing/TestStringListGenerator.java,0,0,1,3,0,0,0,0,0,0,1,1,1,0,0,0,0,0,0,0,0,0,0,0,0,0,0,0,0,0,0,0,0,0,0
guava,common/collect/testing/StringMapGenerator,StringMapGenerator,,C:/Users/ismak/Documents/GitHub/relation_test_code_smell_ML/dataset/projects/guava/android/guava-testlib/src/com/google/common/collect/testing/TestStringMapGenerator.java,0,0,1,3,0,0,0,0,0,0,1,1,1,0,0,0,0,0,0,0,0,0,0,0,0,0,0,0,0,0,0,0,0,0,0
guava,common/collect/testing/StringQueueGenerator,StringQueueGenerator,,C:/Users/ismak/Documents/GitHub/relation_test_code_smell_ML/dataset/projects/guava/android/guava-testlib/src/com/google/common/collect/testing/TestStringQueueGenerator.java,0,0,1,3,0,0,0,0,0,0,1,1,1,0,0,0,0,0,0,0,0,0,0,0,0,0,0,0,0,0,0,0,0,0,0
guava,common/collect/testing/StringSetGenerator,StringSetGenerator,,C:/Users/ismak/Documents/GitHub/relation_test_code_smell_ML/dataset/projects/guava/android/guava-testlib/src/com/google/common/collect/testing/TestStringSetGenerator.java,0,0,1,3,0,0,0,0,0,0,1,1,1,0,0,0,0,0,0,0,0,0,0,0,0,0,0,0,0,0,0,0,0,0,0
guava,common/collect/testing/StringSortedMapGenerator,StringSortedMapGenerator,,C:/Users/ismak/Documents/GitHub/relation_test_code_smell_ML/dataset/projects/guava/android/guava-testlib/src/com/google/common/collect/testing/TestStringSortedMapGenerator.java,0,0,1,3,0,0,0,0,0,0,1,1,1,0,0,0,0,0,0,0,0,0,0,0,0,0,0,0,0,0,0,0,0,0,0
guava,common/collect/testing/StringSortedSetGenerator,StringSortedSetGenerator,,C:/Users/ismak/Documents/GitHub/relation_test_code_smell_ML/dataset/projects/guava/android/guava-testlib/src/com/google/common/collect/testing/TestStringSortedSetGenerator.java,0,0,1,3,0,0,0,0,0,0,1,1,1,0,0,0,0,0,0,0,0,0,0,0,0,0,0,0,0,0,0,0,0,0,0
guava,common/collect/testing/SubjectGenerator,SubjectGenerator,,C:/Users/ismak/Documents/GitHub/relation_test_code_smell_ML/dataset/projects/guava/android/guava-testlib/src/com/google/common/collect/testing/TestSubjectGenerator.java,0,0,1,3,0,0,0,0,0,0,1,1,1,0,0,0,0,0,0,0,0,0,0,0,0,0,0,0,0,0,0,0,0,0,0
guava,common/collect/testing/TestsForListsInJavaUtil,TestsForListsInJavaUtil,dataset/projects/guava/android/guava-testlib/src/com/google/common/collect/testing/TestsForListsInJavaUtil.java,,1,2,0,0,0,0,0,0,0,2,0,0,0,0,0,0,0,0,0,0,0,0,0,0,0,0,0,0,0,0,0,0,0,0,0
guava,common/collect/testing/TestsForMapsInJavaUtil,TestsForMapsInJavaUtil,dataset/projects/guava/android/guava-testlib/src/com/google/common/collect/testing/TestsForMapsInJavaUtil.java,,1,2,0,0,0,0,0,0,0,2,0,0,0,0,0,0,0,0,0,0,0,0,0,0,0,0,0,0,0,0,0,0,0,0,0
guava,common/collect/testing/TestsForQueuesInJavaUtil,TestsForQueuesInJavaUtil,dataset/projects/guava/android/guava-testlib/src/com/google/common/collect/testing/TestsForQueuesInJavaUtil.java,,1,2,0,0,0,0,0,0,0,2,0,0,0,0,0,0,0,0,0,0,0,0,0,0,0,0,0,0,0,0,0,0,0,0,0
guava,common/collect/testing/TestsForSetsInJavaUtil,TestsForSetsInJavaUtil,dataset/projects/guava/android/guava-testlib/src/com/google/common/collect/testing/TestsForSetsInJavaUtil.java,,1,2,0,0,0,0,0,0,0,2,0,0,0,0,0,0,0,0,0,0,0,0,0,0,0,0,0,0,0,0,0,0,0,0,0
guava,common/collect/testing/UnhashableCollectionGenerator,UnhashableCollectionGenerator,,C:/Users/ismak/Documents/GitHub/relation_test_code_smell_ML/dataset/projects/guava/android/guava-testlib/src/com/google/common/collect/testing/TestUnhashableCollectionGenerator.java,0,0,1,3,0,0,0,0,0,0,1,1,1,0,0,0,0,0,0,0,0,0,0,0,0,0,0,0,0,0,0,0,0,0,0
guava,common/collect/testing/sForListsInJavaUtil,sForListsInJavaUtil,,C:/Users/ismak/Documents/GitHub/relation_test_code_smell_ML/dataset/projects/guava/android/guava-testlib/src/com/google/common/collect/testing/TestsForListsInJavaUtil.java,0,0,1,5,0,0,0,0,0,0,1,1,1,0,0,0,0,0,0,0,0,0,0,0,0,0,0,0,0,0,1,1,0,0,0
guava,common/collect/testing/sForMapsInJavaUtil,sForMapsInJavaUtil,,C:/Users/ismak/Documents/GitHub/relation_test_code_smell_ML/dataset/projects/guava/android/guava-testlib/src/com/google/common/collect/testing/TestsForMapsInJavaUtil.java,0,0,1,4,0,0,0,0,0,0,1,1,1,0,0,0,0,0,0,0,0,0,0,0,0,0,0,0,0,0,1,0,0,0,0
guava,common/collect/testing/sForQueuesInJavaUtil,sForQueuesInJavaUtil,,C:/Users/ismak/Documents/GitHub/relation_test_code_smell_ML/dataset/projects/guava/android/guava-testlib/src/com/google/common/collect/testing/TestsForQueuesInJavaUtil.java,0,0,1,4,0,0,0,0,0,0,1,1,1,0,0,0,0,0,0,0,0,0,0,0,0,0,0,0,0,0,1,0,0,0,0
guava,common/collect/testing/sForSetsInJavaUtil,sForSetsInJavaUtil,,C:/Users/ismak/Documents/GitHub/relation_test_code_smell_ML/dataset/projects/guava/android/guava-testlib/src/com/google/common/collect/testing/TestsForSetsInJavaUtil.java,0,0,1,4,0,0,0,0,0,0,1,1,1,0,0,0,0,0,0,0,0,0,0,0,0,0,0,0,0,0,1,0,0,0,0
guava,common/util/concurrent/AbstractCatchingFuture,AbstractCatchingFuture,dataset/projects/guava/android/guava/src/com/google/common/util/concurrent/AbstractCatchingFuture.java,,1,4,0,0,2,2,0,0,0,0,0,0,0,0,0,0,0,0,0,0,0,0,0,0,0,0,0,0,0,0,0,0,0,0,0
guava,common/util/concurrent/AbstractExecutionThreadService,AbstractExecutionThreadService,dataset/projects/guava/android/guava/src/com/google/common/util/concurrent/AbstractExecutionThreadService.java,,1,2,0,0,0,0,0,0,0,2,0,0,0,0,0,0,0,0,0,0,0,0,0,0,0,0,0,0,0,0,0,0,0,0,0
guava,common/util/concurrent/AbstractFuture,AbstractFuture,dataset/projects/guava/android/guava/src/com/google/common/util/concurrent/AbstractFuture.java,,1,10,0,0,0,6,0,2,0,2,0,0,0,0,0,0,0,0,0,0,0,0,0,0,0,0,0,0,0,0,0,0,0,0,0
guava,common/util/concurrent/AbstractFutureState,AbstractFutureState,dataset/projects/guava/android/guava/src/com/google/common/util/concurrent/AbstractFutureState.java,,1,8,0,0,0,4,0,2,0,2,0,0,0,0,0,0,0,0,0,0,0,0,0,0,0,0,0,0,0,0,0,0,0,0,0
guava,common/util/concurrent/AbstractIdleService,AbstractIdleService,dataset/projects/guava/android/guava/src/com/google/common/util/concurrent/AbstractIdleService.java,,1,2,0,0,0,0,0,0,0,2,0,0,0,0,0,0,0,0,0,0,0,0,0,0,0,0,0,0,0,0,0,0,0,0,0
guava,common/util/concurrent/AbstractScheduledService,AbstractScheduledService,dataset/projects/guava/android/guava/src/com/google/common/util/concurrent/AbstractScheduledService.java,,1,2,0,0,0,0,0,0,0,2,0,0,0,0,0,0,0,0,0,0,0,0,0,0,0,0,0,0,0,0,0,0,0,0,0
guava,common/util/concurrent/AbstractService,AbstractService,dataset/projects/guava/android/guava/src/com/google/common/util/concurrent/AbstractService.java,,1,4,0,0,0,2,0,0,0,2,0,0,0,0,0,0,0,0,0,0,0,0,0,0,0,0,0,0,0,0,0,0,0,0,0
guava,common/util/concurrent/AbstractTransformFuture,AbstractTransformFuture,dataset/projects/guava/android/guava/src/com/google/common/util/concurrent/AbstractTransformFuture.java,,1,2,0,0,2,0,0,0,0,0,0,0,0,0,0,0,0,0,0,0,0,0,0,0,0,0,0,0,0,0,0,0,0,0,0
guava,common/util/concurrent/AggregateFuture,AggregateFuture,dataset/projects/guava/android/guava/src/com/google/common/util/concurrent/AggregateFuture.java,,1,2,0,0,0,0,0,0,0,2,0,0,0,0,0,0,0,0,0,0,0,0,0,0,0,0,0,0,0,0,0,0,0,0,0
guava,common/util/concurrent/AtomicDouble,AtomicDouble,dataset/projects/guava/android/guava/src/com/google/common/util/concurrent/AtomicDouble.java,,1,2,0,0,0,0,0,0,0,2,0,0,0,0,0,0,0,0,0,0,0,0,0,0,0,0,0,0,0,0,0,0,0,0,0
guava,common/util/concurrent/AtomicDoubleArray,AtomicDoubleArray,dataset/projects/guava/guava/src/com/google/common/util/concurrent/AtomicDoubleArray.java,,1,1,0,0,0,0,0,0,0,1,0,0,0,0,0,0,0,0,0,0,0,0,0,0,0,0,0,0,0,0,0,0,0,0,0
guava,common/util/concurrent/AtomicLongMap,AtomicLongMap,dataset/projects/guava/android/guava/src/com/google/common/util/concurrent/AtomicLongMap.java,,1,2,0,0,0,0,0,0,0,2,0,0,0,0,0,0,0,0,0,0,0,0,0,0,0,0,0,0,0,0,0,0,0,0,0
guava,common/util/concurrent/ClosingFuture,ClosingFuture,dataset/projects/guava/android/guava/src/com/google/common/util/concurrent/ClosingFuture.java,,1,8,0,0,2,4,0,0,0,2,0,0,0,0,0,0,0,0,0,0,0,0,0,0,0,0,0,0,0,0,0,0,0,0,0
guava,common/util/concurrent/CycleDetectingLockFactory,CycleDetectingLockFactory,dataset/projects/guava/android/guava/src/com/google/common/util/concurrent/CycleDetectingLockFactory.java,,1,2,0,0,2,0,0,0,0,0,0,0,0,0,0,0,0,0,0,0,0,0,0,0,0,0,0,0,0,0,0,0,0,0,0
guava,common/util/concurrent/ForwardingBlockingDeque,ForwardingBlockingDeque,dataset/projects/guava/android/guava/src/com/google/common/util/concurrent/ForwardingBlockingDeque.java,,1,2,0,0,0,0,0,0,0,2,0,0,0,0,0,0,0,0,0,0,0,0,0,0,0,0,0,0,0,0,0,0,0,0,0
guava,common/util/concurrent/ForwardingExecutorService,ForwardingExecutorService,dataset/projects/guava/android/guava/src/com/google/common/util/concurrent/ForwardingExecutorService.java,,1,2,0,0,0,0,0,0,0,2,0,0,0,0,0,0,0,0,0,0,0,0,0,0,0,0,0,0,0,0,0,0,0,0,0
guava,common/util/concurrent/Futures,Futures,dataset/projects/guava/android/guava/src/com/google/common/util/concurrent/Futures.java,,1,4,0,0,2,0,0,0,0,2,0,0,0,0,0,0,0,0,0,0,0,0,0,0,0,0,0,0,0,0,0,0,0,0,0
guava,common/util/concurrent/FuturesGetChecked,FuturesGetChecked,dataset/projects/guava/guava/src/com/google/common/util/concurrent/FuturesGetChecked.java,,1,1,0,0,0,0,0,0,0,1,0,0,0,0,0,0,0,0,0,0,0,0,0,0,0,0,0,0,0,0,0,0,0,0,0
guava,common/util/concurrent/Monitor,Monitor,dataset/projects/guava/android/guava/src/com/google/common/util/concurrent/Monitor.java,,1,10,0,0,0,6,0,2,0,2,0,0,0,0,0,0,0,0,0,0,0,0,0,0,0,0,0,0,0,0,0,0,0,0,0
guava,common/util/concurrent/MonitorBasedArrayBlockingQueue,MonitorBasedArrayBlockingQueue,dataset/projects/guava/android/guava-tests/benchmark/com/google/common/util/concurrent/MonitorBasedArrayBlockingQueue.java,,1,2,0,0,0,0,0,0,0,2,0,0,0,0,0,0,0,0,0,0,0,0,0,0,0,0,0,0,0,0,0,0,0,0,0
guava,common/util/concurrent/MonitorBasedPriorityBlockingQueue,MonitorBasedPriorityBlockingQueue,dataset/projects/guava/android/guava-tests/benchmark/com/google/common/util/concurrent/MonitorBasedPriorityBlockingQueue.java,,1,2,0,0,0,0,0,0,0,2,0,0,0,0,0,0,0,0,0,0,0,0,0,0,0,0,0,0,0,0,0,0,0,0,0
guava,common/util/concurrent/MoreExecutors,MoreExecutors,dataset/projects/guava/android/guava/src/com/google/common/util/concurrent/MoreExecutors.java,,1,8,0,0,2,2,0,2,0,2,0,0,0,0,0,0,0,0,0,0,0,0,0,0,0,0,0,0,0,0,0,0,0,0,0
guava,common/util/concurrent/RateLimiter,RateLimiter,dataset/projects/guava/android/guava/src/com/google/common/util/concurrent/RateLimiter.java,,1,2,0,0,0,0,0,0,0,2,0,0,0,0,0,0,0,0,0,0,0,0,0,0,0,0,0,0,0,0,0,0,0,0,0
guava,common/util/concurrent/SequentialExecutor,SequentialExecutor,dataset/projects/guava/android/guava/src/com/google/common/util/concurrent/SequentialExecutor.java,,1,2,0,0,0,2,0,0,0,0,0,0,0,0,0,0,0,0,0,0,0,0,0,0,0,0,0,0,0,0,0,0,0,0,0
guava,common/util/concurrent/Service,Service,dataset/projects/guava/guava/src/com/google/common/util/concurrent/Service.java,,1,1,0,0,0,0,0,0,0,1,0,0,0,0,0,0,0,0,0,0,0,0,0,0,0,0,0,0,0,0,0,0,0,0,0
guava,common/util/concurrent/ServiceManager,ServiceManager,dataset/projects/guava/android/guava/src/com/google/common/util/concurrent/ServiceManager.java,,1,6,0,0,2,0,0,0,0,4,0,0,0,0,0,0,0,0,0,0,0,0,0,0,0,0,0,0,0,0,0,0,0,0,0
guava,common/util/concurrent/SimpleTimeLimiter,SimpleTimeLimiter,dataset/projects/guava/android/guava/src/com/google/common/util/concurrent/SimpleTimeLimiter.java,,1,4,0,0,0,0,0,2,0,2,0,0,0,0,0,0,0,0,0,0,0,0,0,0,0,0,0,0,0,0,0,0,0,0,0
guava,common/util/concurrent/Striped,Striped,dataset/projects/guava/android/guava/src/com/google/common/util/concurrent/Striped.java,,1,4,0,0,2,0,0,0,0,2,0,0,0,0,0,0,0,0,0,0,0,0,0,0,0,0,0,0,0,0,0,0,0,0,0
guava,common/util/concurrent/Uninterruptibles,Uninterruptibles,dataset/projects/guava/android/guava/src/com/google/common/util/concurrent/Uninterruptibles.java,,1,2,0,0,0,0,0,0,0,2,0,0,0,0,0,0,0,0,0,0,0,0,0,0,0,0,0,0,0,0,0,0,0,0,0
guava,common/util/concurrent/WrappingExecutorService,WrappingExecutorService,dataset/projects/guava/android/guava/src/com/google/common/util/concurrent/WrappingExecutorService.java,,1,4,0,0,2,0,0,0,0,2,0,0,0,0,0,0,0,0,0,0,0,0,0,0,0,0,0,0,0,0,0,0,0,0,0
guava,google/common/base/Absent,Absent,dataset/projects/guava/android/guava/src/com/google/common/base/Absent.java,,1,2,0,0,0,0,0,0,0,2,0,0,0,0,0,0,0,0,0,0,0,0,0,0,0,0,0,0,0,0,0,0,0,0,0
guava,google/common/base/AsciiBenchmark,AsciiBenchmark,dataset/projects/guava/android/guava-tests/benchmark/com/google/common/base/AsciiBenchmark.java,,1,2,0,0,0,0,0,0,0,2,0,0,0,0,0,0,0,0,0,0,0,0,0,0,0,0,0,0,0,0,0,0,0,0,0
guava,google/common/base/CharMatcher,CharMatcher,dataset/projects/guava/android/guava/src/com/google/common/base/CharMatcher.java,,1,12,0,0,0,4,0,2,0,6,0,0,0,0,0,0,0,0,0,0,0,0,0,0,0,0,0,0,0,0,0,0,0,0,0
guava,google/common/base/Converter,Converter,dataset/projects/guava/android/guava/src/com/google/common/base/Converter.java,,1,2,0,0,0,0,0,0,0,2,0,0,0,0,0,0,0,0,0,0,0,0,0,0,0,0,0,0,0,0,0,0,0,0,0
guava,google/common/base/Defaults,Defaults,dataset/projects/guava/android/guava/src/com/google/common/base/Defaults.java,,1,2,0,0,0,2,0,0,0,0,0,0,0,0,0,0,0,0,0,0,0,0,0,0,0,0,0,0,0,0,0,0,0,0,0
guava,google/common/base/Equivalence,Equivalence,dataset/projects/guava/android/guava/src/com/google/common/base/Equivalence.java,,1,2,0,0,0,0,0,0,0,2,0,0,0,0,0,0,0,0,0,0,0,0,0,0,0,0,0,0,0,0,0,0,0,0,0
guava,google/common/base/Functions,Functions,dataset/projects/guava/android/guava/src/com/google/common/base/Functions.java,,1,2,0,0,2,0,0,0,0,0,0,0,0,0,0,0,0,0,0,0,0,0,0,0,0,0,0,0,0,0,0,0,0,0,0
guava,google/common/base/Joiner,Joiner,dataset/projects/guava/android/guava/src/com/google/common/base/Joiner.java,,1,2,0,0,0,0,0,0,0,2,0,0,0,0,0,0,0,0,0,0,0,0,0,0,0,0,0,0,0,0,0,0,0,0,0
guava,google/common/base/MoreObjects,MoreObjects,dataset/projects/guava/android/guava/src/com/google/common/base/MoreObjects.java,,1,3,0,0,0,1,0,0,0,2,0,0,0,0,0,0,0,0,0,0,0,0,0,0,0,0,0,0,0,0,0,0,0,0,0
guava,google/common/base/Optional,Optional,dataset/projects/guava/android/guava/src/com/google/common/base/Optional.java,,1,2,0,0,0,0,0,0,0,2,0,0,0,0,0,0,0,0,0,0,0,0,0,0,0,0,0,0,0,0,0,0,0,0,0
guava,google/common/base/Platform,Platform,dataset/projects/guava/android/guava/src/com/google/common/base/Platform.java,,1,2,0,0,0,0,0,0,0,2,0,0,0,0,0,0,0,0,0,0,0,0,0,0,0,0,0,0,0,0,0,0,0,0,0
guava,google/common/base/Preconditions,Preconditions,dataset/projects/guava/android/guava/src/com/google/common/base/Preconditions.java,,1,4,0,0,0,2,0,0,0,2,0,0,0,0,0,0,0,0,0,0,0,0,0,0,0,0,0,0,0,0,0,0,0,0,0
guava,google/common/base/Predicates,Predicates,dataset/projects/guava/android/guava/src/com/google/common/base/Predicates.java,,1,4,0,0,2,0,0,0,0,2,0,0,0,0,0,0,0,0,0,0,0,0,0,0,0,0,0,0,0,0,0,0,0,0,0
guava,google/common/base/Splitter,Splitter,dataset/projects/guava/android/guava/src/com/google/common/base/Splitter.java,,1,4,0,0,0,2,0,0,0,2,0,0,0,0,0,0,0,0,0,0,0,0,0,0,0,0,0,0,0,0,0,0,0,0,0
guava,google/common/base/Stopwatch,Stopwatch,dataset/projects/guava/android/guava/src/com/google/common/base/Stopwatch.java,,1,2,0,0,0,0,0,0,0,2,0,0,0,0,0,0,0,0,0,0,0,0,0,0,0,0,0,0,0,0,0,0,0,0,0
guava,google/common/base/Suppliers,Suppliers,dataset/projects/guava/android/guava/src/com/google/common/base/Suppliers.java,,1,2,0,0,2,0,0,0,0,0,0,0,0,0,0,0,0,0,0,0,0,0,0,0,0,0,0,0,0,0,0,0,0,0,0
guava,google/common/base/Throwables,Throwables,dataset/projects/guava/android/guava/src/com/google/common/base/Throwables.java,,1,4,0,0,0,0,0,2,0,2,0,0,0,0,0,0,0,0,0,0,0,0,0,0,0,0,0,0,0,0,0,0,0,0,0
guava,google/common/base/Utf8,Utf8,dataset/projects/guava/android/guava/src/com/google/common/base/Utf8.java,,1,2,0,0,0,2,0,0,0,0,0,0,0,0,0,0,0,0,0,0,0,0,0,0,0,0,0,0,0,0,0,0,0,0,0
guava,google/common/base/Verify,Verify,dataset/projects/guava/android/guava/src/com/google/common/base/Verify.java,,1,2,0,0,0,0,0,0,0,2,0,0,0,0,0,0,0,0,0,0,0,0,0,0,0,0,0,0,0,0,0,0,0,0,0
guava,google/common/cache/CacheBuilder,CacheBuilder,dataset/projects/guava/android/guava/src/com/google/common/cache/CacheBuilder.java,,1,8,0,0,2,2,0,0,2,2,0,0,0,0,0,0,0,0,0,0,0,0,0,0,0,0,0,0,0,0,0,0,0,0,0
guava,google/common/cache/CacheBuilderSpec,CacheBuilderSpec,dataset/projects/guava/android/guava/src/com/google/common/cache/CacheBuilderSpec.java,,1,4,0,0,0,4,0,0,0,0,0,0,0,0,0,0,0,0,0,0,0,0,0,0,0,0,0,0,0,0,0,0,0,0,0
guava,google/common/cache/CacheStats,CacheStats,dataset/projects/guava/android/guava/src/com/google/common/cache/CacheStats.java,,1,2,0,0,0,0,0,0,0,2,0,0,0,0,0,0,0,0,0,0,0,0,0,0,0,0,0,0,0,0,0,0,0,0,0
guava,google/common/cache/LocalCache,LocalCache,dataset/projects/guava/android/guava/src/com/google/common/cache/LocalCache.java,,1,29,0,0,3,17,0,2,0,7,0,0,0,0,0,0,0,0,0,0,0,0,0,0,0,0,0,0,0,0,0,0,0,0,0
guava,google/common/cache/LongAdder,LongAdder,dataset/projects/guava/android/guava/src/com/google/common/cache/LongAdder.java,,1,1,0,0,0,0,0,0,0,1,0,0,0,0,0,0,0,0,0,0,0,0,0,0,0,0,0,0,0,0,0,0,0,0,0
guava,google/common/cache/Striped64,Striped64,dataset/projects/guava/android/guava/src/com/google/common/cache/Striped64.java,,1,1,0,0,0,1,0,0,0,0,0,0,0,0,0,0,0,0,0,0,0,0,0,0,0,0,0,0,0,0,0,0,0,0,0
guava,google/common/collect/AbstractBiMap,AbstractBiMap,dataset/projects/guava/android/guava/src/com/google/common/collect/AbstractBiMap.java,,1,4,0,0,2,0,0,0,0,2,0,0,0,0,0,0,0,0,0,0,0,0,0,0,0,0,0,0,0,0,0,0,0,0,0
guava,google/common/collect/AbstractMapBasedMultimap,AbstractMapBasedMultimap,dataset/projects/guava/android/guava/src/com/google/common/collect/AbstractMapBasedMultimap.java,,1,16,0,0,2,0,0,2,0,12,0,0,0,0,0,0,0,0,0,0,0,0,0,0,0,0,0,0,0,0,0,0,0,0,0
guava,google/common/collect/AbstractMapBasedMultiset,AbstractMapBasedMultiset,dataset/projects/guava/android/guava/src/com/google/common/collect/AbstractMapBasedMultiset.java,,1,2,0,0,0,0,0,0,0,2,0,0,0,0,0,0,0,0,0,0,0,0,0,0,0,0,0,0,0,0,0,0,0,0,0
guava,google/common/collect/AbstractMultimap,AbstractMultimap,dataset/projects/guava/android/guava/src/com/google/common/collect/AbstractMultimap.java,,1,2,0,0,0,0,0,0,0,2,0,0,0,0,0,0,0,0,0,0,0,0,0,0,0,0,0,0,0,0,0,0,0,0,0
guava,google/common/collect/AbstractMultiset,AbstractMultiset,dataset/projects/guava/android/guava/src/com/google/common/collect/AbstractMultiset.java,,1,2,0,0,0,0,0,0,0,2,0,0,0,0,0,0,0,0,0,0,0,0,0,0,0,0,0,0,0,0,0,0,0,0,0
guava,google/common/collect/AbstractNavigableMap,AbstractNavigableMap,dataset/projects/guava/android/guava/src/com/google/common/collect/AbstractNavigableMap.java,,1,2,0,0,0,0,0,0,0,2,0,0,0,0,0,0,0,0,0,0,0,0,0,0,0,0,0,0,0,0,0,0,0,0,0
guava,google/common/collect/AbstractRangeSet,AbstractRangeSet,dataset/projects/guava/android/guava/src/com/google/common/collect/AbstractRangeSet.java,,1,2,0,0,0,0,0,0,0,2,0,0,0,0,0,0,0,0,0,0,0,0,0,0,0,0,0,0,0,0,0,0,0,0,0
guava,google/common/collect/AbstractSortedMultiset,AbstractSortedMultiset,dataset/projects/guava/android/guava/src/com/google/common/collect/AbstractSortedMultiset.java,,1,3,0,0,0,0,0,0,0,3,0,0,0,0,0,0,0,0,0,0,0,0,0,0,0,0,0,0,0,0,0,0,0,0,0
guava,google/common/collect/AbstractTable,AbstractTable,dataset/projects/guava/android/guava/src/com/google/common/collect/AbstractTable.java,,1,2,0,0,0,0,0,0,0,2,0,0,0,0,0,0,0,0,0,0,0,0,0,0,0,0,0,0,0,0,0,0,0,0,0
guava,google/common/collect/ArrayTable,ArrayTable,dataset/projects/guava/android/guava/src/com/google/common/collect/ArrayTable.java,,1,6,0,0,2,0,0,2,0,2,0,0,0,0,0,0,0,0,0,0,0,0,0,0,0,0,0,0,0,0,0,0,0,0,0
guava,google/common/collect/CollectCollectors,CollectCollectors,dataset/projects/guava/android/guava/src/com/google/common/collect/CollectCollectors.java,,1,4,0,0,2,0,0,0,0,2,0,0,0,0,0,0,0,0,0,0,0,0,0,0,0,0,0,0,0,0,0,0,0,0,0
guava,google/common/collect/CollectSpliterators,CollectSpliterators,dataset/projects/guava/android/guava/src/com/google/common/collect/CollectSpliterators.java,,1,2,0,0,2,0,0,0,0,0,0,0,0,0,0,0,0,0,0,0,0,0,0,0,0,0,0,0,0,0,0,0,0,0,0
guava,google/common/collect/Collections2,Collections2,dataset/projects/guava/android/guava/src/com/google/common/collect/Collections2.java,,1,6,0,0,2,0,0,0,0,4,0,0,0,0,0,0,0,0,0,0,0,0,0,0,0,0,0,0,0,0,0,0,0,0,0
guava,google/common/collect/CompactHashMap,CompactHashMap,dataset/projects/guava/android/guava/src/com/google/common/collect/CompactHashMap.java,,1,9,0,0,1,4,0,2,0,2,0,0,0,0,0,0,0,0,0,0,0,0,0,0,0,0,0,0,0,0,0,0,0,0,0
guava,google/common/collect/CompactHashSet,CompactHashSet,dataset/projects/guava/android/guava/src/com/google/common/collect/CompactHashSet.java,,1,6,0,0,0,4,0,0,0,2,0,0,0,0,0,0,0,0,0,0,0,0,0,0,0,0,0,0,0,0,0,0,0,0,0
guava,google/common/collect/CompactLinkedHashMap,CompactLinkedHashMap,dataset/projects/guava/android/guava/src/com/google/common/collect/CompactLinkedHashMap.java,,1,2,0,0,0,0,0,0,0,2,0,0,0,0,0,0,0,0,0,0,0,0,0,0,0,0,0,0,0,0,0,0,0,0,0
guava,google/common/collect/CompactLinkedHashSet,CompactLinkedHashSet,dataset/projects/guava/android/guava/src/com/google/common/collect/CompactLinkedHashSet.java,,1,2,0,0,0,0,0,0,0,2,0,0,0,0,0,0,0,0,0,0,0,0,0,0,0,0,0,0,0,0,0,0,0,0,0
guava,google/common/collect/Comparators,Comparators,dataset/projects/guava/android/guava/src/com/google/common/collect/Comparators.java,,1,4,0,0,2,0,0,0,0,2,0,0,0,0,0,0,0,0,0,0,0,0,0,0,0,0,0,0,0,0,0,0,0,0,0
guava,google/common/collect/ComparisonChain,ComparisonChain,dataset/projects/guava/android/guava/src/com/google/common/collect/ComparisonChain.java,,1,2,0,0,0,0,0,0,0,2,0,0,0,0,0,0,0,0,0,0,0,0,0,0,0,0,0,0,0,0,0,0,0,0,0
guava,google/common/collect/ConcurrentHashMultiset,ConcurrentHashMultiset,dataset/projects/guava/android/guava/src/com/google/common/collect/ConcurrentHashMultiset.java,,1,8,0,0,0,4,0,2,0,2,0,0,0,0,0,0,0,0,0,0,0,0,0,0,0,0,0,0,0,0,0,0,0,0,0
guava,google/common/collect/ConcurrentHashMultisetBenchmark,ConcurrentHashMultisetBenchmark,dataset/projects/guava/android/guava-tests/benchmark/com/google/common/collect/ConcurrentHashMultisetBenchmark.java,,1,4,0,0,2,0,0,0,0,2,0,0,0,0,0,0,0,0,0,0,0,0,0,0,0,0,0,0,0,0,0,0,0,0,0
guava,google/common/collect/ContiguousSet,ContiguousSet,dataset/projects/guava/android/guava/src/com/google/common/collect/ContiguousSet.java,,1,2,0,0,0,0,0,0,0,2,0,0,0,0,0,0,0,0,0,0,0,0,0,0,0,0,0,0,0,0,0,0,0,0,0
guava,google/common/collect/Cut,Cut,dataset/projects/guava/android/guava/src/com/google/common/collect/Cut.java,,1,8,0,0,0,0,0,0,0,8,0,0,0,0,0,0,0,0,0,0,0,0,0,0,0,0,0,0,0,0,0,0,0,0,0
guava,google/common/collect/DenseImmutableTable,DenseImmutableTable,dataset/projects/guava/android/guava/src/com/google/common/collect/DenseImmutableTable.java,,1,2,0,0,2,0,0,0,0,0,0,0,0,0,0,0,0,0,0,0,0,0,0,0,0,0,0,0,0,0,0,0,0,0,0
guava,google/common/collect/DescendingImmutableSortedSet,DescendingImmutableSortedSet,dataset/projects/guava/android/guava/src/com/google/common/collect/DescendingImmutableSortedSet.java,,1,2,0,0,0,0,0,0,0,2,0,0,0,0,0,0,0,0,0,0,0,0,0,0,0,0,0,0,0,0,0,0,0,0,0
guava,google/common/collect/DescendingMultiset,DescendingMultiset,dataset/projects/guava/android/guava/src/com/google/common/collect/DescendingMultiset.java,,1,3,0,0,0,0,0,0,0,3,0,0,0,0,0,0,0,0,0,0,0,0,0,0,0,0,0,0,0,0,0,0,0,0,0
guava,google/common/collect/EmptyContiguousSet,EmptyContiguousSet,dataset/projects/guava/android/guava/src/com/google/common/collect/EmptyContiguousSet.java,,1,2,0,0,0,0,0,0,0,2,0,0,0,0,0,0,0,0,0,0,0,0,0,0,0,0,0,0,0,0,0,0,0,0,0
guava,google/common/collect/EnumMultiset,EnumMultiset,dataset/projects/guava/android/guava/src/com/google/common/collect/EnumMultiset.java,,1,2,0,0,0,0,0,0,0,2,0,0,0,0,0,0,0,0,0,0,0,0,0,0,0,0,0,0,0,0,0,0,0,0,0
guava,google/common/collect/FilteredEntryMultimap,FilteredEntryMultimap,dataset/projects/guava/android/guava/src/com/google/common/collect/FilteredEntryMultimap.java,,1,4,0,0,2,0,0,0,0,2,0,0,0,0,0,0,0,0,0,0,0,0,0,0,0,0,0,0,0,0,0,0,0,0,0
guava,google/common/collect/FilteredKeyMultimap,FilteredKeyMultimap,dataset/projects/guava/android/guava/src/com/google/common/collect/FilteredKeyMultimap.java,,1,2,0,0,0,0,0,0,0,2,0,0,0,0,0,0,0,0,0,0,0,0,0,0,0,0,0,0,0,0,0,0,0,0,0
guava,google/common/collect/FluentIterable,FluentIterable,dataset/projects/guava/android/guava/src/com/google/common/collect/FluentIterable.java,,1,4,0,0,2,0,0,0,0,2,0,0,0,0,0,0,0,0,0,0,0,0,0,0,0,0,0,0,0,0,0,0,0,0,0
guava,google/common/collect/ForwardingBlockingDeque,ForwardingBlockingDeque,dataset/projects/guava/android/guava/src/com/google/common/collect/ForwardingBlockingDeque.java,,1,2,0,0,0,0,0,0,0,2,0,0,0,0,0,0,0,0,0,0,0,0,0,0,0,0,0,0,0,0,0,0,0,0,0
guava,google/common/collect/ForwardingCollection,ForwardingCollection,dataset/projects/guava/android/guava/src/com/google/common/collect/ForwardingCollection.java,,1,2,0,0,0,0,0,0,0,2,0,0,0,0,0,0,0,0,0,0,0,0,0,0,0,0,0,0,0,0,0,0,0,0,0
guava,google/common/collect/ForwardingDeque,ForwardingDeque,dataset/projects/guava/android/guava/src/com/google/common/collect/ForwardingDeque.java,,1,2,0,0,0,0,0,0,0,2,0,0,0,0,0,0,0,0,0,0,0,0,0,0,0,0,0,0,0,0,0,0,0,0,0
guava,google/common/collect/ForwardingImmutableList,ForwardingImmutableList,dataset/projects/guava/guava-gwt/src-super/com/google/common/collect/super/com/google/common/collect/ForwardingImmutableList.java,,1,1,0,0,0,0,0,0,0,1,0,0,0,0,0,0,0,0,0,0,0,0,0,0,0,0,0,0,0,0,0,0,0,0,0
guava,google/common/collect/ForwardingList,ForwardingList,dataset/projects/guava/android/guava/src/com/google/common/collect/ForwardingList.java,,1,2,0,0,0,0,0,0,0,2,0,0,0,0,0,0,0,0,0,0,0,0,0,0,0,0,0,0,0,0,0,0,0,0,0
guava,google/common/collect/ForwardingMap,ForwardingMap,dataset/projects/guava/android/guava/src/com/google/common/collect/ForwardingMap.java,,1,2,0,0,0,0,0,0,0,2,0,0,0,0,0,0,0,0,0,0,0,0,0,0,0,0,0,0,0,0,0,0,0,0,0
guava,google/common/collect/ForwardingMultimap,ForwardingMultimap,dataset/projects/guava/android/guava/src/com/google/common/collect/ForwardingMultimap.java,,1,2,0,0,0,0,0,0,0,2,0,0,0,0,0,0,0,0,0,0,0,0,0,0,0,0,0,0,0,0,0,0,0,0,0
guava,google/common/collect/ForwardingMultiset,ForwardingMultiset,dataset/projects/guava/android/guava/src/com/google/common/collect/ForwardingMultiset.java,,1,2,0,0,0,0,0,0,0,2,0,0,0,0,0,0,0,0,0,0,0,0,0,0,0,0,0,0,0,0,0,0,0,0,0
guava,google/common/collect/ForwardingNavigableMap,ForwardingNavigableMap,dataset/projects/guava/android/guava/src/com/google/common/collect/ForwardingNavigableMap.java,,1,2,0,0,0,0,0,0,0,2,0,0,0,0,0,0,0,0,0,0,0,0,0,0,0,0,0,0,0,0,0,0,0,0,0
guava,google/common/collect/ForwardingNavigableSet,ForwardingNavigableSet,dataset/projects/guava/android/guava/src/com/google/common/collect/ForwardingNavigableSet.java,,1,2,0,0,0,0,0,0,0,2,0,0,0,0,0,0,0,0,0,0,0,0,0,0,0,0,0,0,0,0,0,0,0,0,0
guava,google/common/collect/ForwardingSortedMultiset,ForwardingSortedMultiset,dataset/projects/guava/android/guava/src/com/google/common/collect/ForwardingSortedMultiset.java,,1,3,0,0,0,0,0,0,0,3,0,0,0,0,0,0,0,0,0,0,0,0,0,0,0,0,0,0,0,0,0,0,0,0,0
guava,google/common/collect/ForwardingTable,ForwardingTable,dataset/projects/guava/android/guava/src/com/google/common/collect/ForwardingTable.java,,1,2,0,0,0,0,0,0,0,2,0,0,0,0,0,0,0,0,0,0,0,0,0,0,0,0,0,0,0,0,0,0,0,0,0
guava,google/common/collect/GeneralRange,GeneralRange,dataset/projects/guava/android/guava/src/com/google/common/collect/GeneralRange.java,,1,6,0,0,0,2,0,2,0,2,0,0,0,0,0,0,0,0,0,0,0,0,0,0,0,0,0,0,0,0,0,0,0,0,0
guava,google/common/collect/HashBiMap,HashBiMap,dataset/projects/guava/android/guava/src/com/google/common/collect/HashBiMap.java,,1,9,0,0,2,1,0,1,1,4,0,0,0,0,0,0,0,0,0,0,0,0,0,0,0,0,0,0,0,0,0,0,0,0,0
guava,google/common/collect/ImmutableBiMap,ImmutableBiMap,dataset/projects/guava/android/guava/src/com/google/common/collect/ImmutableBiMap.java,,1,21,0,0,3,0,15,0,0,3,0,0,0,0,0,0,0,0,0,0,0,0,0,0,0,0,0,0,0,0,0,0,0,0,0
guava,google/common/collect/ImmutableCollection,ImmutableCollection,dataset/projects/guava/android/guava/src/com/google/common/collect/ImmutableCollection.java,,1,2,0,0,0,0,0,0,0,2,0,0,0,0,0,0,0,0,0,0,0,0,0,0,0,0,0,0,0,0,0,0,0,0,0
guava,google/common/collect/ImmutableEnumMap,ImmutableEnumMap,dataset/projects/guava/guava/src/com/google/common/collect/ImmutableEnumMap.java,,1,1,0,0,0,0,0,0,0,1,0,0,0,0,0,0,0,0,0,0,0,0,0,0,0,0,0,0,0,0,0,0,0,0,0
guava,google/common/collect/ImmutableEnumSet,ImmutableEnumSet,dataset/projects/guava/guava/src/com/google/common/collect/ImmutableEnumSet.java,,1,1,0,0,0,0,0,0,0,1,0,0,0,0,0,0,0,0,0,0,0,0,0,0,0,0,0,0,0,0,0,0,0,0,0
guava,google/common/collect/ImmutableList,ImmutableList,dataset/projects/guava/android/guava/src/com/google/common/collect/ImmutableList.java,,1,14,0,0,3,0,6,2,0,3,0,0,0,0,0,0,0,0,0,0,0,0,0,0,0,0,0,0,0,0,0,0,0,0,0
guava,google/common/collect/ImmutableListMultimap,ImmutableListMultimap,dataset/projects/guava/android/guava/src/com/google/common/collect/ImmutableListMultimap.java,,1,6,0,0,2,0,0,0,0,4,0,0,0,0,0,0,0,0,0,0,0,0,0,0,0,0,0,0,0,0,0,0,0,0,0
guava,google/common/collect/ImmutableMap,ImmutableMap,dataset/projects/guava/android/guava/src/com/google/common/collect/ImmutableMap.java,,1,29,0,0,3,2,15,3,0,6,0,0,0,0,0,0,0,0,0,0,0,0,0,0,0,0,0,0,0,0,0,0,0,0,0
guava,google/common/collect/ImmutableMultimap,ImmutableMultimap,dataset/projects/guava/android/guava/src/com/google/common/collect/ImmutableMultimap.java,,1,8,0,0,2,0,0,2,0,4,0,0,0,0,0,0,0,0,0,0,0,0,0,0,0,0,0,0,0,0,0,0,0,0,0
guava,google/common/collect/ImmutableMultiset,ImmutableMultiset,dataset/projects/guava/android/guava/src/com/google/common/collect/ImmutableMultiset.java,,1,4,0,0,2,0,0,0,0,2,0,0,0,0,0,0,0,0,0,0,0,0,0,0,0,0,0,0,0,0,0,0,0,0,0
guava,google/common/collect/ImmutableRangeMap,ImmutableRangeMap,dataset/projects/guava/android/guava/src/com/google/common/collect/ImmutableRangeMap.java,,1,4,0,0,2,0,0,0,0,2,0,0,0,0,0,0,0,0,0,0,0,0,0,0,0,0,0,0,0,0,0,0,0,0,0
guava,google/common/collect/ImmutableRangeSet,ImmutableRangeSet,dataset/projects/guava/android/guava/src/com/google/common/collect/ImmutableRangeSet.java,,1,8,0,0,2,0,0,2,0,4,0,0,0,0,0,0,0,0,0,0,0,0,0,0,0,0,0,0,0,0,0,0,0,0,0
guava,google/common/collect/ImmutableSet,ImmutableSet,dataset/projects/guava/android/guava/src/com/google/common/collect/ImmutableSet.java,,1,8,0,0,3,1,0,1,0,3,0,0,0,0,0,0,0,0,0,0,0,0,0,0,0,0,0,0,0,0,0,0,0,0,0
guava,google/common/collect/ImmutableSetHashFloodingDetectionBenchmark,ImmutableSetHashFloodingDetectionBenchmark,dataset/projects/guava/guava-tests/benchmark/com/google/common/collect/ImmutableSetHashFloodingDetectionBenchmark.java,,1,2,0,0,0,2,0,0,0,0,0,0,0,0,0,0,0,0,0,0,0,0,0,0,0,0,0,0,0,0,0,0,0,0,0
guava,google/common/collect/ImmutableSetMultimap,ImmutableSetMultimap,dataset/projects/guava/android/guava/src/com/google/common/collect/ImmutableSetMultimap.java,,1,10,0,0,2,2,0,2,0,4,0,0,0,0,0,0,0,0,0,0,0,0,0,0,0,0,0,0,0,0,0,0,0,0,0
guava,google/common/collect/ImmutableSortedMap,ImmutableSortedMap,dataset/projects/guava/android/guava/src/com/google/common/collect/ImmutableSortedMap.java,,1,35,0,0,3,2,25,2,0,3,0,0,0,0,0,0,0,0,0,0,0,0,0,0,0,0,0,0,0,0,0,0,0,0,0
guava,google/common/collect/ImmutableSortedMultiset,ImmutableSortedMultiset,dataset/projects/guava/android/guava/src/com/google/common/collect/ImmutableSortedMultiset.java,,1,6,0,0,2,0,0,2,0,2,0,0,0,0,0,0,0,0,0,0,0,0,0,0,0,0,0,0,0,0,0,0,0,0,0
guava,google/common/collect/ImmutableSortedSet,ImmutableSortedSet,dataset/projects/guava/android/guava/src/com/google/common/collect/ImmutableSortedSet.java,,1,10,0,0,3,2,0,2,0,3,0,0,0,0,0,0,0,0,0,0,0,0,0,0,0,0,0,0,0,0,0,0,0,0,0
guava,google/common/collect/ImmutableTable,ImmutableTable,dataset/projects/guava/android/guava/src/com/google/common/collect/ImmutableTable.java,,1,4,0,0,2,0,0,0,0,2,0,0,0,0,0,0,0,0,0,0,0,0,0,0,0,0,0,0,0,0,0,0,0,0,0
guava,google/common/collect/Iterables,Iterables,dataset/projects/guava/android/guava/src/com/google/common/collect/Iterables.java,,1,5,0,0,2,1,0,0,0,2,0,0,0,0,0,0,0,0,0,0,0,0,0,0,0,0,0,0,0,0,0,0,0,0,0
guava,google/common/collect/IteratorBenchmark,IteratorBenchmark,dataset/projects/guava/guava-tests/benchmark/com/google/common/collect/IteratorBenchmark.java,,1,1,0,0,0,0,0,0,0,1,0,0,0,0,0,0,0,0,0,0,0,0,0,0,0,0,0,0,0,0,0,0,0,0,0
guava,google/common/collect/Iterators,Iterators,dataset/projects/guava/android/guava/src/com/google/common/collect/Iterators.java,,1,8,0,0,2,2,0,2,0,2,0,0,0,0,0,0,0,0,0,0,0,0,0,0,0,0,0,0,0,0,0,0,0,0,0
guava,google/common/collect/JdkBackedImmutableMap,JdkBackedImmutableMap,dataset/projects/guava/guava/src/com/google/common/collect/JdkBackedImmutableMap.java,,1,1,0,0,0,1,0,0,0,0,0,0,0,0,0,0,0,0,0,0,0,0,0,0,0,0,0,0,0,0,0,0,0,0,0
guava,google/common/collect/LinkedHashMultimap,LinkedHashMultimap,dataset/projects/guava/android/guava/src/com/google/common/collect/LinkedHashMultimap.java,,1,5,0,0,1,0,0,0,0,4,0,0,0,0,0,0,0,0,0,0,0,0,0,0,0,0,0,0,0,0,0,0,0,0,0
guava,google/common/collect/LinkedListMultimap,LinkedListMultimap,dataset/projects/guava/android/guava/src/com/google/common/collect/LinkedListMultimap.java,,1,6,0,0,2,0,0,2,0,2,0,0,0,0,0,0,0,0,0,0,0,0,0,0,0,0,0,0,0,0,0,0,0,0,0
guava,google/common/collect/Lists,Lists,dataset/projects/guava/android/guava/src/com/google/common/collect/Lists.java,,1,6,0,0,2,0,0,2,0,2,0,0,0,0,0,0,0,0,0,0,0,0,0,0,0,0,0,0,0,0,0,0,0,0,0
guava,google/common/collect/MapMakerInternalMap,MapMakerInternalMap,dataset/projects/guava/android/guava/src/com/google/common/collect/MapMakerInternalMap.java,,1,16,0,0,2,6,0,4,0,4,0,0,0,0,0,0,0,0,0,0,0,0,0,0,0,0,0,0,0,0,0,0,0,0,0
guava,google/common/collect/Maps,Maps,dataset/projects/guava/android/guava/src/com/google/common/collect/Maps.java,,1,20,0,0,2,2,0,2,0,14,0,0,0,0,0,0,0,0,0,0,0,0,0,0,0,0,0,0,0,0,0,0,0,0,0
guava,google/common/collect/MinMaxPriorityQueue,MinMaxPriorityQueue,dataset/projects/guava/android/guava/src/com/google/common/collect/MinMaxPriorityQueue.java,,1,6,0,0,0,0,0,2,0,4,0,0,0,0,0,0,0,0,0,0,0,0,0,0,0,0,0,0,0,0,0,0,0,0,0
guava,google/common/collect/Multimap,Multimap,dataset/projects/guava/android/guava/src/com/google/common/collect/Multimap.java,,1,2,0,0,0,0,0,0,0,2,0,0,0,0,0,0,0,0,0,0,0,0,0,0,0,0,0,0,0,0,0,0,0,0,0
guava,google/common/collect/MultimapBuilder,MultimapBuilder,dataset/projects/guava/android/guava/src/com/google/common/collect/MultimapBuilder.java,,1,4,0,0,2,0,0,0,0,2,0,0,0,0,0,0,0,0,0,0,0,0,0,0,0,0,0,0,0,0,0,0,0,0,0
guava,google/common/collect/Multimaps,Multimaps,dataset/projects/guava/android/guava/src/com/google/common/collect/Multimaps.java,,1,13,0,0,2,0,0,2,0,9,0,0,0,0,0,0,0,0,0,0,0,0,0,0,0,0,0,0,0,0,0,0,0,0,0
guava,google/common/collect/Multiset,Multiset,dataset/projects/guava/android/guava/src/com/google/common/collect/Multiset.java,,1,2,0,0,0,0,0,0,0,2,0,0,0,0,0,0,0,0,0,0,0,0,0,0,0,0,0,0,0,0,0,0,0,0,0
guava,google/common/collect/Multisets,Multisets,dataset/projects/guava/android/guava/src/com/google/common/collect/Multisets.java,,1,8,0,0,2,0,0,2,0,4,0,0,0,0,0,0,0,0,0,0,0,0,0,0,0,0,0,0,0,0,0,0,0,0,0
guava,google/common/collect/MutableClassToInstanceMap,MutableClassToInstanceMap,dataset/projects/guava/android/guava/src/com/google/common/collect/MutableClassToInstanceMap.java,,1,2,0,0,0,0,0,0,0,2,0,0,0,0,0,0,0,0,0,0,0,0,0,0,0,0,0,0,0,0,0,0,0,0,0
guava,google/common/collect/ObjectArrays,ObjectArrays,dataset/projects/guava/android/guava/src/com/google/common/collect/ObjectArrays.java,,1,2,0,0,0,0,0,0,0,2,0,0,0,0,0,0,0,0,0,0,0,0,0,0,0,0,0,0,0,0,0,0,0,0,0
guava,google/common/collect/ObjectCountHashMap,ObjectCountHashMap,dataset/projects/guava/android/guava/src/com/google/common/collect/ObjectCountHashMap.java,,1,1,0,0,0,0,0,0,0,1,0,0,0,0,0,0,0,0,0,0,0,0,0,0,0,0,0,0,0,0,0,0,0,0,0
guava,google/common/collect/ObjectCountLinkedHashMap,ObjectCountLinkedHashMap,dataset/projects/guava/android/guava/src/com/google/common/collect/ObjectCountLinkedHashMap.java,,1,1,0,0,0,0,0,0,0,1,0,0,0,0,0,0,0,0,0,0,0,0,0,0,0,0,0,0,0,0,0,0,0,0,0
guava,google/common/collect/Ordering,Ordering,dataset/projects/guava/android/guava/src/com/google/common/collect/Ordering.java,,1,4,0,0,2,0,0,0,0,2,0,0,0,0,0,0,0,0,0,0,0,0,0,0,0,0,0,0,0,0,0,0,0,0,0
guava,google/common/collect/Platform,Platform,dataset/projects/guava/android/guava/src/com/google/common/collect/Platform.java,,1,3,0,0,0,0,0,0,0,3,0,0,0,0,0,0,0,0,0,0,0,0,0,0,0,0,0,0,0,0,0,0,0,0,0
guava,google/common/collect/Queues,Queues,dataset/projects/guava/android/guava/src/com/google/common/collect/Queues.java,,1,4,0,0,2,0,0,0,0,2,0,0,0,0,0,0,0,0,0,0,0,0,0,0,0,0,0,0,0,0,0,0,0,0,0
guava,google/common/collect/Range,Range,dataset/projects/guava/android/guava/src/com/google/common/collect/Range.java,,1,6,0,0,2,2,0,0,0,2,0,0,0,0,0,0,0,0,0,0,0,0,0,0,0,0,0,0,0,0,0,0,0,0,0
guava,google/common/collect/RangeMap,RangeMap,dataset/projects/guava/android/guava/src/com/google/common/collect/RangeMap.java,,1,2,0,0,0,0,0,0,0,2,0,0,0,0,0,0,0,0,0,0,0,0,0,0,0,0,0,0,0,0,0,0,0,0,0
guava,google/common/collect/RangeSet,RangeSet,dataset/projects/guava/android/guava/src/com/google/common/collect/RangeSet.java,,1,2,0,0,0,0,0,0,0,2,0,0,0,0,0,0,0,0,0,0,0,0,0,0,0,0,0,0,0,0,0,0,0,0,0
guava,google/common/collect/RegularContiguousSet,RegularContiguousSet,dataset/projects/guava/android/guava/src/com/google/common/collect/RegularContiguousSet.java,,1,2,0,0,0,0,0,0,0,2,0,0,0,0,0,0,0,0,0,0,0,0,0,0,0,0,0,0,0,0,0,0,0,0,0
guava,google/common/collect/RegularImmutableBiMap,RegularImmutableBiMap,dataset/projects/guava/guava/src/com/google/common/collect/RegularImmutableBiMap.java,,1,1,0,0,1,0,0,0,0,0,0,0,0,0,0,0,0,0,0,0,0,0,0,0,0,0,0,0,0,0,0,0,0,0,0
guava,google/common/collect/RegularImmutableMap,RegularImmutableMap,dataset/projects/guava/android/guava/src/com/google/common/collect/RegularImmutableMap.java,,1,6,0,0,1,2,0,1,0,2,0,0,0,0,0,0,0,0,0,0,0,0,0,0,0,0,0,0,0,0,0,0,0,0,0
guava,google/common/collect/RegularImmutableSet,RegularImmutableSet,dataset/projects/guava/guava/src/com/google/common/collect/RegularImmutableSet.java,,1,1,0,0,0,0,0,0,0,1,0,0,0,0,0,0,0,0,0,0,0,0,0,0,0,0,0,0,0,0,0,0,0,0,0
guava,google/common/collect/RegularImmutableSortedSet,RegularImmutableSortedSet,dataset/projects/guava/android/guava/src/com/google/common/collect/RegularImmutableSortedSet.java,,1,6,0,0,0,4,0,0,0,2,0,0,0,0,0,0,0,0,0,0,0,0,0,0,0,0,0,0,0,0,0,0,0,0,0
guava,google/common/collect/RegularImmutableTable,RegularImmutableTable,dataset/projects/guava/android/guava/src/com/google/common/collect/RegularImmutableTable.java,,1,2,0,0,2,0,0,0,0,0,0,0,0,0,0,0,0,0,0,0,0,0,0,0,0,0,0,0,0,0,0,0,0,0,0
guava,google/common/collect/ReverseNaturalOrdering,ReverseNaturalOrdering,dataset/projects/guava/android/guava/src/com/google/common/collect/ReverseNaturalOrdering.java,,1,2,0,0,0,0,0,0,0,2,0,0,0,0,0,0,0,0,0,0,0,0,0,0,0,0,0,0,0,0,0,0,0,0,0
guava,google/common/collect/ReverseOrdering,ReverseOrdering,dataset/projects/guava/android/guava/src/com/google/common/collect/ReverseOrdering.java,,1,2,0,0,0,0,0,0,0,2,0,0,0,0,0,0,0,0,0,0,0,0,0,0,0,0,0,0,0,0,0,0,0,0,0
guava,google/common/collect/Serialization,Serialization,dataset/projects/guava/android/guava/src/com/google/common/collect/Serialization.java,,1,2,0,0,2,0,0,0,0,0,0,0,0,0,0,0,0,0,0,0,0,0,0,0,0,0,0,0,0,0,0,0,0,0,0
guava,google/common/collect/Sets,Sets,dataset/projects/guava/android/guava/src/com/google/common/collect/Sets.java,,1,16,0,0,2,2,0,2,0,10,0,0,0,0,0,0,0,0,0,0,0,0,0,0,0,0,0,0,0,0,0,0,0,0,0
guava,google/common/collect/SortedLists,SortedLists,dataset/projects/guava/android/guava/src/com/google/common/collect/SortedLists.java,,1,2,0,0,2,0,0,0,0,0,0,0,0,0,0,0,0,0,0,0,0,0,0,0,0,0,0,0,0,0,0,0,0,0,0
guava,google/common/collect/SortedMultiset,SortedMultiset,dataset/projects/guava/android/guava/src/com/google/common/collect/SortedMultiset.java,,1,2,0,0,0,0,0,0,0,2,0,0,0,0,0,0,0,0,0,0,0,0,0,0,0,0,0,0,0,0,0,0,0,0,0
guava,google/common/collect/SortedMultisets,SortedMultisets,dataset/projects/guava/android/guava/src/com/google/common/collect/SortedMultisets.java,,1,2,0,0,0,0,0,0,0,2,0,0,0,0,0,0,0,0,0,0,0,0,0,0,0,0,0,0,0,0,0,0,0,0,0
guava,google/common/collect/SparseImmutableTable,SparseImmutableTable,dataset/projects/guava/android/guava/src/com/google/common/collect/SparseImmutableTable.java,,1,2,0,0,2,0,0,0,0,0,0,0,0,0,0,0,0,0,0,0,0,0,0,0,0,0,0,0,0,0,0,0,0,0,0
guava,google/common/collect/StandardTable,StandardTable,dataset/projects/guava/android/guava/src/com/google/common/collect/StandardTable.java,,1,6,0,0,2,0,0,0,0,4,0,0,0,0,0,0,0,0,0,0,0,0,0,0,0,0,0,0,0,0,0,0,0,0,0
guava,google/common/collect/Streams,Streams,dataset/projects/guava/android/guava/src/com/google/common/collect/Streams.java,,1,8,0,0,2,2,0,2,0,2,0,0,0,0,0,0,0,0,0,0,0,0,0,0,0,0,0,0,0,0,0,0,0,0,0
guava,google/common/collect/Synchronized,Synchronized,dataset/projects/guava/android/guava/src/com/google/common/collect/Synchronized.java,,1,20,0,0,2,0,0,0,0,18,0,0,0,0,0,0,0,0,0,0,0,0,0,0,0,0,0,0,0,0,0,0,0,0,0
guava,google/common/collect/Table,Table,dataset/projects/guava/android/guava/src/com/google/common/collect/Table.java,,1,2,0,0,0,0,0,0,0,2,0,0,0,0,0,0,0,0,0,0,0,0,0,0,0,0,0,0,0,0,0,0,0,0,0
guava,google/common/collect/TableCollectors,TableCollectors,dataset/projects/guava/android/guava/src/com/google/common/collect/TableCollectors.java,,1,2,0,0,2,0,0,0,0,0,0,0,0,0,0,0,0,0,0,0,0,0,0,0,0,0,0,0,0,0,0,0,0,0,0
guava,google/common/collect/Tables,Tables,dataset/projects/guava/android/guava/src/com/google/common/collect/Tables.java,,1,10,0,0,2,0,0,0,0,8,0,0,0,0,0,0,0,0,0,0,0,0,0,0,0,0,0,0,0,0,0,0,0,0,0
guava,google/common/collect/TopKSelector,TopKSelector,dataset/projects/guava/android/guava/src/com/google/common/collect/TopKSelector.java,,1,2,0,0,0,0,0,0,0,2,0,0,0,0,0,0,0,0,0,0,0,0,0,0,0,0,0,0,0,0,0,0,0,0,0
guava,google/common/collect/TreeBasedTable,TreeBasedTable,dataset/projects/guava/android/guava/src/com/google/common/collect/TreeBasedTable.java,,1,2,0,0,0,0,0,0,0,2,0,0,0,0,0,0,0,0,0,0,0,0,0,0,0,0,0,0,0,0,0,0,0,0,0
guava,google/common/collect/TreeMultimap,TreeMultimap,dataset/projects/guava/android/guava/src/com/google/common/collect/TreeMultimap.java,,1,2,0,0,0,0,0,0,0,2,0,0,0,0,0,0,0,0,0,0,0,0,0,0,0,0,0,0,0,0,0,0,0,0,0
guava,google/common/collect/TreeMultiset,TreeMultiset,dataset/projects/guava/android/guava/src/com/google/common/collect/TreeMultiset.java,,1,16,0,0,1,9,0,2,0,4,0,0,0,0,0,0,0,0,0,0,0,0,0,0,0,0,0,0,0,0,0,0,0,0,0
guava,google/common/collect/TreeRangeMap,TreeRangeMap,dataset/projects/guava/android/guava/src/com/google/common/collect/TreeRangeMap.java,,1,8,0,0,2,2,0,0,0,4,0,0,0,0,0,0,0,0,0,0,0,0,0,0,0,0,0,0,0,0,0,0,0,0,0
guava,google/common/collect/TreeRangeSet,TreeRangeSet,dataset/projects/guava/android/guava/src/com/google/common/collect/TreeRangeSet.java,,1,6,0,0,2,2,0,0,0,2,0,0,0,0,0,0,0,0,0,0,0,0,0,0,0,0,0,0,0,0,0,0,0,0,0
guava,google/common/collect/UnmodifiableSortedMultiset,UnmodifiableSortedMultiset,dataset/projects/guava/android/guava/src/com/google/common/collect/UnmodifiableSortedMultiset.java,,1,3,0,0,0,0,0,0,0,3,0,0,0,0,0,0,0,0,0,0,0,0,0,0,0,0,0,0,0,0,0,0,0,0,0
guava,google/common/escape/UnicodeEscaper,UnicodeEscaper,dataset/projects/guava/android/guava/src/com/google/common/escape/UnicodeEscaper.java,,1,4,0,0,0,4,0,0,0,0,0,0,0,0,0,0,0,0,0,0,0,0,0,0,0,0,0,0,0,0,0,0,0,0,0
guava,google/common/graph/AbstractBaseGraph,AbstractBaseGraph,dataset/projects/guava/android/guava/src/com/google/common/graph/AbstractBaseGraph.java,,1,2,0,0,0,0,0,0,0,2,0,0,0,0,0,0,0,0,0,0,0,0,0,0,0,0,0,0,0,0,0,0,0,0,0
guava,google/common/graph/AbstractNetwork,AbstractNetwork,dataset/projects/guava/android/guava/src/com/google/common/graph/AbstractNetwork.java,,1,2,0,0,0,0,0,0,0,2,0,0,0,0,0,0,0,0,0,0,0,0,0,0,0,0,0,0,0,0,0,0,0,0,0
guava,google/common/graph/ArchetypeGraph,ArchetypeGraph,dataset/projects/guava/android/guava/src/com/google/common/graph/ArchetypeGraph.java,,1,2,0,0,0,0,0,0,0,2,0,0,0,0,0,0,0,0,0,0,0,0,0,0,0,0,0,0,0,0,0,0,0,0,0
guava,google/common/graph/DirectedGraphConnections,DirectedGraphConnections,dataset/projects/guava/android/guava/src/com/google/common/graph/DirectedGraphConnections.java,,1,4,0,0,2,0,0,0,0,2,0,0,0,0,0,0,0,0,0,0,0,0,0,0,0,0,0,0,0,0,0,0,0,0,0
guava,google/common/graph/DirectedMultiNetworkConnections,DirectedMultiNetworkConnections,dataset/projects/guava/android/guava/src/com/google/common/graph/DirectedMultiNetworkConnections.java,,1,2,0,0,0,0,0,0,0,2,0,0,0,0,0,0,0,0,0,0,0,0,0,0,0,0,0,0,0,0,0,0,0,0,0
guava,google/common/graph/ElementOrder,ElementOrder,dataset/projects/guava/android/guava/src/com/google/common/graph/ElementOrder.java,,1,2,0,0,0,0,0,0,0,2,0,0,0,0,0,0,0,0,0,0,0,0,0,0,0,0,0,0,0,0,0,0,0,0,0
guava,google/common/graph/EndpointPair,EndpointPair,dataset/projects/guava/android/guava/src/com/google/common/graph/EndpointPair.java,,1,2,0,0,0,0,0,0,0,2,0,0,0,0,0,0,0,0,0,0,0,0,0,0,0,0,0,0,0,0,0,0,0,0,0
guava,google/common/graph/ForwardingGraph,ForwardingGraph,dataset/projects/guava/android/guava/src/com/google/common/graph/ForwardingGraph.java,,1,2,0,0,0,0,0,0,0,2,0,0,0,0,0,0,0,0,0,0,0,0,0,0,0,0,0,0,0,0,0,0,0,0,0
guava,google/common/graph/ForwardingNetwork,ForwardingNetwork,dataset/projects/guava/android/guava/src/com/google/common/graph/ForwardingNetwork.java,,1,2,0,0,0,0,0,0,0,2,0,0,0,0,0,0,0,0,0,0,0,0,0,0,0,0,0,0,0,0,0,0,0,0,0
guava,google/common/graph/ForwardingValueGraph,ForwardingValueGraph,dataset/projects/guava/android/guava/src/com/google/common/graph/ForwardingValueGraph.java,,1,2,0,0,0,0,0,0,0,2,0,0,0,0,0,0,0,0,0,0,0,0,0,0,0,0,0,0,0,0,0,0,0,0,0
guava,google/common/graph/Graph,Graph,dataset/projects/guava/android/guava/src/com/google/common/graph/Graph.java,,1,2,0,0,0,0,0,0,0,2,0,0,0,0,0,0,0,0,0,0,0,0,0,0,0,0,0,0,0,0,0,0,0,0,0
guava,google/common/graph/GraphBuilder,GraphBuilder,dataset/projects/guava/android/guava/src/com/google/common/graph/GraphBuilder.java,,1,2,0,0,0,0,0,0,0,2,0,0,0,0,0,0,0,0,0,0,0,0,0,0,0,0,0,0,0,0,0,0,0,0,0
guava,google/common/graph/Graphs,Graphs,dataset/projects/guava/android/guava/src/com/google/common/graph/Graphs.java,,1,9,0,0,2,0,0,2,0,5,0,0,0,0,0,0,0,0,0,0,0,0,0,0,0,0,0,0,0,0,0,0,0,0,0
guava,google/common/graph/ImmutableNetwork,ImmutableNetwork,dataset/projects/guava/android/guava/src/com/google/common/graph/ImmutableNetwork.java,,1,2,0,0,2,0,0,0,0,0,0,0,0,0,0,0,0,0,0,0,0,0,0,0,0,0,0,0,0,0,0,0,0,0,0
guava,google/common/graph/Network,Network,dataset/projects/guava/android/guava/src/com/google/common/graph/Network.java,,1,2,0,0,0,0,0,0,0,2,0,0,0,0,0,0,0,0,0,0,0,0,0,0,0,0,0,0,0,0,0,0,0,0,0
guava,google/common/graph/NetworkBuilder,NetworkBuilder,dataset/projects/guava/android/guava/src/com/google/common/graph/NetworkBuilder.java,,1,2,0,0,0,0,0,0,0,2,0,0,0,0,0,0,0,0,0,0,0,0,0,0,0,0,0,0,0,0,0,0,0,0,0
guava,google/common/graph/NetworkConnections,NetworkConnections,dataset/projects/guava/android/guava/src/com/google/common/graph/NetworkConnections.java,,1,2,0,0,0,0,0,0,0,2,0,0,0,0,0,0,0,0,0,0,0,0,0,0,0,0,0,0,0,0,0,0,0,0,0
guava,google/common/graph/StandardNetwork,StandardNetwork,dataset/projects/guava/android/guava/src/com/google/common/graph/StandardNetwork.java,,1,2,0,0,0,0,0,0,0,2,0,0,0,0,0,0,0,0,0,0,0,0,0,0,0,0,0,0,0,0,0,0,0,0,0
guava,google/common/graph/StandardValueGraph,StandardValueGraph,dataset/projects/guava/android/guava/src/com/google/common/graph/StandardValueGraph.java,,1,2,0,0,0,0,0,0,0,2,0,0,0,0,0,0,0,0,0,0,0,0,0,0,0,0,0,0,0,0,0,0,0,0,0
guava,google/common/graph/Traverser,Traverser,dataset/projects/guava/android/guava/src/com/google/common/graph/Traverser.java,,1,2,0,0,2,0,0,0,0,0,0,0,0,0,0,0,0,0,0,0,0,0,0,0,0,0,0,0,0,0,0,0,0,0,0
guava,google/common/graph/UndirectedGraphConnections,UndirectedGraphConnections,dataset/projects/guava/android/guava/src/com/google/common/graph/UndirectedGraphConnections.java,,1,2,0,0,0,0,0,0,0,2,0,0,0,0,0,0,0,0,0,0,0,0,0,0,0,0,0,0,0,0,0,0,0,0,0
guava,google/common/graph/ValueGraph,ValueGraph,dataset/projects/guava/android/guava/src/com/google/common/graph/ValueGraph.java,,1,2,0,0,0,0,0,0,0,2,0,0,0,0,0,0,0,0,0,0,0,0,0,0,0,0,0,0,0,0,0,0,0,0,0
guava,google/common/graph/ValueGraphBuilder,ValueGraphBuilder,dataset/projects/guava/android/guava/src/com/google/common/graph/ValueGraphBuilder.java,,1,2,0,0,0,0,0,0,0,2,0,0,0,0,0,0,0,0,0,0,0,0,0,0,0,0,0,0,0,0,0,0,0,0,0
guava,google/common/hash/AbstractByteHasher,AbstractByteHasher,dataset/projects/guava/android/guava/src/com/google/common/hash/AbstractByteHasher.java,,1,2,0,0,0,0,0,0,0,2,0,0,0,0,0,0,0,0,0,0,0,0,0,0,0,0,0,0,0,0,0,0,0,0,0
guava,google/common/hash/AbstractHasher,AbstractHasher,dataset/projects/guava/android/guava/src/com/google/common/hash/AbstractHasher.java,,1,2,0,0,0,0,0,0,0,2,0,0,0,0,0,0,0,0,0,0,0,0,0,0,0,0,0,0,0,0,0,0,0,0,0
guava,google/common/hash/AbstractStreamingHasher,AbstractStreamingHasher,dataset/projects/guava/android/guava/src/com/google/common/hash/AbstractStreamingHasher.java,,1,2,0,0,0,0,0,0,0,2,0,0,0,0,0,0,0,0,0,0,0,0,0,0,0,0,0,0,0,0,0,0,0,0,0
guava,google/common/hash/BloomFilter,BloomFilter,dataset/projects/guava/android/guava/src/com/google/common/hash/BloomFilter.java,,1,2,0,0,0,0,0,0,0,2,0,0,0,0,0,0,0,0,0,0,0,0,0,0,0,0,0,0,0,0,0,0,0,0,0
guava,google/common/hash/FarmHashFingerprint64,FarmHashFingerprint64,dataset/projects/guava/android/guava/src/com/google/common/hash/FarmHashFingerprint64.java,,1,2,0,0,0,0,0,0,0,2,0,0,0,0,0,0,0,0,0,0,0,0,0,0,0,0,0,0,0,0,0,0,0,0,0
guava,google/common/hash/HashCode,HashCode,dataset/projects/guava/android/guava/src/com/google/common/hash/HashCode.java,,1,2,0,0,0,0,0,0,0,2,0,0,0,0,0,0,0,0,0,0,0,0,0,0,0,0,0,0,0,0,0,0,0,0,0
guava,google/common/hash/HashFunction,HashFunction,dataset/projects/guava/android/guava/src/com/google/common/hash/HashFunction.java,,1,2,0,0,0,0,0,0,0,2,0,0,0,0,0,0,0,0,0,0,0,0,0,0,0,0,0,0,0,0,0,0,0,0,0
guava,google/common/hash/Hasher,Hasher,dataset/projects/guava/android/guava/src/com/google/common/hash/Hasher.java,,1,2,0,0,0,0,0,0,0,2,0,0,0,0,0,0,0,0,0,0,0,0,0,0,0,0,0,0,0,0,0,0,0,0,0
guava,google/common/hash/Hashing,Hashing,dataset/projects/guava/android/guava/src/com/google/common/hash/Hashing.java,,1,4,0,0,0,0,0,2,0,2,0,0,0,0,0,0,0,0,0,0,0,0,0,0,0,0,0,0,0,0,0,0,0,0,0
guava,google/common/hash/LongAdder,LongAdder,dataset/projects/guava/android/guava/src/com/google/common/hash/LongAdder.java,,1,1,0,0,0,0,0,0,0,1,0,0,0,0,0,0,0,0,0,0,0,0,0,0,0,0,0,0,0,0,0,0,0,0,0
guava,google/common/hash/Murmur3_128HashFunction,Murmur3_128HashFunction,dataset/projects/guava/android/guava/src/com/google/common/hash/Murmur3_128HashFunction.java,,1,2,0,0,0,2,0,0,0,0,0,0,0,0,0,0,0,0,0,0,0,0,0,0,0,0,0,0,0,0,0,0,0,0,0
guava,google/common/hash/Murmur3_32HashFunction,Murmur3_32HashFunction,dataset/projects/guava/android/guava/src/com/google/common/hash/Murmur3_32HashFunction.java,,1,6,0,0,0,4,0,0,0,2,0,0,0,0,0,0,0,0,0,0,0,0,0,0,0,0,0,0,0,0,0,0,0,0,0
guava,google/common/hash/PrimitiveSink,PrimitiveSink,dataset/projects/guava/android/guava/src/com/google/common/hash/PrimitiveSink.java,,1,2,0,0,0,0,0,0,0,2,0,0,0,0,0,0,0,0,0,0,0,0,0,0,0,0,0,0,0,0,0,0,0,0,0
guava,google/common/hash/Striped64,Striped64,dataset/projects/guava/android/guava/src/com/google/common/hash/Striped64.java,,1,1,0,0,0,1,0,0,0,0,0,0,0,0,0,0,0,0,0,0,0,0,0,0,0,0,0,0,0,0,0,0,0,0,0
guava,google/common/io/BaseEncoding,BaseEncoding,dataset/projects/guava/android/guava/src/com/google/common/io/BaseEncoding.java,,1,10,0,0,0,2,0,0,0,8,0,0,0,0,0,0,0,0,0,0,0,0,0,0,0,0,0,0,0,0,0,0,0,0,0
guava,google/common/io/ByteArrayDataInput,ByteArrayDataInput,dataset/projects/guava/android/guava/src/com/google/common/io/ByteArrayDataInput.java,,1,2,0,0,0,0,0,0,0,2,0,0,0,0,0,0,0,0,0,0,0,0,0,0,0,0,0,0,0,0,0,0,0,0,0
guava,google/common/io/ByteArrayDataOutput,ByteArrayDataOutput,dataset/projects/guava/android/guava/src/com/google/common/io/ByteArrayDataOutput.java,,1,2,0,0,0,0,0,0,0,2,0,0,0,0,0,0,0,0,0,0,0,0,0,0,0,0,0,0,0,0,0,0,0,0,0
guava,google/common/io/ByteSource,ByteSource,dataset/projects/guava/android/guava/src/com/google/common/io/ByteSource.java,,1,2,0,0,0,0,0,0,0,2,0,0,0,0,0,0,0,0,0,0,0,0,0,0,0,0,0,0,0,0,0,0,0,0,0
guava,google/common/io/ByteStreams,ByteStreams,dataset/projects/guava/android/guava/src/com/google/common/io/ByteStreams.java,,1,8,0,0,0,0,0,2,0,6,0,0,0,0,0,0,0,0,0,0,0,0,0,0,0,0,0,0,0,0,0,0,0,0,0
guava,google/common/io/CharSequenceReader,CharSequenceReader,dataset/projects/guava/android/guava/src/com/google/common/io/CharSequenceReader.java,,1,2,0,0,0,0,0,0,0,2,0,0,0,0,0,0,0,0,0,0,0,0,0,0,0,0,0,0,0,0,0,0,0,0,0
guava,google/common/io/CharSource,CharSource,dataset/projects/guava/android/guava/src/com/google/common/io/CharSource.java,,1,6,0,0,2,0,0,2,0,2,0,0,0,0,0,0,0,0,0,0,0,0,0,0,0,0,0,0,0,0,0,0,0,0,0
guava,google/common/io/CharStreams,CharStreams,dataset/projects/guava/android/guava/src/com/google/common/io/CharStreams.java,,1,4,0,0,0,0,0,0,0,4,0,0,0,0,0,0,0,0,0,0,0,0,0,0,0,0,0,0,0,0,0,0,0,0,0
guava,google/common/io/Files,Files,dataset/projects/guava/android/guava/src/com/google/common/io/Files.java,,1,8,0,0,2,2,0,2,0,2,0,0,0,0,0,0,0,0,0,0,0,0,0,0,0,0,0,0,0,0,0,0,0,0,0
guava,google/common/io/LittleEndianDataInputStream,LittleEndianDataInputStream,dataset/projects/guava/android/guava/src/com/google/common/io/LittleEndianDataInputStream.java,,1,2,0,0,0,0,0,0,0,2,0,0,0,0,0,0,0,0,0,0,0,0,0,0,0,0,0,0,0,0,0,0,0,0,0
guava,google/common/io/LittleEndianDataOutputStream,LittleEndianDataOutputStream,dataset/projects/guava/android/guava/src/com/google/common/io/LittleEndianDataOutputStream.java,,1,2,0,0,0,0,0,0,0,2,0,0,0,0,0,0,0,0,0,0,0,0,0,0,0,0,0,0,0,0,0,0,0,0,0
guava,google/common/io/MoreFiles,MoreFiles,dataset/projects/guava/android/guava/src/com/google/common/io/MoreFiles.java,,1,8,0,0,2,2,0,2,0,2,0,0,0,0,0,0,0,0,0,0,0,0,0,0,0,0,0,0,0,0,0,0,0,0,0
guava,google/common/io/ReaderInputStream,ReaderInputStream,dataset/projects/guava/android/guava/src/com/google/common/io/ReaderInputStream.java,,1,2,0,0,0,2,0,0,0,0,0,0,0,0,0,0,0,0,0,0,0,0,0,0,0,0,0,0,0,0,0,0,0,0,0
guava,google/common/math/ApacheBenchmark,ApacheBenchmark,dataset/projects/guava/android/guava-tests/benchmark/com/google/common/math/ApacheBenchmark.java,,1,2,0,0,0,2,0,0,0,0,0,0,0,0,0,0,0,0,0,0,0,0,0,0,0,0,0,0,0,0,0,0,0,0,0
guava,google/common/math/BigIntegerMath,BigIntegerMath,dataset/projects/guava/android/guava/src/com/google/common/math/BigIntegerMath.java,,1,10,0,0,0,6,0,2,0,2,0,0,0,0,0,0,0,0,0,0,0,0,0,0,0,0,0,0,0,0,0,0,0,0,0
guava,google/common/math/DoubleMath,DoubleMath,dataset/projects/guava/android/guava/src/com/google/common/math/DoubleMath.java,,1,8,0,0,0,4,0,2,0,2,0,0,0,0,0,0,0,0,0,0,0,0,0,0,0,0,0,0,0,0,0,0,0,0,0
guava,google/common/math/IntMath,IntMath,dataset/projects/guava/android/guava/src/com/google/common/math/IntMath.java,,1,18,0,0,0,16,0,0,0,2,0,0,0,0,0,0,0,0,0,0,0,0,0,0,0,0,0,0,0,0,0,0,0,0,0
guava,google/common/math/LongMath,LongMath,dataset/projects/guava/android/guava/src/com/google/common/math/LongMath.java,,1,24,0,0,0,22,0,0,0,2,0,0,0,0,0,0,0,0,0,0,0,0,0,0,0,0,0,0,0,0,0,0,0,0,0
guava,google/common/math/MathPreconditions,MathPreconditions,dataset/projects/guava/android/guava/src/com/google/common/math/MathPreconditions.java,,1,2,0,0,0,0,0,0,0,2,0,0,0,0,0,0,0,0,0,0,0,0,0,0,0,0,0,0,0,0,0,0,0,0,0
guava,google/common/math/PairedStats,PairedStats,dataset/projects/guava/android/guava/src/com/google/common/math/PairedStats.java,,1,2,0,0,0,0,0,0,0,2,0,0,0,0,0,0,0,0,0,0,0,0,0,0,0,0,0,0,0,0,0,0,0,0,0
guava,google/common/math/PairedStatsAccumulator,PairedStatsAccumulator,dataset/projects/guava/android/guava/src/com/google/common/math/PairedStatsAccumulator.java,,1,2,0,0,0,0,0,0,0,2,0,0,0,0,0,0,0,0,0,0,0,0,0,0,0,0,0,0,0,0,0,0,0,0,0
guava,google/common/math/Quantiles,Quantiles,dataset/projects/guava/android/guava/src/com/google/common/math/Quantiles.java,,1,2,0,0,0,0,0,0,0,2,0,0,0,0,0,0,0,0,0,0,0,0,0,0,0,0,0,0,0,0,0,0,0,0,0
guava,google/common/math/Stats,Stats,dataset/projects/guava/android/guava/src/com/google/common/math/Stats.java,,1,4,0,0,0,0,0,2,0,2,0,0,0,0,0,0,0,0,0,0,0,0,0,0,0,0,0,0,0,0,0,0,0,0,0
guava,google/common/math/StatsAccumulator,StatsAccumulator,dataset/projects/guava/android/guava/src/com/google/common/math/StatsAccumulator.java,,1,2,0,0,0,0,0,0,0,2,0,0,0,0,0,0,0,0,0,0,0,0,0,0,0,0,0,0,0,0,0,0,0,0,0
guava,google/common/math/ToDoubleRounder,ToDoubleRounder,dataset/projects/guava/android/guava/src/com/google/common/math/ToDoubleRounder.java,,1,2,0,0,0,2,0,0,0,0,0,0,0,0,0,0,0,0,0,0,0,0,0,0,0,0,0,0,0,0,0,0,0,0,0
guava,google/common/net/HostAndPort,HostAndPort,dataset/projects/guava/android/guava/src/com/google/common/net/HostAndPort.java,,1,2,0,0,0,0,0,0,0,2,0,0,0,0,0,0,0,0,0,0,0,0,0,0,0,0,0,0,0,0,0,0,0,0,0
guava,google/common/net/InetAddresses,InetAddresses,dataset/projects/guava/android/guava/src/com/google/common/net/InetAddresses.java,,1,14,0,0,0,10,0,2,0,2,0,0,0,0,0,0,0,0,0,0,0,0,0,0,0,0,0,0,0,0,0,0,0,0,0
guava,google/common/net/InternetDomainName,InternetDomainName,dataset/projects/guava/android/guava/src/com/google/common/net/InternetDomainName.java,,1,2,0,0,0,0,0,0,0,2,0,0,0,0,0,0,0,0,0,0,0,0,0,0,0,0,0,0,0,0,0,0,0,0,0
guava,google/common/net/MediaType,MediaType,dataset/projects/guava/android/guava/src/com/google/common/net/MediaType.java,,1,4,0,0,0,0,0,2,0,2,0,0,0,0,0,0,0,0,0,0,0,0,0,0,0,0,0,0,0,0,0,0,0,0,0
guava,google/common/net/PercentEscaper,PercentEscaper,dataset/projects/guava/android/guava/src/com/google/common/net/PercentEscaper.java,,1,2,0,0,0,2,0,0,0,0,0,0,0,0,0,0,0,0,0,0,0,0,0,0,0,0,0,0,0,0,0,0,0,0,0
guava,google/common/primitives/Booleans,Booleans,dataset/projects/guava/android/guava/src/com/google/common/primitives/Booleans.java,,1,6,0,0,0,0,0,2,0,4,0,0,0,0,0,0,0,0,0,0,0,0,0,0,0,0,0,0,0,0,0,0,0,0,0
guava,google/common/primitives/Bytes,Bytes,dataset/projects/guava/android/guava/src/com/google/common/primitives/Bytes.java,,1,4,0,0,0,0,0,0,0,4,0,0,0,0,0,0,0,0,0,0,0,0,0,0,0,0,0,0,0,0,0,0,0,0,0
guava,google/common/primitives/Chars,Chars,dataset/projects/guava/android/guava/src/com/google/common/primitives/Chars.java,,1,6,0,0,0,0,0,2,0,4,0,0,0,0,0,0,0,0,0,0,0,0,0,0,0,0,0,0,0,0,0,0,0,0,0
guava,google/common/primitives/Doubles,Doubles,dataset/projects/guava/android/guava/src/com/google/common/primitives/Doubles.java,,1,6,0,0,0,0,0,2,0,4,0,0,0,0,0,0,0,0,0,0,0,0,0,0,0,0,0,0,0,0,0,0,0,0,0
guava,google/common/primitives/Floats,Floats,dataset/projects/guava/android/guava/src/com/google/common/primitives/Floats.java,,1,6,0,0,0,0,0,2,0,4,0,0,0,0,0,0,0,0,0,0,0,0,0,0,0,0,0,0,0,0,0,0,0,0,0
guava,google/common/primitives/ImmutableDoubleArray,ImmutableDoubleArray,dataset/projects/guava/android/guava/src/com/google/common/primitives/ImmutableDoubleArray.java,,1,4,0,0,0,0,0,2,0,2,0,0,0,0,0,0,0,0,0,0,0,0,0,0,0,0,0,0,0,0,0,0,0,0,0
guava,google/common/primitives/ImmutableIntArray,ImmutableIntArray,dataset/projects/guava/android/guava/src/com/google/common/primitives/ImmutableIntArray.java,,1,4,0,0,0,0,0,2,0,2,0,0,0,0,0,0,0,0,0,0,0,0,0,0,0,0,0,0,0,0,0,0,0,0,0
guava,google/common/primitives/ImmutableLongArray,ImmutableLongArray,dataset/projects/guava/android/guava/src/com/google/common/primitives/ImmutableLongArray.java,,1,4,0,0,0,0,0,2,0,2,0,0,0,0,0,0,0,0,0,0,0,0,0,0,0,0,0,0,0,0,0,0,0,0,0
guava,google/common/primitives/Ints,Ints,dataset/projects/guava/android/guava/src/com/google/common/primitives/Ints.java,,1,6,0,0,0,0,0,2,0,4,0,0,0,0,0,0,0,0,0,0,0,0,0,0,0,0,0,0,0,0,0,0,0,0,0
guava,google/common/primitives/Longs,Longs,dataset/projects/guava/android/guava/src/com/google/common/primitives/Longs.java,,1,8,0,0,0,2,0,2,0,4,0,0,0,0,0,0,0,0,0,0,0,0,0,0,0,0,0,0,0,0,0,0,0,0,0
guava,google/common/primitives/Shorts,Shorts,dataset/projects/guava/android/guava/src/com/google/common/primitives/Shorts.java,,1,6,0,0,0,0,0,2,0,4,0,0,0,0,0,0,0,0,0,0,0,0,0,0,0,0,0,0,0,0,0,0,0,0,0
guava,google/common/primitives/UnsignedBytes,UnsignedBytes,dataset/projects/guava/android/guava/src/com/google/common/primitives/UnsignedBytes.java,,1,2,0,0,0,0,0,0,0,2,0,0,0,0,0,0,0,0,0,0,0,0,0,0,0,0,0,0,0,0,0,0,0,0,0
guava,google/common/primitives/UnsignedInteger,UnsignedInteger,dataset/projects/guava/android/guava/src/com/google/common/primitives/UnsignedInteger.java,,1,2,0,0,0,0,0,0,0,2,0,0,0,0,0,0,0,0,0,0,0,0,0,0,0,0,0,0,0,0,0,0,0,0,0
guava,google/common/primitives/UnsignedInts,UnsignedInts,dataset/projects/guava/android/guava/src/com/google/common/primitives/UnsignedInts.java,,1,2,0,0,0,0,0,0,0,2,0,0,0,0,0,0,0,0,0,0,0,0,0,0,0,0,0,0,0,0,0,0,0,0,0
guava,google/common/primitives/UnsignedLong,UnsignedLong,dataset/projects/guava/android/guava/src/com/google/common/primitives/UnsignedLong.java,,1,2,0,0,0,0,0,0,0,2,0,0,0,0,0,0,0,0,0,0,0,0,0,0,0,0,0,0,0,0,0,0,0,0,0
guava,google/common/primitives/UnsignedLongs,UnsignedLongs,dataset/projects/guava/android/guava/src/com/google/common/primitives/UnsignedLongs.java,,1,6,0,0,0,2,0,2,0,2,0,0,0,0,0,0,0,0,0,0,0,0,0,0,0,0,0,0,0,0,0,0,0,0,0
guava,google/common/reflect/AbstractInvocationHandler,AbstractInvocationHandler,dataset/projects/guava/android/guava/src/com/google/common/reflect/AbstractInvocationHandler.java,,1,2,0,0,0,2,0,0,0,0,0,0,0,0,0,0,0,0,0,0,0,0,0,0,0,0,0,0,0,0,0,0,0,0,0
guava,google/common/reflect/ClassPath,ClassPath,dataset/projects/guava/android/guava/src/com/google/common/reflect/ClassPath.java,,1,4,0,0,2,0,0,0,0,2,0,0,0,0,0,0,0,0,0,0,0,0,0,0,0,0,0,0,0,0,0,0,0,0,0
guava,google/common/reflect/Invokable,Invokable,dataset/projects/guava/android/guava/src/com/google/common/reflect/Invokable.java,,1,6,0,0,2,0,0,2,0,2,0,0,0,0,0,0,0,0,0,0,0,0,0,0,0,0,0,0,0,0,0,0,0,0,0
guava,google/common/reflect/TypeResolver,TypeResolver,dataset/projects/guava/android/guava/src/com/google/common/reflect/TypeResolver.java,,1,2,0,0,0,0,0,0,0,2,0,0,0,0,0,0,0,0,0,0,0,0,0,0,0,0,0,0,0,0,0,0,0,0,0
guava,google/common/reflect/TypeToken,TypeToken,dataset/projects/guava/android/guava/src/com/google/common/reflect/TypeToken.java,,1,8,0,0,2,2,0,2,0,2,0,0,0,0,0,0,0,0,0,0,0,0,0,0,0,0,0,0,0,0,0,0,0,0,0
guava,google/common/reflect/TypeVisitor,TypeVisitor,dataset/projects/guava/android/guava/src/com/google/common/reflect/TypeVisitor.java,,1,2,0,0,0,2,0,0,0,0,0,0,0,0,0,0,0,0,0,0,0,0,0,0,0,0,0,0,0,0,0,0,0,0,0
guava,google/common/reflect/Types,Types,dataset/projects/guava/android/guava/src/com/google/common/reflect/Types.java,,1,6,0,0,2,2,0,0,0,2,0,0,0,0,0,0,0,0,0,0,0,0,0,0,0,0,0,0,0,0,0,0,0,0,0
guava,google/common/testing/AbstractPackageSanity,AbstractPackageSanity,,C:/Users/ismak/Documents/GitHub/relation_test_code_smell_ML/dataset/projects/guava/android/guava-testlib/src/com/google/common/testing/AbstractPackageSanityTests.java,0,0,1,6,0,0,0,0,0,0,1,1,1,0,0,1,0,0,0,1,0,0,0,0,0,0,0,0,0,0,1,0,0,0,0
guava,google/common/testing/ArbitraryInstances,ArbitraryInstances,dataset/projects/guava/android/guava-testlib/src/com/google/common/testing/ArbitraryInstances.java,,1,4,0,0,0,4,0,0,0,0,0,0,0,0,0,0,0,0,0,0,0,0,0,0,0,0,0,0,0,0,0,0,0,0,0
guava,google/common/testing/ClassSanityTester,ClassSanityTester,dataset/projects/guava/android/guava-testlib/src/com/google/common/testing/ClassSanityTester.java,,1,10,0,0,2,4,0,2,0,2,0,0,0,0,0,0,0,0,0,0,0,0,0,0,0,0,0,0,0,0,0,0,0,0,0
guava,google/common/testing/CollectorTester,CollectorTester,dataset/projects/guava/android/guava-testlib/src/com/google/common/testing/CollectorTester.java,,1,2,0,0,2,0,0,0,0,0,0,0,0,0,0,0,0,0,0,0,0,0,0,0,0,0,0,0,0,0,0,0,0,0,0
guava,google/common/testing/ForwardingWrapperTester,ForwardingWrapperTester,dataset/projects/guava/android/guava-testlib/src/com/google/common/testing/ForwardingWrapperTester.java,,1,2,0,0,0,2,0,0,0,0,0,0,0,0,0,0,0,0,0,0,0,0,0,0,0,0,0,0,0,0,0,0,0,0,0
guava,google/common/testing/FreshValueGenerator,FreshValueGenerator,dataset/projects/guava/android/guava-testlib/src/com/google/common/testing/FreshValueGenerator.java,,1,10,0,0,2,4,0,2,0,2,0,0,0,0,0,0,0,0,0,0,0,0,0,0,0,0,0,0,0,0,0,0,0,0,0
guava,google/common/testing/LogHandler,LogHandler,,C:/Users/ismak/Documents/GitHub/relation_test_code_smell_ML/dataset/projects/guava/android/guava-testlib/src/com/google/common/testing/TestLogHandler.java,0,0,1,3,0,0,0,0,0,0,1,1,1,0,0,0,0,0,0,0,0,0,0,0,0,0,0,0,0,0,0,0,0,0,0
guava,google/common/testing/NullPointerTester,NullPointerTester,dataset/projects/guava/android/guava-testlib/src/com/google/common/testing/NullPointerTester.java,,1,6,0,0,2,0,0,2,0,2,0,0,0,0,0,0,0,0,0,0,0,0,0,0,0,0,0,0,0,0,0,0,0,0,0
guava,util/concurrent/testing/AbstractListenableFuture,AbstractListenableFuture,,C:/Users/ismak/Documents/GitHub/relation_test_code_smell_ML/dataset/projects/guava/android/guava-testlib/src/com/google/common/util/concurrent/testing/AbstractListenableFutureTest.java,0,0,1,7,0,0,0,0,0,0,1,1,1,0,1,1,0,0,0,1,0,0,0,0,0,0,0,0,0,1,0,0,0,0,0
guava,util/concurrent/testing/SameThreadScheduledExecutorService,SameThreadScheduledExecutorService,dataset/projects/guava/android/guava-testlib/src/com/google/common/util/concurrent/testing/SameThreadScheduledExecutorService.java,,1,4,0,0,2,0,0,0,0,2,0,0,0,0,0,0,0,0,0,0,0,0,0,0,0,0,0,0,0,0,0,0,0,0,0
guava,util/concurrent/testing/ingExecutors,ingExecutors,,C:/Users/ismak/Documents/GitHub/relation_test_code_smell_ML/dataset/projects/guava/android/guava-testlib/src/com/google/common/util/concurrent/testing/TestingExecutors.java,0,0,1,4,0,0,0,0,0,0,1,1,1,0,0,0,1,0,0,0,0,0,0,0,0,0,0,0,0,0,0,0,0,0,0
